citing;cited;matched
Beyer2021_TeachingIn;Civil1980_Leslimites;False
Beyer2021_TeachingIn;Civil1985_Surleslivr;False
Beyer2021_TeachingIn;George0000_InSearchOf;True
Beyer2021_TeachingIn;Cohen2011_TeacherStu;False
Beyer2021_TeachingIn;Davis2007_ThePractic;False
Beyer2021_TeachingIn;Donbaz1985_MoreOldAss;False
Beyer2021_TeachingIn;George0000_InSearchOf;True
Beyer2021_TeachingIn;Hecker1993_Schultexte;False
Beyer2021_TeachingIn;Huber1999_Handwritin;False
Beyer2021_TeachingIn;Koppenhaver2007_ForensicDo;False
Beyer2021_TeachingIn;Kramer1949_Schooldays;True
Beyer2021_TeachingIn;Larsen1976_TheOldAssy;False
Beyer2021_TeachingIn;Michel1998_Lesmarchan;False
Beyer2021_TeachingIn;Michel2008_Ecrireetco;False
Beyer2021_TeachingIn;Michel2020_Makingclay;False
Beyer2021_TeachingIn;Michel0_WeighingUn;False
Beyer2021_TeachingIn;Proust2007_Tablettesm;False
Beyer2021_TeachingIn;Robson2001_TheTabletH;False
Beyer2021_TeachingIn;Sjoberg1976_TheOldBaby;False
Beyer2021_TeachingIn;Stone1987_NippurNeig;False
Beyer2021_TeachingIn;Tinney1998_TextsTable;False
Beyer2021_TeachingIn;Tinney1999_OntheCurri;False
Beyer2021_TeachingIn;Vanstiphout1997_SumerianCa;False
Beyer2021_TeachingIn;Veenhof2017_KultepeTab;False
Beyer2021_TeachingIn;Veldhuis1997_Elementary;False
Beyer2021_TeachingIn;Veldhuis2004_ReligionLi;False
Beyer2021_TeachingIn;Volk2000_Edubbaaund;False
Beyer2021_TeachingIn;Waetzold2009_Schule;False
Cammarosano2014_TheCuneifo;Albenda1986_ThePalaceo;False
Cammarosano2014_TheCuneifo;Alster1997_Proverbsof;False
Cammarosano2014_TheCuneifo;Barnett1939_ACylinderS;False
Cammarosano2014_TheCuneifo;Barnett1998_Sculptures;False
Cammarosano2014_TheCuneifo;Bittel1973_Anatolica;False
Cammarosano2014_TheCuneifo;Bleibtreu1980_DieFlorade;False
Cammarosano2014_TheCuneifo;Boehmer1972_DieKleinfu;False
Cammarosano2014_TheCuneifo;Boehmer1979_DieKleinfu;False
Cammarosano2014_TheCuneifo;Borker-Klahn1982_Altvordera;False
Cammarosano2014_TheCuneifo;Buchanan1966_Catalogueo;False
Cammarosano2014_TheCuneifo;Buccellati2000_TheRoyalPa;False
Cammarosano2014_TheCuneifo;Cammarosano2013_HittiteCul;False
Cammarosano2014_TheCuneifo;Clay1906_Documentsf;False
Cammarosano2014_TheCuneifo;Clevering1999_TaxonomyCh;False
Cammarosano2014_TheCuneifo;Collon2001_Catalogueo;False
Cammarosano2014_TheCuneifo;Deimel1922_DieBedeutu;False
Cammarosano2014_TheCuneifo;Delaporte1909_Lescylindr;False
Cammarosano2014_TheCuneifo;Dogan2010_TheKirsehi;False
Cammarosano2014_TheCuneifo;Unknown2013_HititlerBi;False
Cammarosano2014_TheCuneifo;Driver1976_SemiticWri;False
Cammarosano2014_TheCuneifo;Ellison2002_APaleograp;False
Cammarosano2014_TheCuneifo;Falkenstein1936_Archaische;False
Cammarosano2014_TheCuneifo;Farber-Flugge1973_DerMythosI;False
Cammarosano2014_TheCuneifo;Fisseler2014_TowardsanI;False
Cammarosano2014_TheCuneifo;Franke2011_Personlich;False
Cammarosano2014_TheCuneifo;Gasche1989_LaBabyloni;False
Cammarosano2014_TheCuneifo;George2006_Babylonian;False
Cammarosano2014_TheCuneifo;Gumbert2002_ThePenandI;False
Cammarosano2014_TheCuneifo;Hardion2012_RevisedSys;False
Cammarosano2014_TheCuneifo;Hepper1992_Notesonthe;False
Cammarosano2014_TheCuneifo;Herles2006_ZurDarstel;False
Cammarosano2014_TheCuneifo;Hoffner2009_Lettersfro;False
Cammarosano2014_TheCuneifo;Howard1955_TechnicalD;False
Cammarosano2014_TheCuneifo;Unknown1991_DeralteOri;False
Cammarosano2014_TheCuneifo;Jendritzki1997_ZurRestaur;False
Cammarosano2014_TheCuneifo;Jendritzki2003_FurForschu;False
Cammarosano2014_TheCuneifo;Keel1990_Laglyptiqu;False
Cammarosano2014_TheCuneifo;Klengel-Brandt1975_EineSchrei;False
Cammarosano2014_TheCuneifo;Kosay1966_AlacaHoyuk;False
Cammarosano2014_TheCuneifo;Langdon1924_Excavation;False
Cammarosano2014_TheCuneifo;Landsberger1967_TheDatePal;False
Cammarosano2014_TheCuneifo;Levine1973_TwoNeoAssy;False
Cammarosano2014_TheCuneifo;Livingstone2007_Ashurbanip;False
Cammarosano2014_TheCuneifo;Loud1938_KhorsabadP;False
Cammarosano2014_TheCuneifo;Macginnis2002_TheUseOfWr;True
Cammarosano2014_TheCuneifo;Madhloom1970_TheChronol;False
Cammarosano2014_TheCuneifo;Mallowan1954_TheExcavat;False
Cammarosano2014_TheCuneifo;Marazzi1994_Maglihitti;False
Cammarosano2014_TheCuneifo;Marzahn2003_DieKeilsch;False
Cammarosano2014_TheCuneifo;Meier1939_Einakkadis;False
Cammarosano2014_TheCuneifo;Meijer2004_AScribalQu;False
Cammarosano2014_TheCuneifo;Messerschmidt1906_ZurTechnik;False
Cammarosano2014_TheCuneifo;George0000_InSearchOf;True
Cammarosano2014_TheCuneifo;Novotny2008_AftertheFa;False
Cammarosano2014_TheCuneifo;Oates1968_TheExcavat;False
Cammarosano2014_TheCuneifo;Ochsenschlager1992_Ethnograph;False
Cammarosano2014_TheCuneifo;Opitz1930_Studienzur;False
Cammarosano2014_TheCuneifo;Parkes2008_TheirHands;False
Cammarosano2014_TheCuneifo;Payne2005_Uberlegung;False
Cammarosano2014_TheCuneifo;Pecorella1980_Diecisigil;False
Cammarosano2014_TheCuneifo;Perdue1958_Arundodona;False
Cammarosano2014_TheCuneifo;Pilu2012_GiantReedA;False
Cammarosano2014_TheCuneifo;Veldhuis2013_PurityAndA;True
Cammarosano2014_TheCuneifo;Postgate1980_PalmtreesR;False
Cammarosano2014_TheCuneifo;Postgate1986_MiddleAssy;False
Cammarosano2014_TheCuneifo;Postgate1987_BM118796;False
Cammarosano2014_TheCuneifo;Powell1981_ThreeProbl;False
Cammarosano2014_TheCuneifo;Veldhuis2013_PurityAndA;True
Cammarosano2014_TheCuneifo;Powell2007_Assurbanip;False
Cammarosano2014_TheCuneifo;Reade1986_Archaeolog;False
Cammarosano2014_TheCuneifo;Reade2012_VisualEvid;False
Cammarosano2014_TheCuneifo;Ryu1991_Functional;False
Cammarosano2014_TheCuneifo;Saggs1981_TheReedSty;False
Cammarosano2014_TheCuneifo;Salim1962_MarshDwell;False
Cammarosano2014_TheCuneifo;Sallaberger1989_ZumSchilfr;False
Cammarosano2014_TheCuneifo;Nicolo1948_HabendieBa;False
Cammarosano2014_TheCuneifo;Schachner2013_DieArbeite;False
Cammarosano2014_TheCuneifo;Schaeffer1951_Reprisedes;False
Cammarosano2014_TheCuneifo;Unknown1955_LePalaisro;False
Cammarosano2014_TheCuneifo;Schwemer1998_Akkadische;False
Cammarosano2014_TheCuneifo;Seidl1989_Diebabylon;False
Cammarosano2014_TheCuneifo;Sirat1987_Lamorpholo;False
Cammarosano2014_TheCuneifo;Stol1998_Einigekurz;False
Cammarosano2014_TheCuneifo;Streck2009_Schilf;False
Cammarosano2014_TheCuneifo;Symington1991_LateBronze;False
Cammarosano2014_TheCuneifo;Taylor2011_TabletsasA;False
Cammarosano2014_TheCuneifo;George2005_PerAsperaA;True
Cammarosano2014_TheCuneifo;Torri2012_HidingWord;False
Cammarosano2014_TheCuneifo;Townsend1968_FloraofIra;False
Cammarosano2014_TheCuneifo;Unger1916_Reliefstel;False
Cammarosano2014_TheCuneifo;Unger1917_DieStelede;False
Cammarosano2014_TheCuneifo;Soldt1991_Studiesint;False
Cammarosano2014_TheCuneifo;Volk2009_Schreibgri;False
Cammarosano2014_TheCuneifo;Osten1937_TheAlishar;False
Cammarosano2014_TheCuneifo;Waal2011_TheyWroteo;False
Cammarosano2014_TheCuneifo;Waetzoldt1992_Rohrunddes;False
Cammarosano2014_TheCuneifo;Weeden2011_HittiteLog;False
Cammarosano2014_TheCuneifo;Westphal-Hellbusch1962_DieMadan;False
Cammarosano2014_TheCuneifo;Wiseman1955_AssyrianWr;False
Cammarosano2014_TheCuneifo;Yon2006_TheCityofU;False
Cammarosano2014_TheCuneifo;Yoshikawa1990_ANoteonSty;False
Charpin2014_TheHistori;Al-Rawi2000_OldBabylon;False
Charpin2014_TheHistori;Battini2003_Constructi;False
Charpin2014_TheHistori;Bardet1984_Archivesad;False
Charpin2014_TheHistori;Birot1953_Troistexte;False
Charpin2014_TheHistori;Birot1953_Troistexte;False
Charpin2014_TheHistori;Birot1955_Troistexte;False
Charpin2014_TheHistori;Birot1956_Textesecon;False
Charpin2014_TheHistori;Birot1960_Textesadmi;False
Charpin2014_TheHistori;Birot1964_Textesadmi;False
Charpin2014_TheHistori;Birot1969_Tablettese;False
Charpin2014_TheHistori;Birot1972_Simahlaner;False
Charpin2014_TheHistori;Birot1978_Donneesnou;False
Charpin2014_TheHistori;Bottero1957_Textesecon;False
Charpin2014_TheHistori;Unknown2003_AncientArc;False
Charpin2014_TheHistori;Burke1963_Textesadmi;False
Charpin2014_TheHistori;Chambon2008_Unnouveaur;False
Charpin2014_TheHistori;Charpin1979_ReviewofYO;False
Charpin2014_TheHistori;Charpin1981_ReviewofYO;False
Charpin2014_TheHistori;Charpin1982_Marchandsd;False
Charpin2014_TheHistori;Charpin1984_Nouveauxdo;False
Charpin2014_TheHistori;Charpin1986_Transmissi;False
Charpin2014_TheHistori;Charpin1987_Nouveauxdo;False
Charpin2014_TheHistori;Charpin1989_Unquartier;False
Charpin2014_TheHistori;Charpin1990_Unquartier;False
Charpin2014_TheHistori;Charpin1993_ReviewofAU;False
Charpin2014_TheHistori;Charpin1994_Unecampagn;False
Charpin2014_TheHistori;Charpin1995_Lafindesar;False
Charpin2014_TheHistori;Charpin2000_Lespreteur;False
Charpin2014_TheHistori;Charpin2000_Lettresetp;False
Charpin2014_TheHistori;Charpin2001_Lespreteur;False
Charpin2014_TheHistori;Charpin2001_Larchivage;False
Charpin2014_TheHistori;Charpin2003_Lapolitiqu;False
Charpin2014_TheHistori;Charpin2005_Donneesnou;False
Charpin2014_TheHistori;Charpin2005_Economieet;False
Charpin2014_TheHistori;Charpin2005_ReviewofVS;False
Charpin2014_TheHistori;Charpin2006_Lesinscrip;False
Charpin2014_TheHistori;Charpin2007_Chroniques;False
Charpin2014_TheHistori;Charpin2008_Lireetecri;False
Charpin2014_TheHistori;Charpin2008_Archivagee;False
Charpin2014_TheHistori;Charpin2008_TellHariri;False
Charpin2014_TheHistori;Charpin2010_WritingLaw;False
Charpin2014_TheHistori;Charpin2010_ReadingAnd;True
Charpin2014_TheHistori;Charpin2010_Formulaire;False
Charpin2014_TheHistori;Charpin2012_Lexerciced;False
Charpin2014_TheHistori;Charpin1986_Quelquesre;False
Charpin2014_TheHistori;Charpin2004_YasimSumu;False
Charpin2014_TheHistori;Charpin2004_Mesopotami;False
Charpin2014_TheHistori;Charpin2003_Florilegiu;False
Charpin2014_TheHistori;Dalley2005_OldBabylon;False
Charpin2014_TheHistori;Adams1969_BedouinOnN;True
Charpin2014_TheHistori;Driel1994_PrivateorN;False
Charpin2014_TheHistori;Duponchel1997_Lescomptes;False
Charpin2014_TheHistori;Durand1981_Documentsc;False
Charpin2014_TheHistori;Durand1983_Textesadmi;False
Charpin2014_TheHistori;Durand1987_Lorganisat;False
Charpin2014_TheHistori;Durand1997_Lesdocumen;False
Charpin2014_TheHistori;Durand2000_Lesdocumen;False
Charpin2014_TheHistori;Faivre1995_Lerecyclag;False
Charpin2014_TheHistori;Figulla1961_Catalogueo;False
Charpin2014_TheHistori;Charpin2019_PriestsOfU;True
Charpin2014_TheHistori;Goddeeris2002_Anadoption;False
Charpin2014_TheHistori;Guichard2005_Lavaissell;False
Charpin2014_TheHistori;Unknown1995_Lesphenome;False
Charpin2014_TheHistori;Jursa2005_NeoBabylon;False
Charpin2014_TheHistori;Kessler1997_Dasspatalt;False
Charpin2014_TheHistori;Koppen2003_ReviewofVS;False
Charpin2014_TheHistori;Lacambre1997_Lagestiond;False
Charpin2014_TheHistori;Lafont1984_Chapter3;False
Charpin2014_TheHistori;Lafont1985_Lesabumdur;False
Charpin2014_TheHistori;Marti2008_Florilegiu;False
Charpin2014_TheHistori;Maul1997_ZwischenSp;False
Charpin2014_TheHistori;Michel1996_Lecommerce;False
Charpin2014_TheHistori;Alba2001_Lapopulati;False
Charpin2014_TheHistori;Oppenheim1967_Lettersfro;False
Charpin2014_TheHistori;Parpola1986_Theroyalar;False
Charpin2014_TheHistori;Parpola2001_TheHelsink;False
Charpin2014_TheHistori;Pedersen1998_Zudenaltba;False
Charpin2014_TheHistori;Pedersen2005_Archiveund;False
Charpin2014_TheHistori;Renger1977_Cooperatio;False
Charpin2014_TheHistori;Richardson2002_EweShouldB;False
Charpin2014_TheHistori;Roth1995_LawCollect;False
Charpin2014_TheHistori;Sasson1982_Accounting;False
Charpin2014_TheHistori;Schorr1913_Urkundende;False
Charpin2014_TheHistori;Seri2005_LocalPower;False
Charpin2014_TheHistori;Sigrist1990_OldBabylon;False
Charpin2014_TheHistori;Sigrist2003_OldBabylon;False
Charpin2014_TheHistori;Sigrist1996_Catalogueo;False
Charpin2014_TheHistori;Sigrist2006_Catalogueo;False
Charpin2014_TheHistori;Skaist1994_TheOldBaby;False
Charpin2014_TheHistori;Stol1973_ReviewofYO;False
Charpin2014_TheHistori;Stone1987_NippurNeig;False
Charpin2014_TheHistori;Stone2002_TheUrIIIOl;False
Charpin2014_TheHistori;Suurmeijer2006_LoansandEd;False
Charpin2014_TheHistori;Tanret2004_TheWorksAn;True
Charpin2014_TheHistori;Tanret2008_FindtheTab;False
Charpin2014_TheHistori;Tanret0_Forthcomin;False
Charpin2014_TheHistori;Unknown2008_ChagarBaza;False
Charpin2014_TheHistori;Mieroop2002_CreditasaF;False
Charpin2014_TheHistori;Lerberghe2003_Privateand;False
Charpin2014_TheHistori;Lerberghe1991_OnQuasiHul;False
Charpin2014_TheHistori;Unknown1986_CuneiformA;False
Charpin2014_TheHistori;Villard1986_UnroideMar;False
Charpin2014_TheHistori;Villard1992_Ledeplacem;False
Charpin2014_TheHistori;Wilcke1970_ReviewofOp;False
Charpin2014_TheHistori;Ziegler1999_Florilegiu;False
Charpin2014_TheHistori;Ziegler2001_Gestionetc;False
Delnero2010_SumerianEx;Alster1987_LaharandAs;False
Delnero2010_SumerianEx;Brusasco1999_FamilyArch;False
Delnero2010_SumerianEx;Cavigneaux1996_UrukAltbab;False
Delnero2010_SumerianEx;Charpin1986_LeclergedU;False
Delnero2010_SumerianEx;Civil1969_OldBabylon;False
Delnero2010_SumerianEx;Civil1979_Materialsf;False
Delnero2010_SumerianEx;Civil1994_TheFarmers;False
Delnero2010_SumerianEx;George0000_InSearchOf;True
Delnero2010_SumerianEx;Cooper1983_TheCurseof;False
Delnero2010_SumerianEx;Delnero2006_Variationi;False
Delnero2010_SumerianEx;Falkenstein1953_Diebabylon;False
Delnero2010_SumerianEx;Falkenstein1959_Sumerische;False
Delnero2010_SumerianEx;Falkowitz1984_RoundOldBa;True
Delnero2010_SumerianEx;Gesche2000_Schulunter;False
Delnero2010_SumerianEx;Hallo1968_TheExaltat;False
Delnero2010_SumerianEx;Heimpel1981_TheNanseHy;False
Delnero2010_SumerianEx;Klein1981_ThreeShulg;False
Delnero2010_SumerianEx;Kramer1951_TheSumeria;False
Delnero2010_SumerianEx;Michalowski1989_TheLamenta;False
Delnero2010_SumerianEx;Robson1999_Mesopotami;False
Delnero2010_SumerianEx;Robson2001_TheTabletH;False
Delnero2010_SumerianEx;Robson2002_MorethanMe;False
Delnero2010_SumerianEx;Sjoberg1975_TheOldBaby;False
Delnero2010_SumerianEx;Tanret2002_Perasperaa;False
Delnero2010_SumerianEx;Tinney1996_TheNippurL;False
Delnero2010_SumerianEx;Tinney1999_OntheCurri;False
Delnero2010_SumerianEx;Vanstiphout1978_LipitEstar;False
Delnero2010_SumerianEx;Vanstiphout1979_HowDidThey;True
Delnero2010_SumerianEx;Veldhuis1997_Elementary;False
Delnero2010_SumerianEx;Veldhuis2000_KassiteExe;True
Delnero2010_SumerianEx;Veldhuis2003_OnTheCurri;True
Fincke2012_TheSchoolC;Archi1982_Hethitisch;False
Fincke2012_TheSchoolC;Archi2007_Transmissi;False
Fincke2012_TheSchoolC;Arnaud1985_Textessume;False
Fincke2012_TheSchoolC;Arnaud1987_Textesdela;False
Fincke2012_TheSchoolC;Arnaud1996_Leditionou;False
Fincke2012_TheSchoolC;Arnaud2007_Corpusdest;False
Fincke2012_TheSchoolC;Beckman1983_Mesopotami;True
Fincke2012_TheSchoolC;Beckman2001_SargonandN;False
Fincke2012_TheSchoolC;Beckman2003_Gilgameshi;False
Fincke2012_TheSchoolC;Cohen2007_AkkadianOm;False
Fincke2012_TheSchoolC;Pearce1995_TheScribes;True
Fincke2012_TheSchoolC;Cunningham2007_ACatalogue;False
Fincke2012_TheSchoolC;George2003_TheBabylon;False
Fincke2012_TheSchoolC;Fleming2000_TimeatEmar;False
Fincke2012_TheSchoolC;Klinger1998_Werlehrted;False
Fincke2012_TheSchoolC;Klinger2003_ZurPalaogr;False
Fincke2012_TheSchoolC;Klinger2005_Diehethiti;False
Fincke2012_TheSchoolC;Kraus1964_Briefschre;False
Fincke2012_TheSchoolC;Lorenz2010_Uberlegung;False
Fincke2012_TheSchoolC;Riemschneider2004_Dieakkadis;False
Fincke2012_TheSchoolC;Robson2001_TheTabletH;False
Fincke2012_TheSchoolC;Sjoberg1975_TheOldBaby;False
Fincke2012_TheSchoolC;Tinney1999_OntheCurri;False
Fincke2012_TheSchoolC;Torri2008_TheScribes;False
Fincke2012_TheSchoolC;Hout2002_AnotherVie;False
Fincke2012_TheSchoolC;Hout2005_OntheNatur;False
Fincke2012_TheSchoolC;Hout2006_Institutio;False
Fincke2012_TheSchoolC;Hout2009_Reflection;False
Fincke2012_TheSchoolC;Hout2009_ACenturyof;False
Fincke2012_TheSchoolC;Soldt1995_TheAkkadia;False
Fincke2012_TheSchoolC;Soldt0000_Babylonian;True
Fincke2012_TheSchoolC;Vanstiphout1979_HowDidThey;True
Fincke2012_TheSchoolC;Vanstiphout1995_OntheOldBa;False
Fincke2012_TheSchoolC;Veldhuis1997_Elementary;False
Fincke2012_TheSchoolC;Yamada2006_TheHittite;False
Fincke2012_TheSchoolC;Waetzold1989_DerSchreib;False
Fincke2012_TheSchoolC;Wilhelm1992_ZurBabylon;False
Frame2005_TheRoyalLi;Annus2002_TheGodNinu;False
Frame2005_TheRoyalLi;Borger1956_DieInschri;False
Frame2005_TheRoyalLi;Borger1969_Bemerkunge;False
Frame2005_TheRoyalLi;Brinkman1986_Documentar;False
Frame2005_TheRoyalLi;Dijk1989_Einspatalt;False
Frame2005_TheRoyalLi;Ebeling1949_Neubabylon;False
Frame2005_TheRoyalLi;Fincke2004_TheBabylon;True
Frame2005_TheRoyalLi;Frahm0_InpressHea;False
Frame2005_TheRoyalLi;George1986_Sennacheri;False
Frame2005_TheRoyalLi;George1997_Assyriaand;False
Frame2005_TheRoyalLi;George2003_TheBabylon;False
Frame2005_TheRoyalLi;Howard1955_Technicald;False
Frame2005_TheRoyalLi;Hunger1968_Babylonisc;False
Frame2005_TheRoyalLi;Klengel-Brandt1975_EineSchrei;False
Frame2005_TheRoyalLi;Lambert1957_Ancestorsa;False
Frame2005_TheRoyalLi;Lambert1976_ALateAssyr;False
Frame2005_TheRoyalLi;Lambert1989_ThelawsofH;False
Frame2005_TheRoyalLi;Lambert1992_Addendaetc;False
Frame2005_TheRoyalLi;Lieberman1990_Canonicala;False
Frame2005_TheRoyalLi;Macginnis2002_TheUseOfWr;True
Frame2005_TheRoyalLi;Mallowan1954_Theexcavat;False
Frame2005_TheRoyalLi;Maxwell-Hyslop1983_Dalbergias;False
Frame2005_TheRoyalLi;Mayer1992_EinHymnusa;False
Frame2005_TheRoyalLi;Nemet-Nejat2000_Anadminist;False
Frame2005_TheRoyalLi;Neugebauer1955_Astronomic;False
Frame2005_TheRoyalLi;Parpola1972_AletterofS;False
Frame2005_TheRoyalLi;Parpola1983_Assyrianli;False
Frame2005_TheRoyalLi;Postgate1986_MiddleAssy;False
Frame2005_TheRoyalLi;Postgate1992_Treesandti;False
Frame2005_TheRoyalLi;Schneider2022_NippurCit;True
Frame2005_TheRoyalLi;Schaudig2001_DieInschri;False
Frame2005_TheRoyalLi;Stol1998_Einigekurz;False
Frame2005_TheRoyalLi;Streck1995_ZahlundZei;False
Frame2005_TheRoyalLi;Symington1991_LateBronze;False
Frame2005_TheRoyalLi;Tallqvist1938_Akkadische;False
Frame2005_TheRoyalLi;Villard1997_Leducation;False
Frame2005_TheRoyalLi;Villard1998_KisirAssur;False
Frame2005_TheRoyalLi;Warnock1991_Thewoodoft;False
Frame2005_TheRoyalLi;Weidner1941_Dieastrolo;False
Frame2005_TheRoyalLi;Wiseman1955_Assyrianwr;False
Frame2005_TheRoyalLi;Woodington1982_AGrammarof;False
Frame2005_TheRoyalLi;Wunsch2000_DasEgibiAr;False
Frame2005_TheRoyalLi;Wunsch2003_Urkundenzu;False
Gadotti2017_TheRulesOf;Attinger1993_Elementsde;False
Gadotti2017_TheRulesOf;Attinger2005_AproposdeA;False
Gadotti2017_TheRulesOf;Charpin2010_ReadingAnd;True
Gadotti2017_TheRulesOf;Civil1964_AHymntothe;False
Gadotti2017_TheRulesOf;Civil1985_Surleslivr;False
Gadotti2017_TheRulesOf;Civil1987_FeedingDum;False
Gadotti2017_TheRulesOf;Delnero2010_SumerianEx;True
Gadotti2017_TheRulesOf;Civil1998_BilingualT;False
Gadotti2017_TheRulesOf;Civil2006_TheSongoft;False
Gadotti2017_TheRulesOf;Delnero2010_SumerianLi;False
Gadotti2017_TheRulesOf;George1993_NinurtaPaq;False
Gadotti2017_TheRulesOf;Michalowski2013_FromTheCol;True
Gadotti2017_TheRulesOf;Gibson1998_NippurBArc;False
Gadotti2017_TheRulesOf;Jagersma2010_ADescripti;False
Gadotti2017_TheRulesOf;Kleinerman2011_Educationi;False
Gadotti2017_TheRulesOf;Kramer1949_Schooldays;True
Gadotti2017_TheRulesOf;Krebernik1998_Ninlil;False
Gadotti2017_TheRulesOf;Michalowski1998_Literature;False
Gadotti2017_TheRulesOf;Michalowski1998_Nisaba;False
Gadotti2017_TheRulesOf;Robson2001_TheTabletH;False
Gadotti2017_TheRulesOf;Rubio2004_EarlySumer;False
Gadotti2017_TheRulesOf;Sallaberger1993_Derkultisc;False
Gadotti2017_TheRulesOf;Sjoberg1972_ACommemora;False
Gadotti2017_TheRulesOf;Sladek1974_InannasDes;False
Gadotti2017_TheRulesOf;Snell1982_Ledgersand;False
Gadotti2017_TheRulesOf;Steinkeller1989_SaleDocume;False
Gadotti2017_TheRulesOf;Stol1979_OnTreesMou;False
Gadotti2017_TheRulesOf;Stone1987_NippurNeig;False
Gadotti2017_TheRulesOf;Tinney1996_TheNippurL;False
Gadotti2017_TheRulesOf;Vanstiphout1997_SchoolDial;False
Gadotti2017_TheRulesOf;Volk1995_InannaundS;False
Gadotti2017_TheRulesOf;Wilcke1969_DasLugalba;False
Garcia0000_Transmissi;Arnaud2003_Prolegomen;False
Garcia0000_Transmissi;Arnaud2007_Corpusdest;False
Garcia0000_Transmissi;Beckman1983_Mesopotami;True
Garcia0000_Transmissi;Beckman1996_HittiteDip;False
Garcia0000_Transmissi;Bell2012_TheMerchan;False
Garcia0000_Transmissi;Bhabha2006_TheLocatio;False
Garcia0000_Transmissi;Castle1992_Shippingan;False
Garcia0000_Transmissi;Charpin2008_Lireetecri;False
Garcia0000_Transmissi;Cohen2004_KidinGulaT;False
Garcia0000_Transmissi;Pearce1995_TheScribes;True
Garcia0000_Transmissi;Cohen2013_Wisdomfrom;False
Garcia0000_Transmissi;Cohen2017_AnAssyrian;False
Garcia0000_Transmissi;Cohen2006_ALateSynch;False
Garcia0000_Transmissi;Courtois1990_Yabninuetl;False
Garcia0000_Transmissi;Delnero2015_Introducti;False
Garcia0000_Transmissi;Fenollos1994_Elcomercio;False
Garcia0000_Transmissi;Freu2006_Histoirepo;False
Garcia0000_Transmissi;George0000_InSearchOf;True
Garcia0000_Transmissi;Kessler2014_NeueTontaf;False
Garcia0000_Transmissi;Lackenbacher1991_Lettresetf;False
Garcia0000_Transmissi;Lion2015_Remarquess;False
Garcia0000_Transmissi;Liverani1990_Relaciones;False
Garcia0000_Transmissi;Liverani2017_AssiriaLap;False
Garcia0000_Transmissi;Malbran-Labat2007_UrtenuUrTe;False
Garcia0000_Transmissi;Rowe2006_TheRoyalDe;False
Garcia0000_Transmissi;Matoian2013_Lamaisondi;False
Garcia0000_Transmissi;McGeough2015_WhatIsNoti;False
Garcia0000_Transmissi;Mountfort2009_ScalesofFa;False
Garcia0000_Transmissi;Moran1992_TheAmarnaL;False
Garcia0000_Transmissi;Niedorf2008_Diemittelb;False
Garcia0000_Transmissi;Pongratz-Leisten2015_Religionan;False
Garcia0000_Transmissi;Pruzsinszky2015_EmarsRolei;False
Garcia0000_Transmissi;Ragioneri2000_TheAmarnaA;False
Garcia0000_Transmissi;Robson2001_TheTabletH;False
Garcia0000_Transmissi;Roche-Hawley2013_ScribesHou;False
Garcia0000_Transmissi;Roche-Hawley2013_AnEssayonS;False
Garcia0000_Transmissi;Roche-Hawley2016_TheScribal;False
Garcia0000_Transmissi;Schortman1998_CultureCon;False
Garcia0000_Transmissi;Solans2015_Lospoderes;False
Garcia0000_Transmissi;Stein2002_FromPassiv;False
Garcia0000_Transmissi;Mieroop2007_TheEastern;False
Garcia0000_Transmissi;Mieroop2013_RecentTren;False
Garcia0000_Transmissi;Mieroop2016_Philosophy;False
Garcia0000_Transmissi;Mieroop2016_ABabylonia;False
Garcia0000_Transmissi;Soldt1999_TheSyllabi;False
Garcia0000_Transmissi;Soldt2000_PrivateArc;False
Garcia0000_Transmissi;Soldt2001_NahisSalmu;False
Garcia0000_Transmissi;Soldt2012_ThePalaeog;False
Garcia0000_Transmissi;Soldt2015_CraftsandC;False
Garcia0000_Transmissi;Veldhuis2012_Domesticiz;False
Garcia0000_Transmissi;Veldhuis2014_Intellectu;False
Garcia0000_Transmissi;Vermaak2009_Relationsb;False
Garcia0000_Transmissi;Viano2016_TheRecepti;False
Garcia0000_Transmissi;Welsch1999_Transcultu;False
Garcia0000_Transmissi;Wiggermann2008_ABabylonia;False
Garcia0000_Transmissi;Zaccagnini1983_Patternsof;False
Garcia0000_Transmissi;Yon1997_LacitedOug;False
George0000_InSearchOf;Alster1992_Interactio;False
George0000_InSearchOf;Alster1997_Proverbsof;False
George0000_InSearchOf;Black1992_SomeStruct;False
George0000_InSearchOf;Cavigneaux1982_Schultexte;False
George0000_InSearchOf;Charpin1986_LeclergedU;False
George0000_InSearchOf;Charpin1990_Unquartier;False
George0000_InSearchOf;Civil1979_EaAnaquAaA;False
George0000_InSearchOf;Civil1985_Surleslivr;False
George0000_InSearchOf;Civil1992_Educationi;False
George0000_InSearchOf;Cooper1973_Sumerianan;False
George0000_InSearchOf;Dijk1989_Einspatalt;False
George0000_InSearchOf;Falkenstein1953_Diebabylon;False
George0000_InSearchOf;Gadd1956_TeachersAn;True
George0000_InSearchOf;Gasche1989_LaBabyloni;False
George0000_InSearchOf;George1991_Babylonian;False
George0000_InSearchOf;George1993_Ninurtapaq;False
George0000_InSearchOf;Jacobsen1953_ReviewofUr;False
George0000_InSearchOf;Klein1981_TheRoyalHy;False
George0000_InSearchOf;Klein1981_ThreeSulgi;False
George0000_InSearchOf;Kramer1949_Schooldays;True
George0000_InSearchOf;Kraus1973_Vommesopot;False
George0000_InSearchOf;Lambert1957_AncestorsA;False
George0000_InSearchOf;Landsberger1958_ScribalCon;False
George0000_InSearchOf;Ludwig1990_Untersuchu;False
George0000_InSearchOf;Nissen1993_TheEducati;False
George0000_InSearchOf;Oelsner1982_Spatachame;False
George0000_InSearchOf;Sjoberg1976_TheOldBaby;False
George0000_InSearchOf;Sjoberg1993_CBS11319An;False
George0000_InSearchOf;Stone1987_NippurNeig;False
George0000_InSearchOf;Tanret1981_Lapprentis;False
George0000_InSearchOf;Tanret1982_Lestablett;False
George0000_InSearchOf;Tinney1998_TextsTable;False
George0000_InSearchOf;Tinney1999_OntheCurri;False
George0000_InSearchOf;Volk1996_Methodenal;False
George0000_InSearchOf;Volk2000_Edubbaaund;False
George0000_InSearchOf;Waetzoldt1986_Keilschrif;False
George0000_InSearchOf;Waetzoldt1989_DerSchreib;False
George0000_InSearchOf;Wilcke1987_DieInschri;False
George0000_InSearchOf;Woolley1930_Excavation;True
Gilibert2021_UrbanSquar;Adamwhite2001_LateHittit;False
Gilibert2021_UrbanSquar;Al-Maqdissi2010_Rapportpre;False
Gilibert2021_UrbanSquar;Al-Maqdissi2008_Laceramiqu;False
Gilibert2021_UrbanSquar;Alster1976_TheInstruc;False
Gilibert2021_UrbanSquar;Arnaud1986_EmarRecher;False
Gilibert2021_UrbanSquar;Arnaud2007_Corpusdest;False
Gilibert2021_UrbanSquar;Bachvarova2016_FromHittit;False
Gilibert2021_UrbanSquar;Barsacchi2019_Consideraz;False
Gilibert2021_UrbanSquar;Barsacchi2019_Distributi;False
Gilibert2021_UrbanSquar;Belnap2008_FilletsofF;False
Gilibert2021_UrbanSquar;Benedikt1979_ToTakeHold;False
Gilibert2021_UrbanSquar;Besnier2009_Gossipandt;False
Gilibert2021_UrbanSquar;Black2006_Literature;False
Gilibert2021_UrbanSquar;Bonfil2007_ThePalaceo;False
Gilibert2021_UrbanSquar;Boyes2019_Negotiatin;False
Gilibert2021_UrbanSquar;Branting2007_UsinganUrb;False
Gilibert2021_UrbanSquar;Branting2010_Simulating;False
Gilibert2021_UrbanSquar;Bretschneider1999_GibalaTheF;False
Gilibert2021_UrbanSquar;Browning2005_EffectsofO;False
Gilibert2021_UrbanSquar;Bunnens1980_Pouvoirslo;False
Gilibert2021_UrbanSquar;Callot1986_Laregionno;False
Gilibert2021_UrbanSquar;Callot1987_Leshuileri;False
Gilibert2021_UrbanSquar;Callot1994_Latranchee;False
Gilibert2021_UrbanSquar;Callot2011_LesSanctua;False
Gilibert2021_UrbanSquar;Callot2013_Lebatiment;False
Gilibert2021_UrbanSquar;Callot2000_Ruesetplac;False
Gilibert2021_UrbanSquar;Callot2001_LeBatiment;False
Gilibert2021_UrbanSquar;Calvet1981_Installati;False
Gilibert2021_UrbanSquar;Cecchini2000_Unbatiment;False
Gilibert2021_UrbanSquar;Gilibert2002_Architects;False
Gilibert2021_UrbanSquar;Glatz2011_LandscapeM;False
Gilibert2021_UrbanSquar;Grannis1998_TheImporta;False
Gilibert2021_UrbanSquar;Groddek2010_Die10Tafel;False
Gilibert2021_UrbanSquar;Haas1994_Geschichte;False
Gilibert2021_UrbanSquar;Halayqa2010_TheDemiseo;False
Gilibert2021_UrbanSquar;Hawley2015_TheScribal;False
Gilibert2021_UrbanSquar;Hawley2013_TheScribet;False
Gilibert2021_UrbanSquar;Haydar2013_Rapportpre;False
Gilibert2021_UrbanSquar;Heltzer1976_TheRuralCo;False
Gilibert2021_UrbanSquar;Heltzer1999_TheEconomy;False
Gilibert2021_UrbanSquar;Hermary1981_AmathonteI;False
Gilibert2021_UrbanSquar;Hermary1989_Catalogued;False
Gilibert2021_UrbanSquar;Herrmann2018_UrbanOrgan;False
Gilibert2021_UrbanSquar;Herrmann2018_Cosmopolit;False
Gilibert2021_UrbanSquar;Hillier1984_TheSocialL;False
Gilibert2021_UrbanSquar;Hillier1999_SpaceIsthe;False
Gilibert2021_UrbanSquar;Holscher1999_Offentlich;False
Gilibert2021_UrbanSquar;Hubbard2018_Introducti;False
Gilibert2021_UrbanSquar;Hunter1990_Gossipandt;False
Gilibert2021_UrbanSquar;Ingold2004_Cultureont;False
Gilibert2021_UrbanSquar;Johnston2017_TheDistrib;False
Gilibert2021_UrbanSquar;Kaniewski2011_TheSeaPeop;False
Gilibert2021_UrbanSquar;Adams1969_BedouinOnN;True
Gilibert2021_UrbanSquar;Kendall1975_Warfareand;False
Gilibert2021_UrbanSquar;Knapp2013_TheArchaeo;False
Gilibert2021_UrbanSquar;Koitabashi1992_TheDeifica;False
Gilibert2021_UrbanSquar;Kontolaimos2013_LateBronze;False
Gilibert2021_UrbanSquar;Kuhne2016_TheImpacto;False
Gilibert2021_UrbanSquar;Unknown2002_DieHethite;False
Gilibert2021_UrbanSquar;Lagarce1974_Lechantier;False
Gilibert2021_UrbanSquar;Lambert1987_Lugaltilla;False
Gilibert2021_UrbanSquar;Lange2012_FoodandLib;False
Gilibert2021_UrbanSquar;Laurence1994_RumourandC;False
Gilibert2021_UrbanSquar;Lavan2016_Cosmopolit;False
Gilibert2021_UrbanSquar;Leontidou2020_Mediterran;False
Gilibert2021_UrbanSquar;Adams1969_BedouinOnN;True
Gilibert2021_UrbanSquar;Lev-Tov2007_ExaminingF;False
Gilibert2021_UrbanSquar;Levy2014_AFreshLook;False
Gilibert2021_UrbanSquar;Levy2018_AFreshLook;False
Gilibert2021_UrbanSquar;Lipinski1988_TheSocioec;False
Gilibert2021_UrbanSquar;Matoian2013_LaMaisondi;False
Gilibert2021_UrbanSquar;Matoian2013_Duvinpourl;False
Gilibert2021_UrbanSquar;Litke1998_AReconstru;False
Gilibert2021_UrbanSquar;Liverani1979_RasShamraI;False
Gilibert2021_UrbanSquar;Liverani1989_EconomyofU;False
Gilibert2021_UrbanSquar;Liverani2004_OltrelaBib;False
Gilibert2021_UrbanSquar;Loretz2005_WeihenlySu;False
Gilibert2021_UrbanSquar;Mallet2001_Unemaisona;False
Gilibert2021_UrbanSquar;Manuelli2016_TheKingatt;False
Gilibert2021_UrbanSquar;Margueron1977_RasShamra1;False
Gilibert2021_UrbanSquar;Margueron1982_Architectu;False
Gilibert2021_UrbanSquar;Margueron1995_Lepalaisro;False
Gilibert2021_UrbanSquar;Margueron2013_Citesinvis;False
Gilibert2021_UrbanSquar;Rowe2008_ScribesSag;False
Gilibert2021_UrbanSquar;Marshall2004_Streetsand;False
Gilibert2021_UrbanSquar;Martin2005_Democracya;False
Gilibert2021_UrbanSquar;McAnany2018_Approachin;False
Gilibert2021_UrbanSquar;McGeough2003_Locatingth;False
Gilibert2021_UrbanSquar;McGeough2007_ExchangeRe;False
Gilibert2021_UrbanSquar;McGregor2007_MeatandOff;False
Gilibert2021_UrbanSquar;Meier1988_TheMesseng;False
Gilibert2021_UrbanSquar;Monroe2016_Measurefor;False
Gilibert2021_UrbanSquar;Morris2015_EgyptUgari;False
Gilibert2021_UrbanSquar;Unknown2013_HouseholdS;False
Gilibert2021_UrbanSquar;Mullins2012_TheLateBro;False
Gilibert2021_UrbanSquar;Munnich2013_TheGodResh;False
Gilibert2021_UrbanSquar;Niehr2011_ZweiStelen;False
Gilibert2021_UrbanSquar;Niehr2014_Dersanctua;False
Gilibert2021_UrbanSquar;Niehr2020_DieRitualt;False
Gilibert2021_UrbanSquar;Oberhagemann2012_StaticandD;False
Gilibert2021_UrbanSquar;George0000_InSearchOf;True
Gilibert2021_UrbanSquar;Osborne2014_Settlement;False
Gilibert2021_UrbanSquar;Otto2006_AlltagundG;False
Gilibert2021_UrbanSquar;Otto2012_Archaeolog;False
Gilibert2021_UrbanSquar;Otto2013_Gotteshaus;False
Gilibert2021_UrbanSquar;Otto2014_TheOrganis;False
Gilibert2021_UrbanSquar;Palivou2007_TheCosmopo;False
Gilibert2021_UrbanSquar;Pardee2000_AnimalSacr;False
Gilibert2021_UrbanSquar;Pardee2002_RitualandC;False
Gilibert2021_UrbanSquar;Pritchard1975_SareptaAPr;False
Gilibert2021_UrbanSquar;Pucci2006_EnclosingO;False
Gilibert2021_UrbanSquar;Pucci2008_Functional;False
Gilibert2021_UrbanSquar;Rahman2017_EmpiricalI;False
Gilibert2021_UrbanSquar;Adams1969_BedouinOnN;True
Gilibert2021_UrbanSquar;Rahmstorf2018_OfMiddensa;False
Gilibert2021_UrbanSquar;Rapoport1982_TheMeaning;False
Gilibert2021_UrbanSquar;Reba2016_Spatializi;False
Gilibert2021_UrbanSquar;Rendu-Loisel2016_WhenGodsSp;False
Gilibert2021_UrbanSquar;Rey2009_LePalaisNo;False
Gilibert2021_UrbanSquar;Ribichini1991_Problemidi;False
Gilibert2021_UrbanSquar;Roche-Hawley2013_ScribesHou;False
Gilibert2021_UrbanSquar;Unknown2015_Mesopotami;False
Gilibert2021_UrbanSquar;Rutherford2019_GodsoftheM;False
Gilibert2021_UrbanSquar;Rykwert1976_TheIdeaofa;False
Gilibert2021_UrbanSquar;Sala2015_EarlyandMi;False
Gilibert2021_UrbanSquar;Sanders2009_TheInventi;False
Gilibert2021_UrbanSquar;Clay2014_TheHittite;False
Gilibert2021_UrbanSquar;Sbeinati2005_TheHistori;False
Gilibert2021_UrbanSquar;Susnow2020_Houseofthe;False
Gilibert2021_UrbanSquar;Schachner2011_HattuschaA;False
Gilibert2021_UrbanSquar;Schaeffer1931_Lesfouille;False
Gilibert2021_UrbanSquar;Schaeffer1933_Lesfouille;False
Gilibert2021_UrbanSquar;Schaeffer1937_Lesfouille;False
Gilibert2021_UrbanSquar;Schaeffer1938_Lesfouille;False
Gilibert2021_UrbanSquar;Schaeffer1949_UgariticaI;False
Gilibert2021_UrbanSquar;Schaeffer1956_UgariticaI;False
Gilibert2021_UrbanSquar;Schaeffer1962_UgariticaI;False
Gilibert2021_UrbanSquar;Schloen2001_TheHouseof;False
Gilibert2021_UrbanSquar;Goering2019_MovingandT;False
Gilibert2021_UrbanSquar;Schwartz2013_MemoryandI;False
Gilibert2021_UrbanSquar;Shedletsky1999_TheMSRofth;False
Gilibert2021_UrbanSquar;Shepperson2009_Planningfo;False
Gilibert2021_UrbanSquar;Tamur2017_StyleEthni;False
Gilibert2021_UrbanSquar;Teba2016_AGraphicRe;False
Gilibert2021_UrbanSquar;Turner1993_Collective;False
Gilibert2021_UrbanSquar;Turner2001_FromIsovis;False
Gilibert2021_UrbanSquar;Gelder2020_Protestint;False
Gilibert2021_UrbanSquar;Soldt1991_Studiesint;False
Gilibert2021_UrbanSquar;Soldt2000_PrivateArc;False
Gilibert2021_UrbanSquar;Soldt2010_Landholder;False
Gilibert2021_UrbanSquar;Soldt2010_TheCityAdm;False
Gilibert2021_UrbanSquar;Viano2016_TheRecepti;False
Gilibert2021_UrbanSquar;Vidal2006_TheOrigins;False
Gilibert2021_UrbanSquar;Vidal2014_OntheDemog;False
Gilibert2021_UrbanSquar;Vieweger2012_DieKultaus;False
Gilibert2021_UrbanSquar;Whitelaw2004_Estimating;False
Gilibert2021_UrbanSquar;Unknown2012_Organizati;False
Gilibert2021_UrbanSquar;Wirth1997_Kontinuita;False
Gilibert2021_UrbanSquar;Wright2002_ATaleofThr;False
Gilibert2021_UrbanSquar;Wyatt1998_ReligiousT;False
Gilibert2021_UrbanSquar;Wyatt2005_TheReligio;False
Gilibert2021_UrbanSquar;Wyatt2017_NationalMe;False
Gilibert2021_UrbanSquar;Wyatt2018_TheBaalauF;False
Gilibert2021_UrbanSquar;Yasur-Landau2017_CeramicAss;False
Gilibert2021_UrbanSquar;Yener2017_CultandRit;False
Gilibert2021_UrbanSquar;Yon1991_Lesstelesd;False
Gilibert2021_UrbanSquar;Yon1992_UgaritTheU;False
Gilibert2021_UrbanSquar;Yon2006_TheCityofU;False
Gilibert2021_UrbanSquar;Yon1997_LhabitataO;False
Gilibert2021_UrbanSquar;Yoshinobu1970_ExteriorDe;False
Gilibert2021_UrbanSquar;Zaccagnini1977_PferdeundS;False
Gilibert2021_UrbanSquar;Zaccagnini1989_Markt;False
Gilibert2021_UrbanSquar;Zaccagnini2020_PompandCir;False
Gilibert2021_UrbanSquar;Zamora2000_Lavidyelvi;False
Gilibert2021_UrbanSquar;Zamora2003_Elanforaca;False
Gilibert2021_UrbanSquar;Zamora2004_Usodocumen;False
Gilibert2021_UrbanSquar;Zamora2005_LebrieteaO;False
Gilibert2021_UrbanSquar;Zuckerman2007_Feastingin;False
Gilibert2021_UrbanSquar;Zuckerman2010_TheCityIts;False
Hasselbach-Andee2020_Multilingu;Beaulieu2013_AspectsofA;False
Hasselbach-Andee2020_Multilingu;Biggs1967_SemiticNam;False
Hasselbach-Andee2020_Multilingu;Crisostomo2015_LanguageWr;False
Hasselbach-Andee2020_Multilingu;Ferguson1991_DiglossiaR;False
Hasselbach-Andee2020_Multilingu;Fewster2002_Bilinguali;False
Hasselbach-Andee2020_Multilingu;Fishman1967_Bilinguali;False
Hasselbach-Andee2020_Multilingu;Folmer1995_TheAramaic;False
Hasselbach-Andee2020_Multilingu;Galter1995_CuneiformB;False
Hasselbach-Andee2020_Multilingu;Gzella2015_ACulturalH;False
Hasselbach-Andee2020_Multilingu;Krebernik1998_DieTexteau;False
Hasselbach-Andee2020_Multilingu;Langslow2002_Approachin;False
Hasselbach-Andee2020_Multilingu;Unknown2014_TheAramaea;False
Hasselbach-Andee2020_Multilingu;Clemens2002_ReviewedWo;True
Hasselbach-Andee2020_Multilingu;Paulston2000_LanguageRe;False
Hasselbach-Andee2020_Multilingu;Pitard1994_Arameans;False
Hasselbach-Andee2020_Multilingu;Porter2000_TheFunctio;False
Hasselbach-Andee2020_Multilingu;Rendsburg1990_Diglossiai;False
Hasselbach-Andee2020_Multilingu;Schendl2014_Multilingu;False
Hasselbach-Andee2020_Multilingu;Smith2000_TheQuestio;False
Hasselbach-Andee2020_Multilingu;Spolsky1991_Diglossiai;False
Hasselbach-Andee2020_Multilingu;Streck2011_Akkadianan;False
Hasselbach-Andee2020_Multilingu;Tadmor1987_TheAramaiz;False
Hasselbach-Andee2020_Multilingu;Taylor2002_Bilinguali;False
Hasselbach-Andee2020_Multilingu;Vanstiphout1999_TheTwinTon;False
Hasselbach-Andee2020_Multilingu;Versteegh2002_DeadorAliv;False
Hasselbach-Andee2020_Multilingu;Watt2000_TheCurrent;False
Hasselbach-Andee2020_Multilingu;Weinreich1968_Languagesi;False
Hasselbach-Andee2020_Multilingu;Zolyomi2011_Akkadianan;False
Klein1996_LanguageAc;Adams1969_BedouinOnN;True
Klein1996_LanguageAc;Behrens1993_TemporalRe;False
Klein1996_LanguageAc;Birdsong1992_UltimateAt;False
Klein1996_LanguageAc;Bowerman1991_Cognition;False
Klein1996_LanguageAc;Broeder1988_Processesi;False
Klein1996_LanguageAc;Chomsky1985_Knowledgeo;False
Klein1996_LanguageAc;Dietrich1994_Temporalit;False
Klein1996_LanguageAc;Unknown1984_FirstLangu;False
Klein1996_LanguageAc;Unknown1975_Heidelberg;False
Klein1996_LanguageAc;Unknown1986_Crosslingu;False
Klein1996_LanguageAc;Klein1992_UtteranceS;False
Klein1996_LanguageAc;Lamendella1977_GeneralPri;False
Klein1996_LanguageAc;Lenneberg1967_Biological;False
Klein1996_LanguageAc;Long1990_Maturation;False
Klein1996_LanguageAc;Neufeld1979_TowardsaTh;False
Klein1996_LanguageAc;Unknown1993_AdultSecon;False
Klein1996_LanguageAc;Pulvermuller1993_Neurobiolo;False
Klein1996_LanguageAc;Roche1989_Xenolekte;False
Klein1996_LanguageAc;Schumann1978_ThePidgini;False
Klein1996_LanguageAc;Unknown1986_TheCrossli;False
Klein1996_LanguageAc;Stutterheim1986_Temporalit;False
Klein1996_LanguageAc;Weist1984_TenseandAs;False
Klein1996_LanguageAc;Unknown1992_Theoretica;False
Macginnis2002_TheUseOfWr;Bongenaar1997_TheNeoBaby;False
Macginnis2002_TheUseOfWr;Bongenaar2000_Interdepen;False
Macginnis2002_TheUseOfWr;Brown2000_Mesopotami;False
Macginnis2002_TheUseOfWr;Dalley1998_TheLegacyo;False
Macginnis2002_TheUseOfWr;Dandamayev1992_WasEannaDe;False
Macginnis2002_TheUseOfWr;Dandamayev1993_Xerxesandt;False
Macginnis2002_TheUseOfWr;Dandamayev1995_AnUnidenti;False
Macginnis2002_TheUseOfWr;Driel1998_TheCareoft;False
Macginnis2002_TheUseOfWr;Driel1994_Bookkeepin;False
Macginnis2002_TheUseOfWr;Ebeling1949_Neubabylon;False
Macginnis2002_TheUseOfWr;Frame1991_NabonidusN;False
Macginnis2002_TheUseOfWr;Graziani1986_Itestimeso;False
Macginnis2002_TheUseOfWr;Hunger1968_Assyrische;False
Macginnis2002_TheUseOfWr;Joannes1995_Lextinctio;False
Macginnis2002_TheUseOfWr;Jursa1995_DieLandwir;False
Macginnis2002_TheUseOfWr;Jursa1998_DerTempelz;False
Macginnis2002_TheUseOfWr;Jursa1999_DasArchivd;False
Macginnis2002_TheUseOfWr;Klengel-Brandt1975_EineSchrei;False
Macginnis2002_TheUseOfWr;Kuhrt1987_XerxesDest;False
Macginnis2002_TheUseOfWr;Kuhrt1994_TheTransit;False
Macginnis2002_TheUseOfWr;MacGinnis1991_NeoBabylon;False
Macginnis2002_TheUseOfWr;MacGinnis1994_TheRoyalEs;False
Macginnis2002_TheUseOfWr;MacGinnis1995_LetterOrde;False
Macginnis2002_TheUseOfWr;MacGinnis1996_Lettersfro;False
Macginnis2002_TheUseOfWr;MacGinnis1998_Orderingth;False
Macginnis2002_TheUseOfWr;MacGinnis1999_Additional;False
Macginnis2002_TheUseOfWr;Maul1999_Gottesdien;False
Macginnis2002_TheUseOfWr;Millard1964_AnotherBab;False
Macginnis2002_TheUseOfWr;Nemet-Nejat2000_AnAdminist;False
Macginnis2002_TheUseOfWr;Neve1991_DieAusgrab;False
Macginnis2002_TheUseOfWr;Oelsner1971_WarNippurS;False
Macginnis2002_TheUseOfWr;Oelsner1986_Materialie;False
Macginnis2002_TheUseOfWr;Oelsner1992_ReviewofCa;False
Macginnis2002_TheUseOfWr;Oelsner1999_ReviewofMa;False
Macginnis2002_TheUseOfWr;Parpola1983_AssyrianLi;False
Macginnis2002_TheUseOfWr;Payton1991_TheUluburu;False
Macginnis2002_TheUseOfWr;Postgate1986_MiddleAssy;False
Macginnis2002_TheUseOfWr;Radner1999_Einneuassy;False
Macginnis2002_TheUseOfWr;Reade1986_RassamsBab;False
Macginnis2002_TheUseOfWr;Sachs1988_Astronomic;False
Macginnis2002_TheUseOfWr;Nicolo1948_HabendieBa;False
Macginnis2002_TheUseOfWr;Stol1998_Einigekurz;False
Macginnis2002_TheUseOfWr;Stolper1989_Registrati;False
Macginnis2002_TheUseOfWr;Stolper1993_LateAchaem;False
Macginnis2002_TheUseOfWr;Stolper1994_OnSomeAspe;False
Macginnis2002_TheUseOfWr;Stolper1998_ReviewofJu;False
Macginnis2002_TheUseOfWr;Symington1991_LateBronze;False
Macginnis2002_TheUseOfWr;Spek1992_NippurSipp;False
Macginnis2002_TheUseOfWr;Warnock1991_TheWoodoft;False
Macginnis2002_TheUseOfWr;Weszeli1997_EseleienII;False
Macginnis2002_TheUseOfWr;Wiseman1955_AssyrianWr;False
Macginnis2002_TheUseOfWr;Wiseman1995_Nebuchadre;False
Matthews1991_FragmentsO;Adams1972_TheUrukCou;False
Matthews1991_FragmentsO;Algaze1983_PrivateHou;False
Matthews1991_FragmentsO;Andrae1903_Ausgrabung;False
Matthews1991_FragmentsO;Charvat1979_EarlyUr;False
Matthews1991_FragmentsO;Charvat1982_EarlyUrWar;False
Matthews1991_FragmentsO;Charvat1986_TheNameAnz;False
Matthews1991_FragmentsO;Charvat1988_Archaeolog;False
Matthews1991_FragmentsO;Curvers1990_Excavation;False
Matthews1991_FragmentsO;Delougaz1942_PreSargoni;False
Matthews1991_FragmentsO;Diakonoff1963_TheCommune;False
Matthews1991_FragmentsO;Edzard1979_DieArchive;False
Matthews1991_FragmentsO;Fiandra1975_Ancoraapro;False
Matthews1991_FragmentsO;Foster1981_ANewLookat;False
Matthews1991_FragmentsO;Unknown1981_Preliminar;False
Matthews1991_FragmentsO;George0000_InSearchOf;True
Matthews1991_FragmentsO;Gelb1979_Householda;False
Matthews1991_FragmentsO;Unknown1981_UchTepeITe;False
Matthews1991_FragmentsO;Hansen1973_AlHiba1970;False
Matthews1991_FragmentsO;Heinrich1931_FaraErgebn;False
Matthews1991_FragmentsO;Henrickson1981_NonReligio;False
Matthews1991_FragmentsO;Jacobsen1957_EarlyPolit;False
Matthews1991_FragmentsO;Legrain1936_UrExcavati;False
Matthews1991_FragmentsO;Madhlum1960_TheExcavat;False
Matthews1991_FragmentsO;Maekawa1973_TheDevelop;False
Matthews1991_FragmentsO;Margueron1982_Recherches;False
Matthews1991_FragmentsO;Martin1975_TheTablets;False
Matthews1991_FragmentsO;Martin1983_Settlement;True
Matthews1991_FragmentsO;Martin1988_FaraARecon;False
Matthews1991_FragmentsO;Matthews1989_ClaySealin;False
Matthews1991_FragmentsO;Matthews1990_Excavation;False
Matthews1991_FragmentsO;Matthews0_AbuSalabik;False
Matthews1991_FragmentsO;Moorey1964_ThePlanoCo;False
Matthews1991_FragmentsO;Moorey1978_KishExcava;False
Matthews1991_FragmentsO;Nissen1987_TheUrbanRe;False
Matthews1991_FragmentsO;Pomponio1983_Archivesan;False
Matthews1991_FragmentsO;Postgate1980_Excavation;False
Matthews1991_FragmentsO;Postgate1990_Excavation;False
Matthews1991_FragmentsO;Powell1973_ReviewofCu;False
Matthews1991_FragmentsO;Rathje1977_NewTricksf;False
Matthews1991_FragmentsO;Roaf1982_TheHamrinS;False
Matthews1991_FragmentsO;Roaf1989_SocialOrga;False
Matthews1991_FragmentsO;Safar1981_Eridu;False
Matthews1991_FragmentsO;Schmidt1931_Excavation;False
Matthews1991_FragmentsO;Wilson1986_NippurTheD;False
Matthews1991_FragmentsO;Wright1969_TheAdminis;False
Matthews1991_FragmentsO;Yamamoto1980_TheAgricul;False
Matthews1991_FragmentsO;Yamamoto1981_TheLuKUR6d;False
Matthews1991_FragmentsO;Zettler1987_Sealingsas;False
Michalowski2012_LiteracySc;Adams1981_Heartlando;False
Michalowski2012_LiteracySc;Adams2006_Shepherdsa;False
Michalowski2012_LiteracySc;Adams2008_AnInterdis;False
Michalowski2012_LiteracySc;Akinnaso1992_SchoolingL;False
Michalowski2012_LiteracySc;Bauml1980_Varietiesa;False
Michalowski2012_LiteracySc;Cavalli-Sforza1981_CulturalTr;False
Michalowski2012_LiteracySc;Charpin2009_SchreiberS;False
Michalowski2012_LiteracySc;Civil1969_TheSeriesl;False
Michalowski2012_LiteracySc;Civil1977_Lexicograp;False
Michalowski2012_LiteracySc;Civil1979_EanaquAaAn;False
Michalowski2012_LiteracySc;Civil1980_Leslimites;False
Michalowski2012_LiteracySc;Civil1985_Surleslivr;False
Michalowski2012_LiteracySc;Civil1994_TheFarmers;False
Michalowski2012_LiteracySc;Civil2009_TheMesopot;False
Michalowski2012_LiteracySc;Collins1996_Socializat;False
Michalowski2012_LiteracySc;Clifford1984_BookandRea;False
Michalowski2012_LiteracySc;Cig1959_Zweialtbab;False
Michalowski2012_LiteracySc;Dalley2009_Babylonian;False
Michalowski2012_LiteracySc;Delnero2006_Variationi;False
Michalowski2012_LiteracySc;Dobbert1984_CulturalTr;False
Michalowski2012_LiteracySc;Falkowitz1984_RoundOldBa;True
Michalowski2012_LiteracySc;Finkel1999_OnSomeDogS;False
Michalowski2012_LiteracySc;Foster2005_Transmissi;True
Michalowski2012_LiteracySc;Friberg2009_AGeometric;False
Michalowski2012_LiteracySc;Friedrich1989_LanguageId;False
Michalowski2012_LiteracySc;Gasche1989_LaBabyloni;False
Michalowski2012_LiteracySc;George0000_InSearchOf;True
Michalowski2012_LiteracySc;Gladwin1970_EastIsaBig;False
Michalowski2012_LiteracySc;Glassner2009_Ecriredesl;False
Michalowski2012_LiteracySc;Hecker1993_Schultexte;False
Michalowski2012_LiteracySc;Krebernik1998_DieTexteau;False
Michalowski2012_LiteracySc;Krecher1966_Sumerische;False
Michalowski2012_LiteracySc;Landsberger1955_Remarksont;False
Michalowski2012_LiteracySc;Lewy1938_NotesonPre;False
Michalowski2012_LiteracySc;Brigitte2009_LesFemmesS;True
Michalowski2012_LiteracySc;Lion2005_Quelqueste;False
Michalowski2012_LiteracySc;Unknown1995_Authoritya;False
Michalowski2012_LiteracySc;Lotman1978_OntheSemio;False
Michalowski2012_LiteracySc;Lozada2006_CulturalTr;False
Michalowski2012_LiteracySc;Ludwig2009_Literarisc;False
Michalowski2012_LiteracySc;Michalowski1983_ReviewofBr;False
Michalowski2012_LiteracySc;Michalowski1987_Charismaan;False
Michalowski2012_LiteracySc;Michalowski1993_TheEarlyMe;False
Michalowski2012_LiteracySc;Michalowski1996_Mesopotami;False
Michalowski2012_LiteracySc;Michalowski2006_TheLivesof;False
Michalowski2012_LiteracySc;Michalowski2009_Observatio;False
Michalowski2012_LiteracySc;Michalowski2011_TheCorresp;False
Michalowski2012_LiteracySc;Michel2008_Ecrireetco;False
Michalowski2012_LiteracySc;Cecile2009_LesFemmesE;True
Michalowski2012_LiteracySc;Ohgama2010_ScribalSch;False
Michalowski2012_LiteracySc;Ong1959_LatinLangu;False
Michalowski2012_LiteracySc;Oppenheim1984_AncientMes;False
Michalowski2012_LiteracySc;Peterson2011_ThePersona;False
Michalowski2012_LiteracySc;Proust2007_Tablettesm;False
Michalowski2012_LiteracySc;Richter2004_Untersuchu;False
Michalowski2012_LiteracySc;Risager2006_Languagean;False
Michalowski2012_LiteracySc;Robson2001_TheTabletH;True
Michalowski2012_LiteracySc;Rubio2006_Sulgiandth;False
Michalowski2012_LiteracySc;Scheil1902_Unesaisond;False
Michalowski2012_LiteracySc;Seri2012_TheHouseof;False
Michalowski2012_LiteracySc;Sjoberg1976_TheOldBaby;False
Michalowski2012_LiteracySc;Stol2004_Wirtschaft;False
Michalowski2012_LiteracySc;George2005_PerAsperaA;True
Michalowski2012_LiteracySc;Tanret2010_TheExercis;False
Michalowski2012_LiteracySc;Thureau-Dangin1914_Fragmentsd;False
Michalowski2012_LiteracySc;Tinney1999_OntheCurri;False
Michalowski2012_LiteracySc;Tinney2011_TabletsofS;False
Michalowski2012_LiteracySc;Vanstiphout1997_SchoolDial;False
Michalowski2012_LiteracySc;Veenhof2008_TheOldAssy;False
Michalowski2012_LiteracySc;Veldhuis1996_TheCuneifo;True
Michalowski2012_LiteracySc;Veldhuis1997_Elementary;False
Michalowski2012_LiteracySc;Veldhuis1999_Continuity;False
Michalowski2012_LiteracySc;Veldhuis2006_HowtoClass;False
Michalowski2012_LiteracySc;Volk1996_Methodenal;False
Michalowski2012_LiteracySc;Waetzoldt1989_DerSchreib;False
Michalowski2012_LiteracySc;Waetzoldt2009_SchreiberA;False
Michalowski2012_LiteracySc;Waetzoldt2009_Schule;False
Michalowski2012_LiteracySc;Walker1980_SomeAssyri;False
Michalowski2012_LiteracySc;Webster2006_Keepingthe;False
Michalowski2012_LiteracySc;Wilson2008_Educationi;False
Michalowski2012_LiteracySc;Woods2006_Bilinguali;False
Michalowski2013_FromTheCol;Biggs1976_Inscriptio;False
Michalowski2013_FromTheCol;Brisch2007_Traditiona;False
Michalowski2013_FromTheCol;Cavigneaux1998_AScholarsL;False
Michalowski2013_FromTheCol;Charpin1990_Lesdivinit;False
Michalowski2013_FromTheCol;Charpin2007_Chroniques;False
Michalowski2013_FromTheCol;Civil1989_TheTextsfr;False
Michalowski2013_FromTheCol;Civil2006_TheSongoft;False
Michalowski2013_FromTheCol;Cohen1976_LiteraryTe;False
Michalowski2013_FromTheCol;Edzard1984_HymnenBesc;False
Michalowski2013_FromTheCol;Edzard2004_Altbabylon;False
Michalowski2013_FromTheCol;Finkel1998_OnSomeDogS;False
Michalowski2013_FromTheCol;Gadotti2011_HereIsWhat;False
Michalowski2013_FromTheCol;Gadotti2012_Unfulfille;False
Michalowski2013_FromTheCol;Geller2003_MusicLesso;False
Michalowski2013_FromTheCol;Hall1985_AStudyofth;False
Michalowski2013_FromTheCol;Hallo1968_Individual;False
Michalowski2013_FromTheCol;Kramer1949_Schooldays;True
Michalowski2013_FromTheCol;Kammerer1998_simamilhaI;False
Michalowski2013_FromTheCol;Krebernik1997_ZurInterpr;False
Michalowski2013_FromTheCol;Krebernik2004_WorterundS;False
Michalowski2013_FromTheCol;Lohnert2008_Scribesand;False
Michalowski2013_FromTheCol;Lohnert2011_Manipulati;False
Michalowski2013_FromTheCol;Marchesi1999_NotesonTwo;False
Michalowski2013_FromTheCol;Michalowski1980_ANewSumeri;False
Michalowski2013_FromTheCol;Michalowski1991_Incantatio;False
Michalowski2013_FromTheCol;Michalowski2010_LearningMu;False
Michalowski2013_FromTheCol;Peterson2010_ANewOldBab;False
Michalowski2013_FromTheCol;Rubio2003_EarlySumer;False
Michalowski2013_FromTheCol;Shehata2009_Musikerund;False
Michalowski2013_FromTheCol;Seri2005_LocalPower;False
Michalowski2013_FromTheCol;Sjoberg1960_DerMondgot;False
Michalowski2013_FromTheCol;Sjoberg1972_HeIsaGoodS;False
Michalowski2013_FromTheCol;Tinney2011_TabletsofS;False
Michel2018_Constituti;Abrahami2012_Larchivede;False
Michel2018_Constituti;Archi2003_ArchivalRe;False
Michel2018_Constituti;Barjamovic2014_TheSizeofK;False
Michel2018_Constituti;Unknown2003_Archivesan;False
Michel2018_Constituti;Charpin1985_Lesarchive;False
Michel2018_Constituti;Charpin1986_Transmissi;False
Michel2018_Constituti;Clancier2009_Lesbibliot;False
Michel2018_Constituti;Dercksen2015_TheArchive;False
Michel2018_Constituti;Erol2015_TheArchive;False
Michel2018_Constituti;Unknown2013_Archivesan;False
Michel2018_Constituti;Frame2005_TheRoyalLi;True
Michel2018_Constituti;Grayson1987_AssyrianRu;False
Michel2018_Constituti;Gunbatti1998_Kultepeden;False
Michel2018_Constituti;Gunbatti2004_TwoTreatyT;False
Michel2018_Constituti;Hertel2013_OldAssyria;False
Michel2018_Constituti;Hertel2014_TheLowerTo;False
Michel2018_Constituti;Hockmann2010_GraberundG;False
Michel2018_Constituti;Jacquet0000_FamilyArch;True
Michel2018_Constituti;Jas2000_OldandNewA;False
Michel2018_Constituti;Unknown1995_Lesphenome;False
Michel2018_Constituti;Kienast2015_Dasaltassy;False
Michel2018_Constituti;Kraus1968_Briefeausd;False
Michel2018_Constituti;Kulakoglu2015_CurrentRes;False
Michel2018_Constituti;Kulakoglu2010_Anadolunun;False
Michel2018_Constituti;Kulakoglu2015_NewEvidenc;False
Michel2018_Constituti;Larsen1977_SealUseint;False
Michel2018_Constituti;Larsen2008_Archivesan;False
Michel2018_Constituti;Larsen2010_KultepeTab;False
Michel2018_Constituti;Larsen2013_KultepeTab;False
Michel2018_Constituti;Larsen2014_KultepeTab;False
Michel2018_Constituti;Unknown2003_Wiedererst;False
Michel2018_Constituti;Michel1995_Validiteet;False
Michel2018_Constituti;Michel1998_Quelquesre;False
Michel2018_Constituti;Michel2000_Leslitiges;False
Michel2018_Constituti;Michel2000_Aproposdun;False
Michel2018_Constituti;Michel2001_Correspond;False
Michel2018_Constituti;Michel2003_OldAssyria;False
Michel2018_Constituti;Michel2006_OldAssyria;False
Michel2018_Constituti;Michel2008_Lacorrespo;False
Michel2018_Constituti;Michel2008_TheAlahuma;False
Michel2018_Constituti;Cecile2009_LesFemmesE;True
Michel2018_Constituti;Michel2011_OldAssyria;False
Michel2018_Constituti;Michel2011_ThePrivate;False
Michel2018_Constituti;Michel2015_Lorganisat;False
Michel2018_Constituti;Michel2015_Womeninthe;False
Michel2018_Constituti;Michel2015_OldAssyria;False
Michel2018_Constituti;Michel2015_Leslettres;False
Michel2018_Constituti;Michel2016_Quelquesre;False
Michel2018_Constituti;Michel0_Forthcomin;False
Michel2018_Constituti;Michel1997_Tablettesp;False
Michel2018_Constituti;Ozguc2001_KultepeKan;False
Michel2018_Constituti;Ozguc1994_ABoatShape;False
Michel2018_Constituti;Ozguc1999_ThePalaces;False
Michel2018_Constituti;Ozguc2003_KultepeKan;False
Michel2018_Constituti;Parpola1986_TheRoyalAr;False
Michel2018_Constituti;Pedersen1986_Archivesan;False
Michel2018_Constituti;Pedersen1998_Archivesan;False
Michel2018_Constituti;Posner1972_Archivesin;False
Michel2018_Constituti;Postgate1973_TheGoverno;False
Michel2018_Constituti;Sallaberger2013_TheManagem;False
Michel2018_Constituti;Tanret1991_TheUrUtuAr;False
Michel2018_Constituti;Tessier1994_Sealingand;False
Michel2018_Constituti;Lerberghe2003_Privateand;False
Michel2018_Constituti;Unknown1986_CuneiformA;False
Michel2018_Constituti;Veenhof1987_DyingTable;False
Michel2018_Constituti;Veenhof2003_Archivesof;False
Michel2018_Constituti;Veenhof2003_TradeandPo;False
Michel2018_Constituti;Veenhof2005_Lettersint;False
Michel2018_Constituti;Veenhof2008_Communicat;False
Michel2018_Constituti;Veenhof2010_KultepeTab;False
Michel2018_Constituti;Veenhof2013_TheArchive;False
Michel2018_Constituti;Veenhof2013_NewMesopot;False
Michel2018_Constituti;Veenhof2015_TheArchive;False
Michel2018_Constituti;Veenhof0_KultepeTab;False
Pearce1995_TheScribes;Bass1987_OldestKnow;False
Pearce1995_TheScribes;Dalley1976_TheOldBaby;False
Pearce1995_TheScribes;Falkenstein1953_Diebabylon;False
Pearce1995_TheScribes;Gadd1956_TeachersAn;True
Pearce1995_TheScribes;Hallo1976_WomenofSum;False
Pearce1995_TheScribes;Harris1990_TheFemaleS;False
Pearce1995_TheScribes;Kramer1949_Schooldays;True
Pearce1995_TheScribes;Kramer1959_HistoryBeg;False
Pearce1995_TheScribes;Laessoe1953_Literacyan;False
Pearce1995_TheScribes;Landsberger1954_Babylonian;False
Pearce1995_TheScribes;Landsberger1960_ScribalCon;False
Pearce1995_TheScribes;Livingstone1986_Mysticalan;False
Pearce1995_TheScribes;Nemet-Nejat1988_CuneiformM;False
Pearce1995_TheScribes;Oppenheim1964_AncientMes;False
Pearce1995_TheScribes;Oppenheim1975_TheIntelle;False
Pearce1995_TheScribes;Otten1988_DieBronzet;False
Pearce1995_TheScribes;Parpola1971_Lettersfro;False
Pearce1995_TheScribes;Rochberg-Halton1984_Canonicity;False
Pearce1995_TheScribes;Sjoberg1975_TheOldBaby;False
Pearce1995_TheScribes;Streck1916_Assurbanip;False
Pearce1995_TheScribes;Vanstiphout1979_HowDidThey;True
Pearce1995_TheScribes;Cammarosano2014_TheCuneifo;True
Pearce1995_TheScribes;Wiseman1955_AssyrianWr;False
Pickworth2005_Excavation;Barnett0_TheAssyria;False
Pickworth2005_Excavation;Black1992_GodsDemons;False
Pickworth2005_Excavation;Collon2001_Catalogueo;False
Pickworth2005_Excavation;Green1983_NeoAssyria;False
Pickworth2005_Excavation;Maxwell-Hyslop1971_WesternAsi;False
Pickworth2005_Excavation;Madhloum1966_Foreword;False
Pickworth2005_Excavation;Madhloum1968_NinevehThe;False
Pickworth2005_Excavation;Madhloum1969_NinevehThe;False
Pickworth2005_Excavation;Madhloum1972_NinevehHis;False
Pickworth2005_Excavation;Madhloum1976_NinevehHis;False
Pickworth2005_Excavation;Parker1961_Administra;False
Pickworth2005_Excavation;Parpola1970_NeoAssyria;False
Pickworth2005_Excavation;Fincke2004_TheBabylon;True
Pickworth2005_Excavation;Reade2002_TheZiggura;False
Pickworth2005_Excavation;Scott1990_NotesonNin;False
Pickworth2005_Excavation;Stronach1989_WhenAssyri;False
Pickworth2005_Excavation;Stronach1994_VillagetoM;False
Pickworth2005_Excavation;Stronach1997_Notesonthe;False
Pickworth2005_Excavation;Stronach1992_UCBerkeley;False
Pickworth2005_Excavation;Sulaiman1971_AdabalRafa;False
Pickworth2005_Excavation;Thompson1929_ACenturyof;False
Pickworth2005_Excavation;Wiggermann1992_Mesopotami;False
Reckling0000_TheArchaeo;Astour1981_Ugaritandt;False
Reckling0000_TheArchaeo;Curtis1985_UgaritRasS;False
Reckling0000_TheArchaeo;Garr1987_APopulatio;False
Reckling0000_TheArchaeo;Yon1992_UgaritTheU;False
Reckling0000_TheArchaeo;Yon2006_TheCityofU;False
Robson2000_Mathematic;Al-Fouadi1979_Lenticular;False
Robson2000_Mathematic;Alster1997_Proverbsof;False
Robson2000_Mathematic;Baqir1951_SomeMoreMa;False
Robson2000_Mathematic;Bregstein1992_NippurBibl;False
Robson2000_Mathematic;Duchesne-Guillemin1984_AHurrianMu;False
Robson2000_Mathematic;Gibson1973_Excavation;True
Robson2000_Mathematic;Friberg1983_OntheBig6P;False
Robson2000_Mathematic;Geere1904_ByNileandE;False
Robson2000_Mathematic;Gerardi1984_ABibliogra;False
Robson2000_Mathematic;Goetze1951_AMathemati;False
Robson2000_Mathematic;Gordon1959_SumerianPr;False
Robson2000_Mathematic;Hilprecht1903_DieAusgrab;False
Robson2000_Mathematic;Hilprecht1906_Mathematic;False
Robson2000_Mathematic;Hilprecht1908_TheSoCalle;False
Robson2000_Mathematic;Horowitz1993_TheReverse;False
Robson2000_Mathematic;Hoyrup1990_Algebraand;False
Robson2000_Mathematic;Hoyrup1999_TheFinerSt;False
Robson2000_Mathematic;Hoyrup0_LengthsWid;False
Robson2000_Mathematic;Kilmer1960_TwoNewList;False
Robson2000_Mathematic;Kilmer1980_Leier;False
Robson2000_Mathematic;Kuklick1996_Puritansin;False
Robson2000_Mathematic;Liverani1990_TheShapeof;False
Robson2000_Mathematic;McCown1967_NippurITem;False
Robson2000_Mathematic;Muroi1988_Extraction;False
Robson2000_Mathematic;Myer1992_JosephAndr;False
Robson2000_Mathematic;Neugebauer1935_Mathematis;False
Robson2000_Mathematic;Neugebauer1984_Mathematic;False
Robson2000_Mathematic;Nissen1993_ArchaicBoo;False
Robson2000_Mathematic;Peters1897_NippurorEx;False
Robson2000_Mathematic;Peters1905_TheNippurL;True
Robson2000_Mathematic;Powell1987_MasseundGe;False
Robson2000_Mathematic;Robson1998_Countingin;False
Robson2000_Mathematic;Robson1999_Mesopotami;False
Robson2000_Mathematic;Rochberg-Halton1983_StellarDis;False
Robson2000_Mathematic;Sachs1947_Babylonian;False
Robson2000_Mathematic;Steele1951_Writingand;False
Robson2000_Mathematic;Stone1987_NippurNeig;False
Robson2000_Mathematic;Vanstiphout1997_SchoolDial;False
Robson2000_Mathematic;Veldhuis1997_Elementary;False
Robson2000_Mathematic;Westenholz1992_TheEarlyEx;False
Robson2000_Mathematic;Gibson1973_Excavation;True
Robson2000_Mathematic;Adams1969_BedouinOnN;True
Robson2001_TheTabletH;Ali1964_SumerianLe;False
Robson2001_TheTabletH;Black1998_TheElectro;False
Robson2001_TheTabletH;Adams1969_BedouinOnN;True
Robson2001_TheTabletH;Cavigneaux1996_UrukAltbab;False
Robson2001_TheTabletH;Cavigneaux1999_AScholarsL;False
Robson2001_TheTabletH;Cavigneaux2000_Einaltbaby;False
Robson2001_TheTabletH;Charpin1986_LeclergedU;False
Robson2001_TheTabletH;Charpin1989_Unquartier;False
Robson2001_TheTabletH;Civil1979_EaAnaquAaA;False
Robson2001_TheTabletH;Civil1980_Leslimites;False
Robson2001_TheTabletH;George0000_InSearchOf;True
Robson2001_TheTabletH;Dekiere1994_Lagenealog;False
Robson2001_TheTabletH;Faivre1995_Lerecyclag;False
Robson2001_TheTabletH;Gadd1966_Literaryan;False
Robson2001_TheTabletH;Gasche1989_LaBabyloni;False
Robson2001_TheTabletH;Gasche1998_DatingtheF;False
Robson2001_TheTabletH;Gasche1991_Aproposdel;False
Robson2001_TheTabletH;Gesche2000_Schulunter;False
Robson2001_TheTabletH;Gibson2001_NippurBArc;False
Robson2001_TheTabletH;Gordon1959_SumerianPr;False
Robson2001_TheTabletH;Heimerdinger1979_SumerianLi;False
Robson2001_TheTabletH;Janssen1991_eiltampata;False
Robson2001_TheTabletH;Janssen1992_Inannamans;False
Robson2001_TheTabletH;Janssen1996_WhentheHou;False
Robson2001_TheTabletH;Janssen1994_Duchantier;False
Robson2001_TheTabletH;Kramer1949_Schooldays;True
Robson2001_TheTabletH;McCown1967_NippurITem;False
Robson2001_TheTabletH;Pearce1995_TheScribes;True
Robson2001_TheTabletH;Postgate1990_Archaeolog;False
Robson2001_TheTabletH;Robson1999_Mesopotami;False
Robson2001_TheTabletH;Robson2002_MorethanMe;False
Robson2001_TheTabletH;Stone1987_NippurNeig;False
Robson2001_TheTabletH;Tanret1982_Lestablett;False
Robson2001_TheTabletH;George2005_PerAsperaA;True
Robson2001_TheTabletH;Tanret1993_Ritualsand;False
Robson2001_TheTabletH;Tinney1998_TextsTable;False
Robson2001_TheTabletH;Tinney1999_OntheCurri;False
Robson2001_TheTabletH;Beyer2021_TeachingIn;True
Robson2001_TheTabletH;Lerberghe1991_SipparAmna;False
Robson2001_TheTabletH;Veldhuis1997_Elementary;False
Robson2001_TheTabletH;Veldhuis1997_ReviewofCa;False
Robson2001_TheTabletH;Veldhuis2000_ReviewSume;True
Robson2001_TheTabletH;Volk1996_Methodenal;False
Robson2001_TheTabletH;Volk2000_Edubbaaund;False
Robson2001_TheTabletH;Walker1995_Mesopotami;False
Robson2001_TheTabletH;Wilcke2000_Werlasunds;False
Robson2001_TheTabletH;Adams1969_BedouinOnN;True
Robson2011_EmpiricalS;Unknown1991_PrincesPat;False
Robson2011_EmpiricalS;Unknown2001_TheProsopo;False
Robson2011_EmpiricalS;Unknown2005_Patronatea;False
Robson2011_EmpiricalS;Bottero1992_Mesopotami;False
Robson2011_EmpiricalS;Brentjes2009_Patronageo;False
Robson2011_EmpiricalS;Brown2000_Mesopotami;False
Robson2011_EmpiricalS;Unknown2001_ChangingIm;False
Robson2011_EmpiricalS;Fales1997_TheImpacto;False
Robson2011_EmpiricalS;Fincke2004_TheBritish;False
Robson2011_EmpiricalS;Frame2005_TheRoyalLi;True
Robson2011_EmpiricalS;Hardwig1991_TheRoleofT;False
Robson2011_EmpiricalS;Heessel2000_Babylonisc;False
Robson2011_EmpiricalS;Hunger1968_Babylonisc;False
Robson2011_EmpiricalS;Hunger1992_Astrologic;False
Robson2011_EmpiricalS;Jean2006_Lamagieneo;False
Robson2011_EmpiricalS;Jeyes1991_Divination;False
Robson2011_EmpiricalS;Jeyes1997_Assurbanip;False
Robson2011_EmpiricalS;Koch-Westenholz1995_Mesopotami;False
Robson2011_EmpiricalS;Koch-Westenholz2000_Babylonian;False
Robson2011_EmpiricalS;Koch2005_SecretsofE;False
Robson2011_EmpiricalS;Lambert1997_QuestionsA;False
Robson2011_EmpiricalS;Lambert1998_TheQualifi;False
Robson2011_EmpiricalS;Lambert2007_Babylonian;False
Robson2011_EmpiricalS;Larsen1987_TheMesopot;False
Robson2011_EmpiricalS;Leichty1970_TheOmenSer;False
Robson2011_EmpiricalS;Lipton1998_TheEpistem;False
Robson2011_EmpiricalS;Lohnert2007_TheInstall;False
Robson2011_EmpiricalS;Maul1994_Zukunftsbe;False
Robson2011_EmpiricalS;Maul2003_OminaundOr;False
Robson2011_EmpiricalS;Oppenheim1977_AncientMes;False
Robson2011_EmpiricalS;Park1963_Divination;False
Robson2011_EmpiricalS;Parpola1970_Lettersfro;False
Robson2011_EmpiricalS;Parpola1983_AssyrianLi;False
Robson2011_EmpiricalS;Parpola1993_Lettersfro;False
Robson2011_EmpiricalS;Pecirkova1985_Divination;False
Robson2011_EmpiricalS;Radner2007_Knowledgea;False
Robson2011_EmpiricalS;Adams1969_BedouinOnN;True
Robson2011_EmpiricalS;Robson2008_Mesopotami;False
Robson2011_EmpiricalS;Adams1969_BedouinOnN;True
Robson2011_EmpiricalS;Rochberg2004_TheHeavenl;False
Robson2011_EmpiricalS;Shapin1982_HistoryofS;False
Robson2011_EmpiricalS;Shapin1989_TheInvisib;False
Robson2011_EmpiricalS;Shapin1994_ASocialHis;False
Robson2011_EmpiricalS;Starr1990_Queriestot;False
Robson2011_EmpiricalS;Starr1992_Chapters1a;False
Robson2011_EmpiricalS;Steinkeller2005_OfStarsand;False
Robson2011_EmpiricalS;Traweek1988_Beamtimesa;False
Robson2011_EmpiricalS;Veldhuis1995_OnInterpre;False
Robson2011_EmpiricalS;Unknown1989_Patronagei;False
Robson2011_EmpiricalS;Westbrook2005_Patronagei;False
Robson2012_TheProduct;Adams1993_ANewModelf;False
Robson2012_TheProduct;Al-Rawi1990_TabletsFro;True
Robson2012_TheProduct;Al-Rawi1990_TabletsFro;True
Robson2012_TheProduct;Al-Rawi1990_TabletsFro;True
Robson2012_TheProduct;Unknown1987_Excavation;False
Robson2012_TheProduct;Beaulieu2006_TheAstrono;False
Robson2012_TheProduct;Black2009_TheLibrari;False
Robson2012_TheProduct;Britton1993_Scientific;False
Robson2012_TheProduct;Brown2000_Mesopotami;False
Robson2012_TheProduct;Cavigneaux1981_Textesscol;False
Robson2012_TheProduct;Clancier2009_Lesbibliot;False
Robson2012_TheProduct;Darnton1982_WhatIstheH;False
Robson2012_TheProduct;Darnton2007_WhatIstheH;False
Robson2012_TheProduct;Dijk1980_Texteausde;False
Robson2012_TheProduct;Edzard1997_GudeaandHi;False
Robson2012_TheProduct;Fahdil1998_DerPrologd;False
Robson2012_TheProduct;Fahdil2008_TheCulticL;False
Robson2012_TheProduct;Fincke2004_TheBritish;False
Robson2012_TheProduct;Frahm2004_RoyalHerme;False
Robson2012_TheProduct;Frayne1997_UrIIIPerio;False
Robson2012_TheProduct;Freedman2006_IfaCityIsS;False
Robson2012_TheProduct;George1986_TheTopogra;False
Robson2012_TheProduct;George2003_TheBabylon;False
Robson2012_TheProduct;Al-Rawi1990_TabletsFro;True
Robson2012_TheProduct;Al-Rawi1990_TabletsFro;True
Robson2012_TheProduct;Gesche2001_Schulunter;False
Robson2012_TheProduct;Gurney1997_ScribesatH;False
Robson2012_TheProduct;Gurney1957_TheSultant;False
Robson2012_TheProduct;Gurney1964_TheSultant;False
Robson2012_TheProduct;Heessel2008_Astrologic;False
Robson2012_TheProduct;Houston2009_Papyrologi;False
Robson2012_TheProduct;Hunger1968_Babylonisc;False
Robson2012_TheProduct;Hunger1976_Spatbabylo;False
Robson2012_TheProduct;Hunger2001_Astronomic;False
Robson2012_TheProduct;Ismail1999_Tabletfrom;False
Robson2012_TheProduct;Lambert1957_AncestorsA;False
Robson2012_TheProduct;Latour1987_ScienceinA;False
Robson2012_TheProduct;Lieberman1990_Canonicala;False
Robson2012_TheProduct;Livingstone2003_PuttingSci;False
Robson2012_TheProduct;Lloyd1953_Sultantepe;False
Robson2012_TheProduct;Maul2003_WiedieBibl;False
Robson2012_TheProduct;Maul2010_DieTontafe;False
Robson2012_TheProduct;Michalowski1995_SailingtoB;False
Robson2012_TheProduct;Michel2003_OldAssyria;False
Robson2012_TheProduct;Moorey1978_KishExcava;False
Robson2012_TheProduct;Oppenheim1960_Assyriolog;False
Robson2012_TheProduct;Oppenheim1977_AncientMes;False
Robson2012_TheProduct;Parpola1983_AssyrianLi;False
Robson2012_TheProduct;Pedersen1985_Archivesan;False
Robson2012_TheProduct;Pedersen1998_Archivesan;False
Robson2012_TheProduct;Pedersen2005_Archiveund;False
Robson2012_TheProduct;Adams1969_BedouinOnN;True
Robson2012_TheProduct;Adams1969_BedouinOnN;True
Robson2012_TheProduct;Robson2000_Mathematic;True
Robson2012_TheProduct;Robson2007_GenderedLi;False
Robson2012_TheProduct;Robson2007_Secretsdef;False
Robson2012_TheProduct;Robson2008_Mathematic;True
Robson2012_TheProduct;Robson2008_Mesopotami;False
Robson2012_TheProduct;Robson2009_ReviewofLa;False
Robson2012_TheProduct;Rochberg1984_Canonicity;False
Robson2012_TheProduct;Rochberg1998_Babylonian;False
Robson2012_TheProduct;Rochberg2004_TheHeavenl;False
Robson2012_TheProduct;Scurlock2005_Sorceryint;False
Robson2012_TheProduct;Soldt1995_SolarOmens;False
Robson2012_TheProduct;Stevens2009_Secretsint;False
Robson2012_TheProduct;Strassmaier1889_Inschrifte;False
Robson2012_TheProduct;Thureau-Dangin1922_Tablettesd;False
Robson2012_TheProduct;Veldhuis1998_TINTIRBaby;False
Robson2012_TheProduct;Veldhuis2000_KassiteExe;True
Robson2012_TheProduct;Veldhuis2003_OnTheCurri;True
Robson2012_TheProduct;Veldhuis2004_ReligionLi;False
Robson2012_TheProduct;Weiher1982_Spatbabylo;False
Robson2012_TheProduct;Weiher1988_Spatbabylo;False
Robson2012_TheProduct;Weiher1993_Spatbabylo;False
Robson2012_TheProduct;Weiher1998_Spatbabylo;False
Robson2012_TheProduct;Wiseman1996_LiteraryTe;False
Tanret2004_TheWorksAn;Anbar1975_Textesdele;False
Tanret2004_TheWorksAn;Graef2002_AnAccounto;False
Tanret2004_TheWorksAn;Edzard1971_Altbabylon;False
Tanret2004_TheWorksAn;Gasche1989_LaBabyloni;False
Tanret2004_TheWorksAn;George0000_InSearchOf;True
Tanret2004_TheWorksAn;Gesche2000_Schulunter;False
Tanret2004_TheWorksAn;Janssen1994_Duchantier;False
Tanret2004_TheWorksAn;Klengel1994_RichterSip;False
Tanret2004_TheWorksAn;Lion2001_DameInanna;False
Tanret2004_TheWorksAn;Dekiere1994_OldBabylon;False
Tanret2004_TheWorksAn;Gasche1993_Outilsbibl;False
Tanret2004_TheWorksAn;Robson2001_TheTabletH;False
Tanret2004_TheWorksAn;Tanret2001_AsYearsWen;False
Tanret2004_TheWorksAn;Tanret2002_Perasperaa;False
Tanret2004_TheWorksAn;Tanret2004_Verbavolan;False
Tanret2004_TheWorksAn;Tanret2004_Puzzlingwi;False
Tanret2004_TheWorksAn;Tanret1993_Priestsand;False
Tanret2004_TheWorksAn;Lerberghe2003_Privateand;False
Tanret2004_TheWorksAn;Veldhuis1997_Elementary;False
Tanret2004_TheWorksAn;Volk1996_Methodenal;False
Tanret2004_TheWorksAn;Robson2000_Mathematic;True
Tanret2004_TheWorksAn;Wilcke2000_Werlasunds;False
Tanret2004_TheWorksAn;Yoffee1977_TheEconomi;False
Tanret2012_LearnedRic;Barberon2005_Quandlamer;False
Tanret2012_LearnedRic;Bourdieu1970_Lareproduc;False
Tanret2012_LearnedRic;Charpin1988_Sippardeux;False
Tanret2012_LearnedRic;Charpin2008_Lireetecri;False
Tanret2012_LearnedRic;Meyer1982_Deuxpriere;False
Tanret2012_LearnedRic;Meyer1989_LedieuNins;False
Tanret2012_LearnedRic;Meyer1989_Unelettred;False
Tanret2012_LearnedRic;Gasche1989_LaBabyloni;False
Tanret2012_LearnedRic;Janssen1991_Eiltampata;False
Tanret2012_LearnedRic;Janssen1992_Inannamans;False
Tanret2012_LearnedRic;Janssen1993_Debrievenv;False
Tanret2012_LearnedRic;Janssen1994_Duchantier;False
Tanret2012_LearnedRic;Robson2001_TheTabletH;False
Tanret2012_LearnedRic;Robson2008_Mathematic;True
Tanret2012_LearnedRic;Tanret1993_Ritualsand;False
Tanret2012_LearnedRic;Tanret2001_AsYearsWen;False
Tanret2012_LearnedRic;Tanret2002_Perasperaa;False
Tanret2012_LearnedRic;Tanret2004_Verbavolan;False
Tanret2012_LearnedRic;Tanret2008_FindtheTab;False
Tanret2012_LearnedRic;Veldhuis1997_Elementary;False
Tanret2012_LearnedRic;Adams1969_BedouinOnN;True
Tinney1998_ScribalEdu;Charpin1986_LeclergedU;False
Tinney1998_ScribalEdu;Civil1975_Lexicograp;False
Tinney1998_ScribalEdu;Civil1979_Materialsf;False
Tinney1998_ScribalEdu;George0000_InSearchOf;True
Tinney1998_ScribalEdu;Gadd1963_UrExcavati;False
Tinney1998_ScribalEdu;Gasche1989_LaBabyloni;False
Tinney1998_ScribalEdu;Ghirshman1965_Suseautemp;False
Tinney1998_ScribalEdu;Hilprecht1903_Exploratio;False
Tinney1998_ScribalEdu;Kramer1949_Schooldays;True
Tinney1998_ScribalEdu;Kramer1977_TheUrExcav;True
Tinney1998_ScribalEdu;Michalowski1987_Charismaan;False
Tinney1998_ScribalEdu;Michalowski1995_SumerianLi;False
Tinney1998_ScribalEdu;Robson1995_ReviewofNe;False
Tinney1998_ScribalEdu;Sjoberg1975_TheOldBaby;False
Tinney1998_ScribalEdu;Tinney1995_OnthePoetr;False
Tinney1998_ScribalEdu;Vanstiphout1978_LipitEshta;False
Tinney1998_ScribalEdu;Vanstiphout1979_HowDidThey;True
Tinney1998_ScribalEdu;Veldhuis1997_Elementary;False
Tsouparopoulou0000_HiddenMess;Ambos2004_Mesopotami;False
Tsouparopoulou0000_HiddenMess;Banks1912_Bismyaorth;False
Tsouparopoulou0000_HiddenMess;Beaulieu1994_Antiquaria;False
Tsouparopoulou0000_HiddenMess;Sarzec1884_Decouverte;False
Tsouparopoulou0000_HiddenMess;Dunham1986_SumerianWo;False
Tsouparopoulou0000_HiddenMess;Edzard1997_GudeaandHi;False
Tsouparopoulou0000_HiddenMess;Foucault1969_Larcheolog;False
Tsouparopoulou0000_HiddenMess;Frayne2008_Presargoni;False
Tsouparopoulou0000_HiddenMess;Haines1956_WhereaGodd;False
Tsouparopoulou0000_HiddenMess;Haines1958_FurtherExc;False
Tsouparopoulou0000_HiddenMess;Hallo1962_TheRoyalIn;False
Tsouparopoulou0000_HiddenMess;Hansen1970_AlHiba1968;False
Tsouparopoulou0000_HiddenMess;Hansen1992_RoyalBuild;False
Tsouparopoulou0000_HiddenMess;Hilgert2010_TextAnthro;False
Tsouparopoulou0000_HiddenMess;Mecquenem1911_Constructi;False
Tsouparopoulou0000_HiddenMess;Muscarella1988_BronzeandI;False
Tsouparopoulou0000_HiddenMess;Oppenheim1964_AncientMes;False
Tsouparopoulou0000_HiddenMess;Parrot1948_TelloVingt;False
Tsouparopoulou0000_HiddenMess;Pearce2010_Materialso;False
Tsouparopoulou0000_HiddenMess;Porter1993_ImagesPowe;False
Tsouparopoulou0000_HiddenMess;Rashid1983_Grundungsf;False
Tsouparopoulou0000_HiddenMess;Schaudig2003_Nabonidder;False
Tsouparopoulou0000_HiddenMess;Suter2000_GudeasTemp;False
Tsouparopoulou0000_HiddenMess;Thomason2005_LuxuryandL;False
Tsouparopoulou0000_HiddenMess;Veldhuis1997_UrukAltbab;True
Tsouparopoulou0000_HiddenMess;Weisberg1998_TheAntiqua;False
Tsouparopoulou0000_HiddenMess;Wengrow2005_Violencein;False
Tsouparopoulou0000_HiddenMess;Wiggermann1992_Mesopotami;False
Tsouparopoulou0000_HiddenMess;Wilson2012_BismayaRec;False
Tsouparopoulou0000_HiddenMess;Winter2000_Babylonian;False
Tsouparopoulou0000_HiddenMess;Woolley1926_TheExcavat;False
Tsouparopoulou0000_HiddenMess;Woolley1939_TheZiggura;False
Tsouparopoulou0000_HiddenMess;Woolley1962_TheNeoBaby;False
Tsouparopoulou0000_HiddenMess;Woolley1974_TheBuildin;False
Tsouparopoulou0000_HiddenMess;Zettler1986_Frombeneat;False
Tsouparopoulou0000_HiddenMess;Zettler1992_TheUrIIIIn;False
Veldhuis2000_KassiteExe;Alster1997_Proverbsof;False
Veldhuis2000_KassiteExe;Alster1983_EnlilandNi;False
Veldhuis2000_KassiteExe;Andre-Salvini1999_Lestablett;False
Veldhuis2000_KassiteExe;Black1998_TheElectro;False
Veldhuis2000_KassiteExe;Adams1969_BedouinOnN;True
Veldhuis2000_KassiteExe;Black1994_TheFarmers;False
Veldhuis2000_KassiteExe;Black1987_SumerianRi;False
Veldhuis2000_KassiteExe;Cavigneaux1981_Textesscol;False
Veldhuis2000_KassiteExe;Cole1996_NippurinLa;False
Veldhuis2000_KassiteExe;Cooper1996_Miettesdel;False
Veldhuis2000_KassiteExe;Cooper1978_TheReturno;False
Veldhuis2000_KassiteExe;Dijk1983_LUGALUDMEL;False
Veldhuis2000_KassiteExe;Eidem1997_CuneiformI;False
Veldhuis2000_KassiteExe;Falkowitz1984_RoundOldBa;True
Veldhuis2000_KassiteExe;Finkel1986_OntheSerie;False
Veldhuis2000_KassiteExe;George1999_TheEpicofG;False
Veldhuis2000_KassiteExe;Gordon1959_SumerianPr;False
Veldhuis2000_KassiteExe;Hilgert1998_DrehemAdmi;False
Veldhuis2000_KassiteExe;Koldewey1908_AusdenBeri;False
Veldhuis2000_KassiteExe;Kraus1985_Mittelbaby;False
Veldhuis2000_KassiteExe;Litke1998_AReconstru;False
Veldhuis2000_KassiteExe;McEwan1986_ReviewofJe;False
Veldhuis2000_KassiteExe;Michalowski2013_FromTheCol;True
Veldhuis2000_KassiteExe;Pedersen1998_Archivesan;False
Veldhuis2000_KassiteExe;Pedersen1998_Zudenaltba;False
Veldhuis2000_KassiteExe;Reiner1987_OntheEarly;False
Veldhuis2000_KassiteExe;Reiner1998_Literature;False
Veldhuis2000_KassiteExe;Sassmannshausen1994_Einungewoh;False
Veldhuis2000_KassiteExe;Sjoberg1975_Inninmagur;False
Veldhuis2000_KassiteExe;Sladek1974_InannasDes;False
Veldhuis2000_KassiteExe;Stol1980_Lederindus;False
Veldhuis2000_KassiteExe;Tigay1982_TheEvoluti;False
Veldhuis2000_KassiteExe;Veldhuis1999_ReviewofSi;False
Veldhuis2000_KassiteExe;Veldhuis2000_ReviewSume;True
Veldhuis2002_StudiesInS;Alster1997_Proverbsof;False
Veldhuis2002_StudiesInS;Archi1973_FromEnkisH;False
Veldhuis2002_StudiesInS;Archi1987_TheSignlis;False
Veldhuis2002_StudiesInS;Bauer1994_TheFarmers;False
Veldhuis2002_StudiesInS;Bauer1998_Dervorsarg;False
Veldhuis2002_StudiesInS;Bauer2002_TheForerun;False
Veldhuis2002_StudiesInS;Civil1961_TheHomeoft;False
Veldhuis2002_StudiesInS;Civil1975_Lexicograp;False
Veldhuis2002_StudiesInS;Cohen1976_LiteraryTe;False
Veldhuis2002_StudiesInS;Cohen1988_TheCanonic;False
Veldhuis2002_StudiesInS;Cooper1983_TheCurseof;False
Veldhuis2002_StudiesInS;Maaijer1999_IBTURTumma;False
Veldhuis2002_StudiesInS;Englund1995_TheresaRat;False
Veldhuis2002_StudiesInS;Farber1977_Beschworun;False
Veldhuis2002_StudiesInS;Finkel1998_AStudyinSc;False
Veldhuis2002_StudiesInS;Geller1985_Forerunner;False
Veldhuis2002_StudiesInS;George1999_TheDogsofN;False
Veldhuis2002_StudiesInS;Hallo1970_TheCulticS;False
Veldhuis2002_StudiesInS;Heimpel1968_Tierbilder;False
Veldhuis2002_StudiesInS;Jacobsen2000_Ningiszida;False
Veldhuis2002_StudiesInS;Krebernik1983_ZuSyllabar;False
Veldhuis2002_StudiesInS;Krebernik1984_DieBeschwo;False
Veldhuis2002_StudiesInS;Krecher1966_Sumerische;False
Veldhuis2002_StudiesInS;Krecher1983_Eineunorth;False
Veldhuis2002_StudiesInS;Krispijn1981_DieIdentif;False
Veldhuis2002_StudiesInS;Landsberger1934_DieFaunade;False
Veldhuis2002_StudiesInS;Litke1998_AReconstru;False
Veldhuis2002_StudiesInS;Owen1981_OfBirdsEgg;False
Veldhuis2002_StudiesInS;Rubio0_Orthograph;False
Veldhuis2002_StudiesInS;Salonen1973_VogelundVo;False
Veldhuis2002_StudiesInS;Schretter1990_EmesalStud;False
Veldhuis2002_StudiesInS;Sjoberg1960_DerMondgot;False
Veldhuis2002_StudiesInS;Sjoberg1969_TheCollect;False
Veldhuis2002_StudiesInS;Sjoberg1972_HeIsaGoodS;False
Veldhuis2002_StudiesInS;Steinkeller1984_TheSumeria;False
Veldhuis2002_StudiesInS;Steinkeller2001_NewLighton;False
Veldhuis2002_StudiesInS;Veldhuis1996_ANippurEme;False
Veldhuis2002_StudiesInS;Wilcke1969_DasLugalba;False
Veldhuis2003_OnTheCurri;Civil1987_FeedingDum;False
Veldhuis2003_OnTheCurri;Horowitz1988_AnAssurSou;False
Veldhuis2003_OnTheCurri;Veldhuis2000_KassiteExe;True
Veldhuis2006_HowDidThey;Biggs1974_Inscriptio;False
Veldhuis2006_HowDidThey;Civil1983_TheSignLAK;False
Veldhuis2006_HowDidThey;Cohen1976_TheNameNin;False
Veldhuis2006_HowDidThey;Englund1998_Textsfromt;False
Veldhuis2006_HowDidThey;Englund1993_Dielexikal;False
Veldhuis2006_HowDidThey;Farber-Flugge1999_KleinerLei;False
Veldhuis2006_HowDidThey;Gelb1991_EarliestLa;False
Veldhuis2006_HowDidThey;Green1981_TheConstru;False
Veldhuis2006_HowDidThey;Green1987_Zeichenlis;False
Veldhuis2006_HowDidThey;Krebernik1998_DieTexteau;False
Veldhuis2006_HowDidThey;Krispijn1992_TheEarlyMe;False
Veldhuis2006_HowDidThey;Ludwig1990_Untersuchu;False
Veldhuis2006_HowDidThey;Michalowski1994_Writingand;False
Veldhuis2006_HowDidThey;Nissen2004_DieVerwend;False
Veldhuis2006_HowDidThey;Oppenheim1977_AncientMes;False
Veldhuis2006_HowDidThey;Pearce1996_TheNumberS;False
Veldhuis2006_HowDidThey;Steinkeller1990_TheValuesu;False
Veldhuis2006_HowDidThey;Steinkeller1995_ReviewofZe;False
Veldhuis2006_HowDidThey;Steinkeller2004_ABuildingI;False
Veldhuis2006_HowDidThey;Steinkeller2004_StudiesinT;False
Veldhuis2006_HowDidThey;Tanret2002_Perasperaa;False
Veldhuis2006_HowDidThey;Vanstiphout1979_HowDidThey;True
Veldhuis2006_HowDidThey;Vanstiphout1992_Repetition;False
Veldhuis2006_HowDidThey;Veldhuis2004_ReligionLi;False
Veldhuis2006_HowDidThey;Hilprecht2004_ModelTexts;True
Veldhuis2006_HowDidThey;Soden1936_Leistungun;False
Veldhuis2006_HowDidThey;Westenholz1998_Thoughtson;False
Veldhuis2006_HowDidThey;Wilcke1995_DieInschri;False
Veldhuis2006_HowDidThey;Wilcke2003_EarlyAncie;False
Veldhuis2012_PrestigeDi;Black1998_TheElectro;False
Veldhuis2012_PrestigeDi;Adams1969_BedouinOnN;True
Veldhuis2012_PrestigeDi;Bock2004_Uberlegung;False
Veldhuis2012_PrestigeDi;Civil1989_TheTextsfr;False
Veldhuis2012_PrestigeDi;George0000_InSearchOf;True
Veldhuis2012_PrestigeDi;Clayden1996_KurigalzuI;False
Veldhuis2012_PrestigeDi;Cohen2004_KidinGulaT;False
Veldhuis2012_PrestigeDi;Feldman2006_Diplomacyb;False
Veldhuis2012_PrestigeDi;Finkelstein1953_CuneiformT;False
Veldhuis2012_PrestigeDi;Fleming1992_TheInstall;False
Veldhuis2012_PrestigeDi;Fleming2000_TimeatEmar;False
Veldhuis2012_PrestigeDi;Foster1993_BeforetheM;False
Veldhuis2012_PrestigeDi;Izre'el1997_TheAmarnaS;False
Veldhuis2012_PrestigeDi;Kramer1948_Fragmentso;False
Veldhuis2012_PrestigeDi;Lenzi2008_Secrecyand;False
Veldhuis2012_PrestigeDi;Machinist1984_TheAssyria;False
Veldhuis2012_PrestigeDi;Maul1998_MardukNabu;False
Veldhuis2012_PrestigeDi;Moran1992_TheAmarnaL;False
Veldhuis2012_PrestigeDi;Myhrman1911_Babylonian;False
Veldhuis2012_PrestigeDi;Pedersen1985_Archivesan;False
Veldhuis2012_PrestigeDi;Sallaberger1996_ReviewofFl;False
Veldhuis2012_PrestigeDi;Slanski2000_Classifica;False
Veldhuis2012_PrestigeDi;Mieroop2007_AHistoryof;False
Veldhuis2012_PrestigeDi;Soldt2001_Nabusallim;False
Veldhuis2012_PrestigeDi;Veldhuis2000_KassiteExe;True
Veldhuis2012_PrestigeDi;Veldhuis2008_Kurigalzus;False
Veldhuis2012_PrestigeDi;Weidner1952_DieBibliot;False
Veldhuis2012_PrestigeDi;Westenholz2005_SingaSongf;False
Veldhuis2012_PrestigeDi;Wiggermann2008_ABabylonia;False
Veldhuis2012_PrestigeDi;Yamada2006_TheHittite;False
Veldhuis2013_PurityAndA;Bongenaar1997_TheNeoBaby;False
Veldhuis2013_PurityAndA;Cavigneaux1980_DieFragmen;False
Veldhuis2013_PurityAndA;Cavigneaux1981_TextsfromB;False
Veldhuis2013_PurityAndA;Cavigneaux1996_Uncolophon;False
Veldhuis2013_PurityAndA;Cavigneaux1999_Nabusahare;False
Veldhuis2013_PurityAndA;Civil2010_TheLexical;False
Veldhuis2013_PurityAndA;Clancier2009_Lesbibliot;False
Veldhuis2013_PurityAndA;Frahm1995_TonvomTond;False
Veldhuis2013_PurityAndA;Frahm2002_Assur2001D;False
Veldhuis2013_PurityAndA;Frahm2011_Babylonian;False
Veldhuis2013_PurityAndA;George1992_Babylonian;False
Veldhuis2013_PurityAndA;George2010_TheColopho;False
Veldhuis2013_PurityAndA;Gesche1995_TonvomTond;False
Veldhuis2013_PurityAndA;Gesche2001_Schulunter;False
Veldhuis2013_PurityAndA;Foster2003_LateBabylo;True
Veldhuis2013_PurityAndA;Hrusa2010_Dieakkadis;False
Veldhuis2013_PurityAndA;Ludwig2009_Literarisc;False
Veldhuis2013_PurityAndA;Maul1998_Tikipsanta;False
Veldhuis2013_PurityAndA;Ossendrijver2011_Exzellente;False
Veldhuis2013_PurityAndA;Ossendrijver2011_ScienceinA;False
Veldhuis2013_PurityAndA;Pearce1993_Statements;False
Veldhuis2013_PurityAndA;Pedersen2005_Archiveund;False
Veldhuis2013_PurityAndA;Peterson2007_ANewSource;False
Veldhuis2013_PurityAndA;Snell1994_ANeoBabylo;False
Veldhuis2013_PurityAndA;Veldhuis1996_ANippurEme;False
Veldhuis2013_PurityAndA;Waerzeggers2010_TheEzidaTe;False
Veldhuis2013_PurityAndA;Waerzeggers2011_TheBabylon;False
Veldhuis2013_PurityAndA;Wagensonner2011_AScribalFa;False
Yushu2010_TheSumeria;Cohen1973_Enmerkaran;False
Yushu2010_TheSumeria;Englund1998_Textsfromt;False
Yushu2010_TheSumeria;Farber-Flugge1973_DerMythosI;False
Yushu2010_TheSumeria;Glassner2003_TheInventi;False
Yushu2010_TheSumeria;Green1980_AnimalHusb;False
Yushu2010_TheSumeria;Green1981_TheConstru;False
Yushu2010_TheSumeria;Green1987_Zeichenlis;False
Yushu2010_TheSumeria;Jacobsen1939_TheSumeria;False
Yushu2010_TheSumeria;Jacobsen1987_TheHarpsTh;False
Yushu2010_TheSumeria;Komoroczy1975_ZurAtiolog;False
Yushu2010_TheSumeria;Kramer1952_Enmerkaran;False
Yushu2010_TheSumeria;Kramer1959_HistoryBeg;False
Yushu2010_TheSumeria;Lieberman1980_OfClayPebb;False
Yushu2010_TheSumeria;Michalowski1986_MentalMaps;False
Yushu2010_TheSumeria;Michalowski2012_LiteracySc;True
Yushu2010_TheSumeria;Nissen1990_FruheSchri;False
Yushu2010_TheSumeria;Pallis1956_TheAntiqui;False
Yushu2010_TheSumeria;Powell1981_ThreeProbl;False
Yushu2010_TheSumeria;Rogers1915_AHistoryof;False
Yushu2010_TheSumeria;George2008_Approaches;True
Yushu2010_TheSumeria;Schmandt-Besserat1977_AnArchaicR;False
Yushu2010_TheSumeria;Schmandt-Besserat1979_AnArchaicR;False
Yushu2010_TheSumeria;Schmandt-Besserat1992_BeforeWrit;False
Yushu2010_TheSumeria;Steinkeller2004_TheFunctio;False
Yushu2010_TheSumeria;Vanstiphout1989_EnmerkarsI;False
Yushu2010_TheSumeria;Vanstiphout1994_AnotherAtt;False
Yushu2010_TheSumeria;Vanstiphout1999_TheTwinTon;False
Yushu2010_TheSumeria;Whittaker2001_TheDawnofW;False
Yushu2010_TheSumeria;Wiseman1955_AssyrianWr;False
Charpin2010_ReadingAnd;Abraham2004_Businessan;False
Charpin2010_ReadingAnd;Abrahami2008_Delusageet;False
Charpin2010_ReadingAnd;Abusch2002_Mesopotami;False
Charpin2010_ReadingAnd;Unknown2002_RichesHidd;False
Charpin2010_ReadingAnd;Unknown1999_Mesopotami;False
Charpin2010_ReadingAnd;Unknown2001_Historiogr;False
Charpin2010_ReadingAnd;Al-Jadir1998_Decouverte;False
Charpin2010_ReadingAnd;Al-Rawi1990_TabletsFro;True
Charpin2010_ReadingAnd;Al-Rawi2000_OldBabylon;False
Charpin2010_ReadingAnd;Al-Rawi1990_TabletsFro;True
Charpin2010_ReadingAnd;Alster1987_ANoteonthe;False
Charpin2010_ReadingAnd;Alster1997_Proverbsof;False
Charpin2010_ReadingAnd;Veldhuis2000_ReviewSume;True
Charpin2010_ReadingAnd;Anbar1975_Textesdele;False
Charpin2010_ReadingAnd;Unknown1982_Naissanced;False
Charpin2010_ReadingAnd;Archi1992_Transmissi;False
Charpin2010_ReadingAnd;Archi2003_ArchivalRe;False
Charpin2010_ReadingAnd;Arnaud1980_Labiblioth;False
Charpin2010_ReadingAnd;Arnaud1987_Textesdela;False
Charpin2010_ReadingAnd;Arnaud1987_LaSyrieduM;False
Charpin2010_ReadingAnd;Arnaud2007_Corpusdest;False
Charpin2010_ReadingAnd;Unknown2009_Advancesin;False
Charpin2010_ReadingAnd;Baker2003_RecordKeep;False
Charpin2010_ReadingAnd;Battini1996_Lalocalisa;False
Charpin2010_ReadingAnd;Bauer1998_Mesopotami;False
Charpin2010_ReadingAnd;Cecile2009_LesFemmesE;True
Charpin2010_ReadingAnd;Beaulieu1989_TheReignof;False
Charpin2010_ReadingAnd;Beaulieu1993_TheHistori;False
Charpin2010_ReadingAnd;Beaulieu2000_TheDescend;False
Charpin2010_ReadingAnd;Beaulieu2006_TheAstrono;False
Charpin2010_ReadingAnd;Beaulieu2007_LateBabylo;False
Charpin2010_ReadingAnd;Beckman1983_Mesopotami;True
Charpin2010_ReadingAnd;Beckman1996_HittiteDip;False
Charpin2010_ReadingAnd;Hoffner2009_HittiteStu;True
Charpin2010_ReadingAnd;Unknown1989_DUMUEDUBBA;False
Charpin2010_ReadingAnd;Bezold1889_Catalogueo;False
Charpin2010_ReadingAnd;Biga2003_TheReconst;False
Charpin2010_ReadingAnd;Biggs1973_RegionalCu;False
Charpin2010_ReadingAnd;Birot1985_Leschroniq;False
Charpin2010_ReadingAnd;Black2008_TextsfromU;False
Charpin2010_ReadingAnd;Bleibtreu2003_Bemerkunge;False
Charpin2010_ReadingAnd;Bock1996_WennduzuNi;False
Charpin2010_ReadingAnd;Bock2000_Mesopotami;False
Charpin2010_ReadingAnd;Bonechi1992_Relationsa;False
Charpin2010_ReadingAnd;Bonneterre1988_Pouruneetu;False
Charpin2010_ReadingAnd;Unknown1991_Unebibliot;False
Charpin2010_ReadingAnd;Borger1957_Geheimwiss;False
Charpin2010_ReadingAnd;Borger1990_Schlusselz;False
Charpin2010_ReadingAnd;Borger1996_Beitragezu;False
Charpin2010_ReadingAnd;Bottero1974_Symptomess;False
Charpin2010_ReadingAnd;Bottero1985_Mythesetri;False
Charpin2010_ReadingAnd;Bottero1987_LaMesopota;False
Charpin2010_ReadingAnd;Boyer1958_Textesjuri;False
Charpin2010_ReadingAnd;Brinkman2006_Babylonian;False
Charpin2010_ReadingAnd;Unknown2003_AncientArc;False
Charpin2010_ReadingAnd;Brosius2003_AncientArc;False
Charpin2010_ReadingAnd;Brown2000_Mesopotami;False
Charpin2010_ReadingAnd;Buccellati1993_ThroughaTa;False
Charpin2010_ReadingAnd;Butler1998_Mesopotami;False
Charpin2010_ReadingAnd;Cancik-Kirschbaum1996_Diemittela;False
Charpin2010_ReadingAnd;Cancik-Kirschbaum2006_Lescaracte;False
Charpin2010_ReadingAnd;Caquot1989_Textesreli;False
Charpin2010_ReadingAnd;Cassin1987_Lesemblabl;False
Charpin2010_ReadingAnd;Castel1995_Contextear;False
Charpin2010_ReadingAnd;Cavigneaux1981_Textesscol;False
Charpin2010_ReadingAnd;Cavigneaux1982_Schultexte;False
Charpin2010_ReadingAnd;Cavigneaux1996_Uncolophon;False
Charpin2010_ReadingAnd;Cavigneaux1996_URUKAltbab;False
Charpin2010_ReadingAnd;Cavigneaux1999_Nabusahare;False
Charpin2010_ReadingAnd;Cavigneaux1999_AScholarsL;False
Charpin2010_ReadingAnd;Cecen1995_Inamatikae;False
Charpin2010_ReadingAnd;Chamaza1992_Syntactica;False
Charpin2010_ReadingAnd;Charpin1980_Archivesfa;False
Charpin2010_ReadingAnd;Charpin1983_Uninventai;False
Charpin2010_ReadingAnd;Charpin1984_Nouveauxdo;False
Charpin2010_ReadingAnd;Charpin1985_Lesarchive;False
Charpin2010_ReadingAnd;Charpin1985_Lesarchive;False
Charpin2010_ReadingAnd;Charpin1986_LeclergedU;False
Charpin2010_ReadingAnd;Charpin1986_Transmissi;False
Charpin2010_ReadingAnd;Charpin1987_Nouveauxdo;False
Charpin2010_ReadingAnd;Charpin1989_Correction;False
Charpin2010_ReadingAnd;Charpin1990_Lesdivinit;False
Charpin2010_ReadingAnd;Charpin1990_Uneallianc;False
Charpin2010_ReadingAnd;Charpin1991_Untraiteen;False
Charpin2010_ReadingAnd;Charpin1992_Lesmalheur;False
Charpin2010_ReadingAnd;Charpin1992_Leslegende;False
Charpin2010_ReadingAnd;Charpin1993_Unsouverai;False
Charpin2010_ReadingAnd;Charpin1994_Lesumerien;False
Charpin2010_ReadingAnd;Charpin1995_Leserreurs;False
Charpin2010_ReadingAnd;Charpin1997_Sapiratumv;False
Charpin2010_ReadingAnd;Charpin1999_SumerIIIEc;False
Charpin2010_ReadingAnd;Charpin2000_Lettresetp;False
Charpin2010_ReadingAnd;Charpin2000_Lespreteur;False
Charpin2010_ReadingAnd;Charpin2002_Esquissedu;False
Charpin2010_ReadingAnd;Charpin2002_Lacommemor;False
Charpin2010_ReadingAnd;Charpin2003_Lesacrific;False
Charpin2010_ReadingAnd;Charpin2004_Histoirepo;False
Charpin2010_ReadingAnd;Charpin2006_Lesinscrip;False
Charpin2010_ReadingAnd;Charpin2010_WritingLaw;True
Charpin2010_ReadingAnd;Civil1975_Lexicograp;False
Charpin2010_ReadingAnd;Civil1979_TheSeriesl;False
Charpin2010_ReadingAnd;Civil1983_AnEarlyDyn;False
Charpin2010_ReadingAnd;Civil1987_UrIIIBurea;False
Charpin2010_ReadingAnd;Civil1989_TheTextsfr;False
Charpin2010_ReadingAnd;Civil1998_BilingualT;False
Charpin2010_ReadingAnd;Civil2008_TheEarlyDy;False
Charpin2010_ReadingAnd;Clancier2005_Lesbibliot;False
Charpin2010_ReadingAnd;Cohen1988_TheCanonic;False
Charpin2010_ReadingAnd;Unknown1993_TheTableta;False
Charpin2010_ReadingAnd;Cohen2004_KidinGulaT;False
Charpin2010_ReadingAnd;Cole1996_TheEarlyNe;False
Charpin2010_ReadingAnd;Cooper2006_Responsefo;False
Charpin2010_ReadingAnd;Cooper1983_TheSumeria;False
Charpin2010_ReadingAnd;Dain1961_Introducti;False
Charpin2010_ReadingAnd;Unknown2008_TheCityofE;False
Charpin2010_ReadingAnd;Dalley1973_OldBabylon;False
Charpin2010_ReadingAnd;Dalley1976_TheOldBaby;False
Charpin2010_ReadingAnd;Daniels1995_TheDeciphe;False
Charpin2010_ReadingAnd;Daniels1995_CuneiformC;False
Charpin2010_ReadingAnd;Dassow2009_NaramSinof;False
Charpin2010_ReadingAnd;Riva2008_TheNeoBaby;False
Charpin2010_ReadingAnd;Demare-Lafont1987_Linterpret;False
Charpin2010_ReadingAnd;Unknown2004_Assyriaand;False
Charpin2010_ReadingAnd;Unknown1999_BorninHeav;False
Charpin2010_ReadingAnd;Dietrich1990_Dieakkadis;False
Charpin2010_ReadingAnd;Dietrich2001_Babylonisc;False
Charpin2010_ReadingAnd;Unknown1995_VomAltenOr;False
Charpin2010_ReadingAnd;Dombradi1996_DieDarstel;False
Charpin2010_ReadingAnd;Donbaz1997_IstanbulMu;False
Charpin2010_ReadingAnd;Unknown2003_CulturalRe;False
Charpin2010_ReadingAnd;Driver1976_SemiticWri;False
Charpin2010_ReadingAnd;Durand1982_Sumerienet;False
Charpin2010_ReadingAnd;Durand1984_Troisetude;False
Charpin2010_ReadingAnd;Durand1985_Lasituatio;False
Charpin2010_ReadingAnd;Durand1985_Lesdamesdu;False
Charpin2010_ReadingAnd;Durand1987_Documentsp;False
Charpin2010_ReadingAnd;Durand1988_Archivesep;False
Charpin2010_ReadingAnd;Durand1988_Lecturedun;False
Charpin2010_ReadingAnd;Durand1991_Precurseur;False
Charpin2010_ReadingAnd;Durand1992_Uniteetdiv;False
Charpin2010_ReadingAnd;Durand1997_Lesdocumen;False
Charpin2010_ReadingAnd;Durand1998_Lesdocumen;False
Charpin2010_ReadingAnd;Durand2000_Lesdocumen;False
Charpin2010_ReadingAnd;Durand2000_Assyriolog;False
Charpin2010_ReadingAnd;Durand2003_Laconscien;False
Charpin2010_ReadingAnd;Durand2006_Lalettrede;False
Charpin2010_ReadingAnd;Durand2008_Lareligion;False
Charpin2010_ReadingAnd;Durand1997_Lesrituels;False
Charpin2010_ReadingAnd;Unknown1985_Miscellane;False
Charpin2010_ReadingAnd;Edel1994_Dieagyptis;False
Charpin2010_ReadingAnd;Edel1997_DerVertrag;False
Charpin2010_ReadingAnd;Edzard1976_Keilschrif;False
Charpin2010_ReadingAnd;Edzard1997_Ledevelopp;False
Charpin2010_ReadingAnd;Adams1969_BedouinOnN;True
Charpin2010_ReadingAnd;Eidem2000_NorthernJe;False
Charpin2010_ReadingAnd;Eidem2002_TheClayThe;False
Charpin2010_ReadingAnd;Eidem2008_ApumAKingd;False
Charpin2010_ReadingAnd;Unknown1992_Nippuratth;False
Charpin2010_ReadingAnd;Tsouparopoulou0000_HiddenMess;True
Charpin2010_ReadingAnd;Elsen-Novak2006_DerKonigde;False
Charpin2010_ReadingAnd;Englund1998_Textsfromt;False
Charpin2010_ReadingAnd;Eph'al2006_Observatio;False
Charpin2010_ReadingAnd;Faivre1995_Lerecyclag;False
Charpin2010_ReadingAnd;Fales1986_AramaicEpi;False
Charpin2010_ReadingAnd;Fales1991_Narrativea;False
Charpin2010_ReadingAnd;Fales1999_AssyrianRo;False
Charpin2010_ReadingAnd;Fales2007_Multilingu;False
Charpin2010_ReadingAnd;Adams1969_BedouinOnN;True
Charpin2010_ReadingAnd;Figulla1953_AccountsCo;False
Charpin2010_ReadingAnd;Fincke2004_TheBabylon;True
Charpin2010_ReadingAnd;Fincke2006_Ominadiego;False
Charpin2010_ReadingAnd;Finet1969_Lessymbole;False
Charpin2010_ReadingAnd;Finkel1988_Adadaplaid;False
Charpin2010_ReadingAnd;Finkel2006_OnanIzbuVI;False
Charpin2010_ReadingAnd;Fleming2000_TimeatEmar;False
Charpin2010_ReadingAnd;Foster1986_Archivesan;False
Charpin2010_ReadingAnd;Foster1991_OnAuthorsh;False
Charpin2010_ReadingAnd;Foster1993_Lettersand;False
Charpin2010_ReadingAnd;Foster2003_LateBabylo;True
Charpin2010_ReadingAnd;Michalowski2012_LiteracySc;True
Charpin2010_ReadingAnd;Foster2005_Shuruppaka;False
Charpin2010_ReadingAnd;Foster2005_BeforetheM;False
Charpin2010_ReadingAnd;Foster2007_AkkadianLi;False
Charpin2010_ReadingAnd;Frahm1997_Einleitung;False
Charpin2010_ReadingAnd;Frahm0_Forthcomin;False
Charpin2010_ReadingAnd;Frake1983_DidLiterac;False
Charpin2010_ReadingAnd;Frame2005_TheRoyalLi;True
Charpin2010_ReadingAnd;Charpin2019_PriestsOfU;True
Charpin2010_ReadingAnd;Freedman1998_IfaCityIsS;False
Charpin2010_ReadingAnd;Freedman2006_IfaCityIsS;False
Charpin2010_ReadingAnd;Freedman2006_BM129092;False
Charpin2010_ReadingAnd;Friberg1987_Mathematik;False
Charpin2010_ReadingAnd;Fronzaroli2003_Testidican;False
Charpin2010_ReadingAnd;Galter1997_Assyrische;False
Charpin2010_ReadingAnd;Garfinkle2004_ShepherdsM;False
Charpin2010_ReadingAnd;Gasche2006_Lieudensei;False
Charpin2010_ReadingAnd;Unknown1994_Cinquanted;False
Charpin2010_ReadingAnd;Gavrilov1997_Techniques;False
Charpin2010_ReadingAnd;Gelb1977_Typologyof;False
Charpin2010_ReadingAnd;Gelb1991_EarliestLa;False
Charpin2010_ReadingAnd;Geller1997_TheLastWed;False
Charpin2010_ReadingAnd;Geller2005_RenalandRe;False
Charpin2010_ReadingAnd;George1986_Sennacheri;False
Charpin2010_ReadingAnd;George2003_TheBabylon;False
Charpin2010_ReadingAnd;George2003_ReviewofGe;False
Charpin2010_ReadingAnd;George2005_InSearchof;False
Charpin2010_ReadingAnd;George2007_TheEpicofG;False
Charpin2010_ReadingAnd;George2007_Gilgamesha;False
Charpin2010_ReadingAnd;George2007_TheGilgame;False
Charpin2010_ReadingAnd;Unknown2000_WisdomGods;False
Charpin2010_ReadingAnd;Gesche2001_Schulunter;False
Charpin2010_ReadingAnd;Unknown1977_SealsandSe;False
Charpin2010_ReadingAnd;Glassner2004_Mesopotami;False
Charpin2010_ReadingAnd;Godard1990_Lepouvoird;False
Charpin2010_ReadingAnd;Goddeeris2002_Economyand;False
Charpin2010_ReadingAnd;Goetze1947_OldBabylon;False
Charpin2010_ReadingAnd;Hasselbach-Andee2020_Multilingu;True
Charpin2010_ReadingAnd;Goossens1952_Introducti;False
Charpin2010_ReadingAnd;Grayson1980_Historiesa;False
Charpin2010_ReadingAnd;Grayson1987_AssyrianRu;False
Charpin2010_ReadingAnd;Grayson1991_AssyrianRu;False
Charpin2010_ReadingAnd;Grayson1996_AssyrianRu;False
Charpin2010_ReadingAnd;Grayson2000_Murmuringi;False
Charpin2010_ReadingAnd;Green1981_TheConstru;False
Charpin2010_ReadingAnd;Greengus1969_OldBabylon;False
Charpin2010_ReadingAnd;Guichard1994_Aupaysdela;False
Charpin2010_ReadingAnd;Guichard1997_Violationd;False
Charpin2010_ReadingAnd;Guichard1999_Lesmention;False
Charpin2010_ReadingAnd;Guichard2004_Lamaledict;False
Charpin2010_ReadingAnd;Unknown2006_IfaManBuil;False
Charpin2010_ReadingAnd;Gunbatti2001_TheRiverOr;False
Charpin2010_ReadingAnd;Gurney1989_Literaryan;False
Charpin2010_ReadingAnd;Hackl2007_Dersubordi;False
Charpin2010_ReadingAnd;Hagenbuchner1989_DieKorresp;False
Charpin2010_ReadingAnd;Hallo1977_SealsLosta;False
Charpin2010_ReadingAnd;Hallo2002_AModelCour;False
Charpin2010_ReadingAnd;Unknown2001_SealsandSe;False
Charpin2010_ReadingAnd;Harper1892_AssyrianAn;True
Charpin2010_ReadingAnd;Hattori2001_SealPracti;False
Charpin2010_ReadingAnd;Heesel2000_Babylonisc;False
Charpin2010_ReadingAnd;Heimpel2003_Letterstot;False
Charpin2010_ReadingAnd;Hilprecht1910_TheEarlies;False
Charpin2010_ReadingAnd;Horowitz2004_FromHazort;False
Charpin2010_ReadingAnd;Horsnell1999_TheYearNam;False
Charpin2010_ReadingAnd;Horsnell2004_OntheUseof;False
Charpin2010_ReadingAnd;Howard1955_TechnicalD;False
Charpin2010_ReadingAnd;Huber2001_Lacorrespo;False
Charpin2010_ReadingAnd;Hunger1968_Babylonisc;False
Charpin2010_ReadingAnd;Hunger1976_Spatbabylo;False
Charpin2010_ReadingAnd;Unknown1987_Larsa10eca;False
Charpin2010_ReadingAnd;Ichisar1981_Lesarchive;False
Charpin2010_ReadingAnd;Ikeda1999_ScribesinE;False
Charpin2010_ReadingAnd;Janssen1991_Samsuiluna;False
Charpin2010_ReadingAnd;Janssen1992_Inannamans;False
Charpin2010_ReadingAnd;Janssen1996_WhentheHou;False
Charpin2010_ReadingAnd;Jeyes1997_Assurbanip;False
Charpin2010_ReadingAnd;Joannes1984_Textesnos9;False
Charpin2010_ReadingAnd;Joannes1985_Nouveauxme;False
Charpin2010_ReadingAnd;Joannes1990_Lestablett;False
Charpin2010_ReadingAnd;Joannes1992_Lesarchive;False
Charpin2010_ReadingAnd;Joannes1994_Unprecurse;False
Charpin2010_ReadingAnd;Unknown1995_Lesphenome;False
Charpin2010_ReadingAnd;Joannes1997_Palmyreetl;False
Charpin2010_ReadingAnd;Unknown2000_Rendrelaju;False
Charpin2010_ReadingAnd;Jonker1995_TheTopogra;False
Charpin2010_ReadingAnd;Jursa1997_Einebemerk;False
Charpin2010_ReadingAnd;Jursa1999_DasArchivd;False
Charpin2010_ReadingAnd;Jursa2005_NeoBabylon;False
Charpin2010_ReadingAnd;Kataja1987_ANeoAssyri;False
Charpin2010_ReadingAnd;Kessler1980_Untersuchu;False
Charpin2010_ReadingAnd;Kestemont1974_Diplomatiq;False
Charpin2010_ReadingAnd;Kienast1996_Mundlichke;False
Charpin2010_ReadingAnd;Kienast1995_Diesumeris;False
Charpin2010_ReadingAnd;Kilmer1974_SymbolicGe;False
Charpin2010_ReadingAnd;King1914_Supplement;False
Charpin2010_ReadingAnd;Kitz2004_AnOathItsC;False
Charpin2010_ReadingAnd;Klein1986_OnWritingM;False
Charpin2010_ReadingAnd;Klein2000_TheOrigina;False
Charpin2010_ReadingAnd;Klein2007_ACollectio;False
Charpin2010_ReadingAnd;Klengel1968_Einealtbab;False
Charpin2010_ReadingAnd;Klengel1994_RichterSip;False
Charpin2010_ReadingAnd;Klinger2003_ZurPalaogr;False
Charpin2010_ReadingAnd;Koch2005_SecretsofE;False
Charpin2010_ReadingAnd;Koppen2002_Redeeminga;False
Charpin2010_ReadingAnd;Kraus1973_Vommesopot;False
Charpin2010_ReadingAnd;Kraus1985_Altbabylon;False
Charpin2010_ReadingAnd;Kraus1985_Einealtbab;False
Charpin2010_ReadingAnd;Krebernik2001_TallBiaTut;False
Charpin2010_ReadingAnd;Kryszat2008_TheUseofWr;False
Charpin2010_ReadingAnd;Labat1988_Manueldepi;False
Charpin2010_ReadingAnd;Lackenbacher1990_Lepalaissa;False
Charpin2010_ReadingAnd;Lackenbacher2002_Textesakka;False
Charpin2010_ReadingAnd;Lafont1990_Nouvellesl;False
Charpin2010_ReadingAnd;Lafont1992_Messagerse;False
Charpin2010_ReadingAnd;Lafont1997_Lefonction;False
Charpin2010_ReadingAnd;Lafont2000_Lestextesj;False
Charpin2010_ReadingAnd;Lafont2001_Relationsi;False
Charpin2010_ReadingAnd;Unknown1997_Jureretmau;False
Charpin2010_ReadingAnd;Lafont1999_Femmesdroi;False
Charpin2010_ReadingAnd;Lambert1957_AncestorsA;False
Charpin2010_ReadingAnd;Lambert1960_Babylonian;False
Charpin2010_ReadingAnd;Lambert1962_ACatalogue;True
Charpin2010_ReadingAnd;Lambert1967_Enmedurank;False
Charpin2010_ReadingAnd;Lambert1989_TheLawsofH;False
Charpin2010_ReadingAnd;Lambert1992_Catalogueo;False
Charpin2010_ReadingAnd;Lambert1999_LiteraryTe;False
Charpin2010_ReadingAnd;Lambert2007_Babylonian;False
Charpin2010_ReadingAnd;Lambert1968_SecondSupp;False
Charpin2010_ReadingAnd;Landsberger1937_DieSeriean;False
Charpin2010_ReadingAnd;Landsberger1960_ScribalCon;False
Charpin2010_ReadingAnd;Larsen1976_TheOldAssy;False
Charpin2010_ReadingAnd;Larsen1987_TheBabylon;False
Charpin2010_ReadingAnd;Larsen1988_TheRoleofW;False
Charpin2010_ReadingAnd;Larsen1989_WhatTheyWr;False
Charpin2010_ReadingAnd;Larsen1996_TheConques;False
Charpin2010_ReadingAnd;Leemans1960_ForeignTra;False
Charpin2010_ReadingAnd;Leemans1982_Lafonction;False
Charpin2010_ReadingAnd;Leemans1991_Textespale;False
Charpin2010_ReadingAnd;Leichty1970_TheOmenSer;False
Charpin2010_ReadingAnd;Unknown1988_AScientifi;False
Charpin2010_ReadingAnd;Unknown2007_TheBabylon;False
Charpin2010_ReadingAnd;Leiderer1990_Anatomiede;False
Charpin2010_ReadingAnd;Lemaire2001_Nouvellest;False
Charpin2010_ReadingAnd;Lenzi2008_Secrecyand;False
Charpin2010_ReadingAnd;Lieberman1990_Canonicala;False
Charpin2010_ReadingAnd;Lieberman1992_NippurCity;False
Charpin2010_ReadingAnd;Linssen2003_TheCultsof;False
Charpin2010_ReadingAnd;Lion2001_DameInanna;False
Charpin2010_ReadingAnd;Lion2001_Lesgouvern;False
Charpin2010_ReadingAnd;Lion2005_Quelqueste;False
Charpin2010_ReadingAnd;Liverani1973_Memorandum;False
Charpin2010_ReadingAnd;Liverani2001_Mesopotami;False
Charpin2010_ReadingAnd;Livingstone1999_TheMagicof;False
Charpin2010_ReadingAnd;Livingstone2007_Ashurbanip;False
Charpin2010_ReadingAnd;Loud1938_KhorsabadP;False
Charpin2010_ReadingAnd;Lucas1979_TheScribal;False
Charpin2010_ReadingAnd;Luckenbill1924_Inscriptio;False
Charpin2010_ReadingAnd;Ludwig1990_Untersuchu;False
Charpin2010_ReadingAnd;Luukko2007_TheAdminis;False
Charpin2010_ReadingAnd;Luukko2002_ThePolitic;False
Charpin2010_ReadingAnd;Machinist1993_HeavenlyWi;False
Charpin2010_ReadingAnd;Malbran-Labat1995_Lesinscrip;False
Charpin2010_ReadingAnd;Marazzi1994_MagliIttit;False
Charpin2010_ReadingAnd;Margueron1982_Recherches;False
Charpin2010_ReadingAnd;Margueron1986_Quelquesre;False
Charpin2010_ReadingAnd;Margueron1995_Notesdarch;False
Charpin2010_ReadingAnd;Unknown2000_Assyriolog;False
Charpin2010_ReadingAnd;Matthiae1986_TheArchive;False
Charpin2010_ReadingAnd;Matthiae2008_Gliarchivi;False
Charpin2010_ReadingAnd;Unknown1995_Nineveh612;False
Charpin2010_ReadingAnd;Maul1991_ReviewofGu;False
Charpin2010_ReadingAnd;Maul1994_DieKorresp;False
Charpin2010_ReadingAnd;Maul1994_Zukunftsbe;False
Charpin2010_ReadingAnd;Unknown1998_Festschrif;False
Charpin2010_ReadingAnd;Maul1999_HowtheBaby;False
Charpin2010_ReadingAnd;Maul2003_OminaundOr;False
Charpin2010_ReadingAnd;Maul2003_DieResteei;False
Charpin2010_ReadingAnd;Maul2003_WiedieBibl;False
Charpin2010_ReadingAnd;Maul2005_BilingualH;False
Charpin2010_ReadingAnd;Meijer2004_AScribalQu;False
Charpin2010_ReadingAnd;Metman1961_Sigillogra;False
Charpin2010_ReadingAnd;Michalowski1981_Konigsbrie;False
Charpin2010_ReadingAnd;Michalowski1983_ReviewofLC;False
Charpin2010_ReadingAnd;Michalowski1993_Lettersfro;False
Charpin2010_ReadingAnd;Michalowski1994_Writingand;False
Charpin2010_ReadingAnd;Michalowski1994_TheDrinkin;False
Charpin2010_ReadingAnd;Michalowski2003_TheLibrari;False
Charpin2010_ReadingAnd;Michalowski2006_TheLivesof;False
Charpin2010_ReadingAnd;Michalowski0_Forthcomin;False
Charpin2010_ReadingAnd;George2008_Approaches;True
Charpin2010_ReadingAnd;Michel2001_Correspond;False
Charpin2010_ReadingAnd;Michel2008_Lacorrespo;False
Charpin2010_ReadingAnd;Miller2001_HattusiliI;False
Charpin2010_ReadingAnd;Mittermayer2006_Altbabylon;False
Charpin2010_ReadingAnd;Mora2004_Leletteret;False
Charpin2010_ReadingAnd;Moran1992_TheAmarnaL;False
Charpin2010_ReadingAnd;Moran2003_AmarnaStud;False
Charpin2010_ReadingAnd;Morandi1988_Steleestat;False
Charpin2010_ReadingAnd;Scafa1999_TheScribes;False
Charpin2010_ReadingAnd;Nissen1993_ArchaicBoo;False
Charpin2010_ReadingAnd;Nougayrol1955_Textesacca;False
Charpin2010_ReadingAnd;Nougayrol1956_Textesacca;False
Charpin2010_ReadingAnd;Oettinger1976_Diemilitar;False
Charpin2010_ReadingAnd;Offner1950_Aproposdel;False
Charpin2010_ReadingAnd;Oppenheim1960_TheCityofA;False
Charpin2010_ReadingAnd;Oppenheim1964_AncientMes;False
Charpin2010_ReadingAnd;Otten1988_DieBronzet;False
Charpin2010_ReadingAnd;Ouy1961_Lesbibliot;False
Charpin2010_ReadingAnd;Palaima2003_Archivesan;False
Charpin2010_ReadingAnd;Unknown2008_Lalettreda;False
Charpin2010_ReadingAnd;Pantalacci2008_Archivagee;False
Charpin2010_ReadingAnd;Parpola1983_AssyrianLi;False
Charpin2010_ReadingAnd;Parpola1986_TheRoyalAr;False
Charpin2010_ReadingAnd;Parpola1987_TheForlorn;False
Charpin2010_ReadingAnd;Unknown1987_StateArchi;False
Charpin2010_ReadingAnd;Parpola1993_Lettersfro;False
Charpin2010_ReadingAnd;Parpola1993_Mesopotami;False
Charpin2010_ReadingAnd;Parpola1995_TheImperia;False
Charpin2010_ReadingAnd;Parpola1997_TheManwith;False
Charpin2010_ReadingAnd;Parpola1988_NeoAssyria;False
Charpin2010_ReadingAnd;Parrot1954_Lesfouille;False
Charpin2010_ReadingAnd;Pearce1998_Babylonian;False
Charpin2010_ReadingAnd;Pedersen1985_Archivesan;False
Charpin2010_ReadingAnd;Pedersen1998_Archivesan;False
Charpin2010_ReadingAnd;Pedersen2005_Archiveund;False
Charpin2010_ReadingAnd;Poebel1909_Babylonian;False
Charpin2010_ReadingAnd;Pomponio1983_Archivesan;False
Charpin2010_ReadingAnd;Pongratz-Leisten1999_Herrschaft;False
Charpin2010_ReadingAnd;Postgate1976_FiftyNeoAs;False
Charpin2010_ReadingAnd;Postgate1986_MiddleAssy;False
Charpin2010_ReadingAnd;Postgate1986_Administra;False
Charpin2010_ReadingAnd;Postgate2003_Documentsi;False
Charpin2010_ReadingAnd;Potts1990_LockandKey;False
Charpin2010_ReadingAnd;Powell1981_ThreeProbl;False
Charpin2010_ReadingAnd;Powell1991_NaramSinSo;False
Charpin2010_ReadingAnd;Prang1981_Sonderbest;False
Charpin2010_ReadingAnd;Radner1995_TheRelatio;False
Charpin2010_ReadingAnd;Radner2005_DieMachtde;False
Charpin2010_ReadingAnd;Reade1986_Archaeolog;False
Charpin2010_ReadingAnd;Reade1998_NiniveNine;False
Charpin2010_ReadingAnd;Reiner1960_PlagueAmul;False
Charpin2010_ReadingAnd;Reiner1961_TheEtiolog;False
Charpin2010_ReadingAnd;Reiner2004_RunawaySei;False
Charpin2010_ReadingAnd;Reiner2005_Babylonian;False
Charpin2010_ReadingAnd;Renger1971_Uberlegung;False
Charpin2010_ReadingAnd;Richardson2006_gir2gennaa;False
Charpin2010_ReadingAnd;Richter2005_Qatnainthe;False
Charpin2010_ReadingAnd;Robson1999_Mesopotami;False
Charpin2010_ReadingAnd;Robson2001_TheTabletH;True
Charpin2010_ReadingAnd;Robson2008_Mathematic;True
Charpin2010_ReadingAnd;Rochberg1984_Canonicity;False
Charpin2010_ReadingAnd;Unknown1987_LanguageLi;False
Charpin2010_ReadingAnd;Pearce1995_TheScribes;True
Charpin2010_ReadingAnd;Robson2004_TheHeavenl;False
Charpin2010_ReadingAnd;Robson2006_OldBabylon;False
Charpin2010_ReadingAnd;Roth1995_LawCollect;False
Charpin2010_ReadingAnd;Rubio2000_OntheOrtho;False
Charpin2010_ReadingAnd;Rubio2006_Sulgiandth;False
Charpin2010_ReadingAnd;Russell1999_TheWriting;False
Charpin2010_ReadingAnd;Ruster1972_Hethitisch;False
Charpin2010_ReadingAnd;Ruster1975_Hethitisch;False
Charpin2010_ReadingAnd;Sachs1976_TheLatestD;False
Charpin2010_ReadingAnd;Saggs1981_TheReedSty;False
Charpin2010_ReadingAnd;Sallaberger1996_ZueinigenJ;False
Charpin2010_ReadingAnd;Sallaberger1999_Wenndumein;False
Charpin2010_ReadingAnd;Sallaberger2001_DieEntwick;False
Charpin2010_ReadingAnd;Sallaberger2004_DasEndedes;False
Charpin2010_ReadingAnd;Sallaberger2008_DasGilgame;False
Charpin2010_ReadingAnd;Unknown2003_LiteraturP;False
Charpin2010_ReadingAnd;Salvini1994_Unalettera;False
Charpin2010_ReadingAnd;Unknown1961_Lhistoiree;False
Charpin2010_ReadingAnd;Unknown2006_MarginsofW;False
Charpin2010_ReadingAnd;Nicolo1922_DieSchluss;False
Charpin2010_ReadingAnd;Sasson1981_OnIdrimian;False
Charpin2010_ReadingAnd;Sasson1982_Accounting;False
Charpin2010_ReadingAnd;Sasson1988_ShunuhraHa;False
Charpin2010_ReadingAnd;Sasson1995_Waterbenea;False
Charpin2010_ReadingAnd;Sasson1997_TheVowofMu;False
Charpin2010_ReadingAnd;Sasson1998_TheKingand;False
Charpin2010_ReadingAnd;Sasson2002_TheBurdeno;False
Charpin2010_ReadingAnd;Unknown1995_Civilizati;False
Charpin2010_ReadingAnd;Schaudig2002_DieInschri;False
Charpin2010_ReadingAnd;Schaudig2003_Nabonidder;False
Charpin2010_ReadingAnd;Scheil1937_Auserviced;False
Charpin2010_ReadingAnd;Seidl2007_Assurbanip;False
Charpin2010_ReadingAnd;Unknown2003_Festschrif;False
Charpin2010_ReadingAnd;Seminara2004_Leiscrizio;False
Charpin2010_ReadingAnd;Seux1976_Hymnesetpr;False
Charpin2010_ReadingAnd;Shaffer2000_ANewLookat;False
Charpin2010_ReadingAnd;Sigrist1984_Lessattukk;False
Charpin2010_ReadingAnd;Singer2003_TheGreatSc;False
Charpin2010_ReadingAnd;Sjoberg1972_InPraiseof;False
Charpin2010_ReadingAnd;Sjoberg1973_DerVaterun;False
Charpin2010_ReadingAnd;Skaist1990_TheSaleCon;False
Charpin2010_ReadingAnd;Skaist1994_TheOldBaby;False
Charpin2010_ReadingAnd;Slanski2003_TheBabylon;False
Charpin2010_ReadingAnd;Slanski2003_Representa;False
Charpin2010_ReadingAnd;Smith1876_TheChaldea;False
Charpin2010_ReadingAnd;Sollberger1966_Businessan;False
Charpin2010_ReadingAnd;Sollberger1968_TheCrucifo;False
Charpin2010_ReadingAnd;Sollberger1971_Inscriptio;False
Charpin2010_ReadingAnd;Spada2007_Testiecono;False
Charpin2010_ReadingAnd;Spycket1981_Lastatuair;False
Charpin2010_ReadingAnd;Steinkeller1989_SaleDocume;False
Charpin2010_ReadingAnd;Steinkeller2003_ArchivalPr;False
Charpin2010_ReadingAnd;Steve1992_Syllabaire;False
Charpin2010_ReadingAnd;Stol1981_Lettersfro;False
Charpin2010_ReadingAnd;Stol1998_Einigekurz;False
Charpin2010_ReadingAnd;Stol2001_ARescripto;False
Charpin2010_ReadingAnd;Stolper1998_Inscribedi;False
Charpin2010_ReadingAnd;Streck1916_Assurbanip;False
Charpin2010_ReadingAnd;Streck2000_Dasamurrit;False
Charpin2010_ReadingAnd;Suurmeijer2006_LoansandEd;False
Charpin2010_ReadingAnd;Svenbro1997_LaGrecearc;False
Charpin2010_ReadingAnd;Tadmor1997_Propaganda;False
Charpin2010_ReadingAnd;Unknown1998_EnSyrieaux;False
Charpin2010_ReadingAnd;Tanret2001_AsYearsWen;False
Charpin2010_ReadingAnd;Tanret2002_Perasperaa;False
Charpin2010_ReadingAnd;Tanret2004_TheWorksAn;True
Charpin2010_ReadingAnd;Tanret2005_Shekelsfor;False
Charpin2010_ReadingAnd;Tanret2008_FindtheTab;False
Charpin2010_ReadingAnd;Tanret2003_Puzzlingwi;False
Charpin2010_ReadingAnd;Teissier1961_Diplomatiq;False
Charpin2010_ReadingAnd;Unknown1950_TheHistory;False
Charpin2010_ReadingAnd;Thureau-Dangin1912_Notesassyr;False
Charpin2010_ReadingAnd;Tinney1998_TextsTable;False
Charpin2010_ReadingAnd;Tinney1999_OntheCurri;False
Charpin2010_ReadingAnd;Ulshefer1995_Diealtassy;False
Charpin2010_ReadingAnd;Mieroop1997_OnWritinga;False
Charpin2010_ReadingAnd;Mieroop1999_CuneiformT;False
Charpin2010_ReadingAnd;Mieroop2000_SargonofAg;False
Charpin2010_ReadingAnd;Toorn2000_CuneiformD;False
Charpin2010_ReadingAnd;Toorn2007_WhyWisdomB;False
Charpin2010_ReadingAnd;Dijk1965_Uneinsurre;False
Charpin2010_ReadingAnd;Dijk1980_Texteausde;False
Charpin2010_ReadingAnd;Driel1973_ReviewofEl;False
Charpin2010_ReadingAnd;Unknown1982_Zikirsumim;False
Charpin2010_ReadingAnd;Lerberghe1989_ALongLasti;False
Charpin2010_ReadingAnd;Lerberghe1991_OnQuasiHul;False
Charpin2010_ReadingAnd;Lerberghe1994_AnOldBabyl;False
Charpin2010_ReadingAnd;Soldt0000_Babylonian;True
Charpin2010_ReadingAnd;Unknown2001_VeenhofAnn;False
Charpin2010_ReadingAnd;Soldt2001_Nahissalmu;False
Charpin2010_ReadingAnd;Vanstiphout1978_LipitIstar;False
Charpin2010_ReadingAnd;Vanstiphout1979_HowDidThey;True
Charpin2010_ReadingAnd;Vanstiphout1989_EnmerkarsI;False
Charpin2010_ReadingAnd;Vanstiphout1995_OntheOldBa;False
Charpin2010_ReadingAnd;Vanstiphout1997_SchoolDial;False
Charpin2010_ReadingAnd;Vanstiphout1999_TheTwinTon;False
Charpin2010_ReadingAnd;Vanstiphout2003_EpicsofSum;False
Charpin2010_ReadingAnd;Vanstiphout2003_TheOldBaby;False
Charpin2010_ReadingAnd;Adams1969_BedouinOnN;True
Charpin2010_ReadingAnd;Veenhof1966_ReviewofKu;False
Charpin2010_ReadingAnd;Unknown1986_CuneiformA;False
Charpin2010_ReadingAnd;Veenhof1986_CuneiformA;False
Charpin2010_ReadingAnd;Veenhof1987_DyingTable;False
Charpin2010_ReadingAnd;Veenhof2003_Archivesof;False
Charpin2010_ReadingAnd;Veenhof2003_Fatherhood;False
Charpin2010_ReadingAnd;Veenhof2008_TheOldAssy;False
Charpin2010_ReadingAnd;Veenhof2008_Mesopotami;False
Charpin2010_ReadingAnd;Veldhuis1997_Elementary;False
Charpin2010_ReadingAnd;Veldhuis1997_ReviewofCa;False
Charpin2010_ReadingAnd;Veldhuis1999_ReadingThe;True
Charpin2010_ReadingAnd;Veldhuis1999_ThePoetryo;False
Charpin2010_ReadingAnd;Veldhuis2000_ReviewSume;True
Charpin2010_ReadingAnd;Veldhuis2000_KassiteExe;True
Charpin2010_ReadingAnd;Veldhuis2003_OnTheCurri;True
Charpin2010_ReadingAnd;Veldhuis2006_HowDidThey;True
Charpin2010_ReadingAnd;Verbrugghe1996_Berossosan;False
Charpin2010_ReadingAnd;Villard1992_Parademili;False
Charpin2010_ReadingAnd;Villard1995_Lesdernier;False
Charpin2010_ReadingAnd;Villard1997_Leducation;False
Charpin2010_ReadingAnd;Villard2006_Achemineme;False
Charpin2010_ReadingAnd;Villard2008_Leslettres;False
Charpin2010_ReadingAnd;Vincente1995_TheTallLei;False
Charpin2010_ReadingAnd;Hruska2002_ThePowerAn;True
Charpin2010_ReadingAnd;Voet1993_SealinginP;False
Charpin2010_ReadingAnd;Voet1994_Comments;False
Charpin2010_ReadingAnd;Volk1996_Methodenal;False
Charpin2010_ReadingAnd;Volk2000_Edubbaaund;False
Charpin2010_ReadingAnd;Weiher1983_Spatbabylo;False
Charpin2010_ReadingAnd;Waetzoldt1986_Keilschrif;False
Charpin2010_ReadingAnd;Waetzoldt1991_ReviewofTh;False
Charpin2010_ReadingAnd;Unknown1997_Assyrienim;False
Charpin2010_ReadingAnd;Walker1987_CuneiformR;False
Charpin2010_ReadingAnd;Walker1987_TheKouyunj;False
Charpin2010_ReadingAnd;Walker2001_TheInducti;False
Charpin2010_ReadingAnd;Watanabe1985_DieBriefed;False
Charpin2010_ReadingAnd;Clemens2002_ReviewedWo;True
Charpin2010_ReadingAnd;Weisberg1969_AnOldBabyl;False
Charpin2010_ReadingAnd;Westbrook1988_OldBabylon;False
Charpin2010_ReadingAnd;Westenholz2007_TheGraecoB;False
Charpin2010_ReadingAnd;Westenholz1993_Writingfor;False
Charpin2010_ReadingAnd;Westenholz1997_Legendsoft;False
Charpin2010_ReadingAnd;Westenholz2004_TheOldAkka;False
Charpin2010_ReadingAnd;Whiting1977_SealingPra;False
Charpin2010_ReadingAnd;Whiting1987_OldBabylon;False
Charpin2010_ReadingAnd;Wilcke2000_Werlasunds;False
Charpin2010_ReadingAnd;Wilcke2006_DieHymneau;False
Charpin2010_ReadingAnd;Wilhelm1970_Untersuchu;False
Charpin2010_ReadingAnd;Wilhelm1991_AHurrianLe;False
Charpin2010_ReadingAnd;Wiseman1955_AssyrianWr;False
Charpin2010_ReadingAnd;Wiseman1996_LiteraryTe;False
Charpin2010_ReadingAnd;Unknown2004_TheCambrid;False
Charpin2010_ReadingAnd;Woods2006_Bilinguali;False
Charpin2010_ReadingAnd;Adams1969_BedouinOnN;True
Charpin2010_ReadingAnd;Unknown1914_Cyropaedia;False
Charpin2010_ReadingAnd;Unknown2001_Etudesouga;False
Charpin2010_ReadingAnd;Unknown1997_CrossingBo;False
Charpin2010_ReadingAnd;Ziegler1999_Florilegiu;False
Charpin2010_ReadingAnd;Ziegler2000_Aspectseco;False
Charpin2010_ReadingAnd;Unknown2006_Lamusiquea;False
Charpin2010_ReadingAnd;Ziegler2007_Florilegiu;False
Charpin2010_ReadingAnd;Ziegler2004_Unelettred;False
Charpin2010_ReadingAnd;Ziegler2007_Amurritisc;False
Michalowski2021_TheyWroteo;Barjamovic2008_AnOldAssyr;False
Michalowski2021_TheyWroteo;Buccellati1993_ThroughaGl;False
Michalowski2021_TheyWroteo;Cammarosano2014_TheCuneifo;True
Michalowski2021_TheyWroteo;Cammarosano2019_TheyWroteo;False
Michalowski2021_TheyWroteo;Chiera1956_TheyWroteo;False
Michalowski2021_TheyWroteo;Civil1964_AHymntothe;False
Michalowski2021_TheyWroteo;Civil1994_TheFarmers;False
Michalowski2021_TheyWroteo;Cooper1983_TheCurseof;False
Michalowski2021_TheyWroteo;Dalley2020_TheFirstSe;False
Michalowski2021_TheyWroteo;Derksen2017_NewEvidenc;False
Michalowski2021_TheyWroteo;Devecchi2020_DallaMesop;False
Michalowski2021_TheyWroteo;Eppihimer2010_Assembling;False
Michalowski2021_TheyWroteo;Fales2010_NewLighton;False
Michalowski2021_TheyWroteo;Feldman2009_Knowledgea;False
Michalowski2021_TheyWroteo;Finkel2018_Amuletsaga;False
Michalowski2021_TheyWroteo;Finkel2019_Assurbanip;False
Michalowski2021_TheyWroteo;Frame2005_TheRoyalLi;True
Michalowski2021_TheyWroteo;Franklin2019_ReviewofVo;False
Michalowski2021_TheyWroteo;Friberg1990_SeedandRee;False
Michalowski2021_TheyWroteo;Gelb1991_EarliestLa;False
Michalowski2021_TheyWroteo;Greco2019_TheCodeofH;False
Michalowski2021_TheyWroteo;Guterbock1934_Diehistori;False
Michalowski2021_TheyWroteo;Harper1993_TheRoyalCi;False
Michalowski2021_TheyWroteo;Henkelman2012_SutrukNahh;False
Michalowski2021_TheyWroteo;Heessel2012_Amuletteun;False
Michalowski2021_TheyWroteo;Jendritzki2019_Rekonstruk;False
Michalowski2021_TheyWroteo;Jursa2004_Accounting;False
Michalowski2021_TheyWroteo;Konig1977_Dieelamisc;False
Michalowski2021_TheyWroteo;Lambert1989_TheLawsofH;False
Michalowski2021_TheyWroteo;Larsen2015_AncientKan;False
Michalowski2021_TheyWroteo;Maiocchi2012_Ildolcesap;False
Michalowski2021_TheyWroteo;Maul2010_DieTontafe;False
Michalowski2021_TheyWroteo;Maul2012_Tontafelab;False
Michalowski2021_TheyWroteo;Michalowski1980_NewSources;False
Michalowski2021_TheyWroteo;Michalowski2020_TheKingdom;False
Michalowski2021_TheyWroteo;Michel2015_OldAssyria;False
Michalowski2021_TheyWroteo;Michel2020_WomenofAss;False
Michalowski2021_TheyWroteo;George0000_InSearchOf;True
Michalowski2021_TheyWroteo;Nougayrol1958_Lesfragmen;False
Michalowski2021_TheyWroteo;Ornan2019_Unfinished;False
Michalowski2021_TheyWroteo;Panayotov2018_Magicomedi;False
Michalowski2021_TheyWroteo;Parpola1983_AssyrianLi;False
Michalowski2021_TheyWroteo;Parpola1986_TheRoyalAr;False
Michalowski2021_TheyWroteo;Verderame0000_RassamsAct;True
Michalowski2021_TheyWroteo;Paulus2017_Akkadeinmi;False
Michalowski2021_TheyWroteo;Pearce2010_Materialso;False
Michalowski2021_TheyWroteo;Postgate2001_SystemandS;False
Michalowski2021_TheyWroteo;Potts1999_TheArchaeo;False
Michalowski2021_TheyWroteo;Potts2006_Elamitesan;False
Michalowski2021_TheyWroteo;Potts2018_Archaeolog;False
Michalowski2021_TheyWroteo;Powell1996_Wineandthe;False
Michalowski2021_TheyWroteo;Radner2014_AnImperial;False
Michalowski2021_TheyWroteo;Reichel2013_Eshnunna;False
Michalowski2021_TheyWroteo;Reiner1960_PlagueAmul;False
Michalowski2021_TheyWroteo;Rey2020_ASeleucidC;False
Michalowski2021_TheyWroteo;Robson2019_ScholarlyT;False
Michalowski2021_TheyWroteo;Unknown2019_LibrariesB;False
Michalowski2021_TheyWroteo;Sallaberger2012_Bierbrauen;False
Michalowski2021_TheyWroteo;Steinkeller2004_TheFunctio;False
Michalowski2021_TheyWroteo;Symington1991_LateBronze;False
Michalowski2021_TheyWroteo;Thavapalan2019_Stonesfrom;False
Michalowski2021_TheyWroteo;Mieroop2007_AHistoryof;False
Michalowski2021_TheyWroteo;Dijk1986_Diedynasti;False
Michalowski2021_TheyWroteo;Vanstiphout1978_LipitEstar;False
Michalowski2021_TheyWroteo;Unknown1986_CuneiformA;False
Michalowski2021_TheyWroteo;Veenhof2010_TheArchive;False
Michalowski2021_TheyWroteo;Veenhof2020_OldAssyria;False
Michalowski2021_TheyWroteo;Volk1999_Imkereiima;False
Michalowski2021_TheyWroteo;Waal2011_TheyWroteo;False
Michalowski2021_TheyWroteo;Waal2012_WritinginA;False
Michalowski2021_TheyWroteo;Wasserman1994_BM78613;False
Michalowski2021_TheyWroteo;Winter1992_Idolsofthe;False
Michalowski2021_TheyWroteo;Winter1996_SexRhetori;False
Michalowski2021_TheyWroteo;Winter2002_DefiningAe;False
Michalowski2021_TheyWroteo;Unknown2017_Entrelesfl;False
Taylor2015_ASystemati;Abela-Ridder2010_Estimating;False
Taylor2015_ASystemati;Bandara2014_Globalizat;False
Taylor2015_ASystemati;Baermann1928_DiagnoseKl;False
Taylor2015_ASystemati;Berman1973_ScrubTyphu;False
Taylor2015_ASystemati;Borg-Petersen1949_Experience;False
Taylor2015_ASystemati;Borghouts1998_TheClinica;False
Taylor2015_ASystemati;Broom1951_Leptospiro;False
Taylor2015_ASystemati;Broom1948_WeilsDisea;False
Taylor2015_ASystemati;Brown1997_BM13470119;False
Taylor2015_ASystemati;Bulmer1945_WeilsDisea;False
Taylor2015_ASystemati;Cavigneaux1948_CasesofLep;False
Taylor2015_ASystemati;Daher2009_Predictors;False
Taylor2015_ASystemati;Daher1999_RiskFactor;False
Taylor2015_ASystemati;Dittrich2015_OrientiaRi;False
Taylor2015_ASystemati;Edwards1960_HumanLepto;False
Taylor2015_ASystemati;Fairburn1956_Chloramphe;False
Taylor2015_ASystemati;Faine1982_Guidelines;False
Taylor2015_ASystemati;Fletcher1927_Leptospiro;False
Taylor2015_ASystemati;Gardner1946_Laboratory;False
Taylor2015_ASystemati;Hall1951_Evaluation;False
Taylor2015_ASystemati;Hamilton1934_WeilsDisea;False
Taylor2015_ASystemati;Hartskeerl2011_EmergenceC;False
Taylor2015_ASystemati;Ido1918_Spirochaet;False
Taylor2015_ASystemati;Ko1999_UrbanEpide;False
Taylor2015_ASystemati;Kocen1962_Leptospiro;False
Taylor2015_ASystemati;Kristensen1935_OmWeilsSyg;False
Taylor2015_ASystemati;Limmathurotsakul2012_FoolsGoldW;False
Taylor2015_ASystemati;Lopes2004_Comparativ;False
Taylor2015_ASystemati;Mayxay2013_CausesofNo;False
Taylor2015_ASystemati;McClain1984_Doxycyclin;False
Taylor2015_ASystemati;Molner1948_Leptospira;False
Taylor2015_ASystemati;Pappas2008_TheGlobali;False
Taylor2015_ASystemati;Puliyath2012_Leptospiro;False
Taylor2015_ASystemati;Reller2014_Unsuspecte;False
Taylor2015_ASystemati;Ross1958_Treatmento;False
Taylor2015_ASystemati;Segura2005_ClinicalSp;False
Taylor2015_ASystemati;Silva2011_RIFLEandAK;False
Taylor2015_ASystemati;Slot1932_Leptospiro;False
Taylor2015_ASystemati;Smith1949_WeilsDisea;False
Taylor2015_ASystemati;Smythe2009_TheMicrosc;False
Taylor2015_ASystemati;Spichler2012_Comparativ;False
Taylor2015_ASystemati;Hooste2007_Leptospiro;False
Taylor2015_ASystemati;Vervoort1923_Spirochaet;False
Taylor2015_ASystemati;Vijayachari2004_Leptospiro;False
Taylor2015_ASystemati;Walch-Sorgdrager1939_Leptospiro;False
Taylor2015_ASystemati;Wilmaers1917_Quarantese;False
Taylor2015_ASystemati;Wilson1927_ProbableIn;False
Taylor2015_ASystemati;Organization2010_Reportofth;False
Taylor2015_ASystemati;Zaki1996_Leptospiro;False
Janssen2018_AddressBeh;Barberon2005_Quandlamer;False
Janssen2018_AddressBeh;Barberon2012_ArchibabIL;False
Janssen2018_AddressBeh;Charpin2004_Histoirepo;False
Janssen2018_AddressBeh;Cohen1993_TheCulticC;False
Janssen2018_AddressBeh;Graef2001_Unsceauave;False
Janssen2018_AddressBeh;Meyer1982_Mubabbilut;False
Janssen2018_AddressBeh;Meyer1982_Deuxpriere;False
Janssen2018_AddressBeh;Meyer1989_Unelettred;False
Janssen2018_AddressBeh;Meyer1989_LedieuNins;False
Janssen2018_AddressBeh;Dekiere1994_Lagenealog;False
Janssen2018_AddressBeh;Dresch1989_TribesGove;False
Janssen2018_AddressBeh;Eidem2008_ApumaKingd;False
Janssen2018_AddressBeh;Gasche1989_LaBabyloni;False
Janssen2018_AddressBeh;Janssen1991_Samsuiluna;False
Janssen2018_AddressBeh;Janssen1991_Eiltampata;False
Janssen2018_AddressBeh;Janssen1992_Inannamans;False
Janssen2018_AddressBeh;Janssen1996_WhentheHou;False
Janssen2018_AddressBeh;Tanret2012_LearnedRic;True
Janssen2018_AddressBeh;Janssen2012_OfWillsand;False
Janssen2018_AddressBeh;Janssen2012_TheGuardWh;False
Janssen2018_AddressBeh;Janssen1994_Duchantier;False
Janssen2018_AddressBeh;Kouwenberg2010_TheAkkadia;False
Janssen2018_AddressBeh;Landsberger1915_Derkultisc;False
Janssen2018_AddressBeh;Sallaberger1999_Wenndumein;False
Janssen2018_AddressBeh;Saller1999_PaterFamil;False
Janssen2018_AddressBeh;Tanret2001_AsYearsWen;False
Janssen2018_AddressBeh;Tanret2004_Verbavolan;False
Janssen2018_AddressBeh;Tanret2005_Kubburumlo;False
Janssen2018_AddressBeh;Tanret2008_FindtheTab;False
Janssen2018_AddressBeh;Tanret1992_Anaqabequi;False
Janssen2018_AddressBeh;Tanret1993_Ritualsand;False
Janssen2018_AddressBeh;Toorn1996_FamilyReli;False
Janssen2018_AddressBeh;Lerberghe1991_SipparAmna;False
Janssen2018_AddressBeh;Veenhof1991_AssyrianCo;False
Janssen2018_AddressBeh;Veenhof2012_DasAnsehen;False
Janssen2018_AddressBeh;Unknown1996_HousesandH;False
Tanret2011_LearnedRic;Barberon2005_Quandlamer;False
Tanret2011_LearnedRic;Bourdieu1970_Lareproduc;False
Tanret2011_LearnedRic;Charpin1988_Sippardeux;False
Tanret2011_LearnedRic;Charpin2008_Lireetecri;False
Tanret2011_LearnedRic;Meyer1982_Deuxpriere;False
Tanret2011_LearnedRic;Meyer1989_LedieuNins;False
Tanret2011_LearnedRic;Meyer1989_Unelettred;False
Tanret2011_LearnedRic;Gasche1989_LaBabyloni;False
Tanret2011_LearnedRic;Janssen1991_Eiltampata;False
Tanret2011_LearnedRic;Janssen1992_Inannamans;False
Tanret2011_LearnedRic;Janssen1993_Debrievenv;False
Tanret2011_LearnedRic;Janssen1994_Duchantier;False
Tanret2011_LearnedRic;Robson2001_TheTabletH;False
Tanret2011_LearnedRic;Robson2008_Mathematic;True
Tanret2011_LearnedRic;Tanret1993_Ritualsand;False
Tanret2011_LearnedRic;Tanret2001_AsYearsWen;False
Tanret2011_LearnedRic;Tanret2002_Perasperaa;False
Tanret2011_LearnedRic;Tanret2004_Verbavolan;False
Tanret2011_LearnedRic;Tanret2008_FindtheTab;False
Tanret2011_LearnedRic;Veldhuis1997_Elementary;False
Tanret2011_LearnedRic;Adams1969_BedouinOnN;True
Michel0000_CentralAna;Albayrak2001_KultepeMet;False
Michel0000_CentralAna;Alp1968_Zylinderun;False
Michel0000_CentralAna;Balkan1957_LetterofKi;False
Michel0000_CentralAna;Barjamovic2011_AHistorica;False
Michel0000_CentralAna;Barjamovic2012_UpsandDown;False
Michel0000_CentralAna;Bilgic1964_ThreeTable;False
Michel0000_CentralAna;Bilgic1992_EblainCapp;False
Michel0000_CentralAna;Dassow2008_StateandSo;False
Michel0000_CentralAna;Dercksen1996_TheOldAssy;False
Michel0000_CentralAna;Dercksen2001_WhenWeMeti;False
Michel0000_CentralAna;Dercksen2002_Kulturelle;False
Michel0000_CentralAna;Dercksen2004_OldAssyria;False
Michel0000_CentralAna;Dercksen2004_SomeElemen;False
Michel0000_CentralAna;Dercksen2005_MetalsAcco;False
Michel0000_CentralAna;Dercksen2007_OnAnatolia;False
Michel0000_CentralAna;Dercksen2008_Subsistenc;False
Michel0000_CentralAna;Dercksen2008_Observatio;False
Michel0000_CentralAna;Donmez2008_AGeneralLo;False
Michel0000_CentralAna;Eidem1991_AnOldAssyr;False
Michel0000_CentralAna;Eidem2011_TheRoyalAr;False
Michel0000_CentralAna;Emre1995_PilgrimFla;False
Michel0000_CentralAna;Emre1999_SyrianBott;False
Michel0000_CentralAna;Fairbairn2006_Archaeobot;False
Michel0000_CentralAna;Fairbairn2007_Archaeobot;False
Michel0000_CentralAna;Forlanini1992_AmMittlere;False
Michel0000_CentralAna;Forlanini2006_Etapesetit;False
Michel0000_CentralAna;Garelli1963_LesAssyrie;False
Michel0000_CentralAna;Garelli1989_Lemarchede;False
Michel0000_CentralAna;Gunbatti1987_YenidenIsl;False
Michel0000_CentralAna;Gunbatti2001_TheRiverOr;False
Michel0000_CentralAna;Gunbatti2004_TwoTreatyT;False
Michel0000_CentralAna;Gunbatti2005_2000ve2001;False
Michel0000_CentralAna;Gunbatti2008_AnEponymLi;False
Michel0000_CentralAna;Hecker1991_ZurHerkunf;False
Michel0000_CentralAna;Hecker1996_ZurHerkunf;False
Michel0000_CentralAna;Hecker1997_UberdenEup;False
Michel0000_CentralAna;Kryszat2003_ZurListede;False
Michel0000_CentralAna;Kryszat2006_HerrscherH;False
Michel0000_CentralAna;Kryszat2008_TheUseofWr;False
Michel0000_CentralAna;Kryszat2008_HerrscherK;False
Michel0000_CentralAna;Kryszat2008_HerrscherK;False
Michel0000_CentralAna;Larsen1972_ARevoltaga;False
Michel0000_CentralAna;Larsen2002_TheAssurna;False
Michel0000_CentralAna;Lassen2010_TheTradein;False
Michel0000_CentralAna;Marro2004_UpperMesop;False
Michel0000_CentralAna;Michel1991_Durhumidso;False
Michel0000_CentralAna;Michel1997_Atableavec;False
Michel0000_CentralAna;Michel2001_Correspond;False
Michel0000_CentralAna;Michel2002_Nouvellesd;False
Michel0000_CentralAna;Michel2003_OldAssyria;False
Michel0000_CentralAna;Michel2004_Theperdumm;False
Michel0000_CentralAna;Michel2006_Femmesetpr;False
Michel0000_CentralAna;Michel2006_Lessuidesd;False
Michel0000_CentralAna;Michel2008_Nouvellesd;False
Michel0000_CentralAna;Michel2008_Lesperegri;False
Michel0000_CentralAna;Michel2008_Etainetcui;False
Michel0000_CentralAna;Michel2008_LesAssyrie;False
Michel0000_CentralAna;Michel2010_Lescomptoi;False
Michel0000_CentralAna;Michel2010_Deuxtextes;False
Michel0000_CentralAna;Michel2012_Subartu;False
Michel0000_CentralAna;Michel1996_Heurtsavec;False
Michel0000_CentralAna;Michel1997_Tablettesp;False
Michel0000_CentralAna;Michel2010_TheTextile;False
Michel0000_CentralAna;Miller2001_AnumHirbia;False
Michel0000_CentralAna;Muller-Karpe1994_Altanatoli;False
Michel0000_CentralAna;Nicola1999_AssyrianCo;False
Michel0000_CentralAna;Ozguc1965_TheAnatoli;False
Michel0000_CentralAna;Ozguc1986_KultepeKan;False
Michel0000_CentralAna;Ozguc2003_KultepeKan;False
Michel0000_CentralAna;Ozguc2006_SealImpres;False
Michel0000_CentralAna;Sagona2009_AncientTur;False
Michel0000_CentralAna;Sturm2001_PuzurAnnae;False
Michel0000_CentralAna;Sturm2008_AllanuHase;False
Michel0000_CentralAna;Veenhof2003_TradeandPo;False
Michel0000_CentralAna;Veenhof2006_Travelingi;False
Michel0000_CentralAna;Veenhof2008_TheOldAssy;False
Michel0000_CentralAna;Veenhof2008_AcrosstheE;False
Michel0000_CentralAna;Veenhof2008_SomeDispla;False
Michel0000_CentralAna;Veenhof0_OldAssyria;False
Michel0000_CentralAna;Wilhelm2008_Hurriansin;False
Michel0000_CentralAna;Yakar1998_Environmen;False
Michel0000_CentralAna;Yakar2000_Ethnoarcha;False
Nan2024_TheRoleand;Bennis1997_TheUnitedN;False
Nan2024_TheRoleand;Theobald2006_Incidentso;False
Nan2024_TheRoleand;Urquhart1980_UnitedNati;False
Nan2024_TheRoleand;al-Husseini2000_UNRWAandth;False
Nan2024_TheRoleand;Sinai1995_UnitedNati;False
Nan2024_TheRoleand;Sharland2018_TheEmergin;False
Nan2024_TheRoleand;Srinivas2000_RoleofUnit;False
Nan2024_TheRoleand;Binnendijk2016_InSearchof;False
Nan2024_TheRoleand;Husain2007_TheUnitedS;False
Nan2024_TheRoleand;Alaaldin2019_Shapingthe;False
Nan2024_TheRoleand;Katz2019_WhentheFri;False
Nan2024_TheRoleand;News2020_TheUnitedN;False
Nan2024_TheRoleand;Adams1969_BedouinOnN;True
Roger2016_GlobalCorr;Bedford2002_VinesANewG;False
Roger2016_GlobalCorr;Cooke1997_MarkovandE;False
Roger2016_GlobalCorr;Cooke2011_Microcorre;False
Roger2016_GlobalCorr;Hanea2016_TheAsympto;False
Roger2016_GlobalCorr;Holmes1991_OnRandomCo;False
Roger2016_GlobalCorr;Hotelling1936_Relationsb;False
Roger2016_GlobalCorr;Houghton2009_Importance;False
Roger2016_GlobalCorr;Joe2006_Generating;False
Roger2016_GlobalCorr;Kendall1967_TheAdvance;False
Roger2016_GlobalCorr;Koch2006_Intraclass;False
Roger2016_GlobalCorr;Kousky2011_TheLimitso;False
Roger2016_GlobalCorr;Lewandowski2009_Generating;False
Roger2016_GlobalCorr;Nguyen2014_RandomMatr;False
Roger2016_GlobalCorr;Weisbin2014_ASystemsEn;False
Steele2004_TheCultsof;Beaulieu1996_TheHorosco;False
Steele2004_TheCultsof;Brown1997_BM13470119;False
Steele2004_TheCultsof;Unknown1983_Lettersfro;False
Steele2004_TheCultsof;Pearce2000_TheActivit;False
Steele2004_TheCultsof;Pearce1995_TheScribes;True
Steele2004_TheCultsof;Sachs1988_Astronomic;False
Steele2004_TheCultsof;Steele2000_A3405AnUnu;False
Reade2016_TheManufac;Ali-Yaseen2008_TheArchive;False
Reade2016_TheManufac;Al-Naqshbandi1973_TheIraqMus;False
Reade2016_TheManufac;Al-Rawi1990_TabletsFro;True
Reade2016_TheManufac;Unknown1913_NoteSprech;False
Reade2016_TheManufac;Unknown2008_BeyondBaby;False
Reade2016_TheManufac;Bateman1966_TheTreatme;False
Reade2016_TheManufac;Bezold1889_Catalogueo;False
Reade2016_TheManufac;Biggs1974_Inscriptio;False
Reade2016_TheManufac;Blackman2003_ChemicalCh;False
Reade2016_TheManufac;Borger1991_EinBriefSi;False
Reade2016_TheManufac;Budge1920_ByNileandT;False
Reade2016_TheManufac;Budge1925_TheRiseand;False
Reade2016_TheManufac;Thompson1929_ACenturyof;False
Reade2016_TheManufac;Thompson1933_TheBritish;False
Reade2016_TheManufac;Cartwright2011_Investigat;False
Reade2016_TheManufac;Crawford1966_Processing;False
Reade2016_TheManufac;Unknown1995_ArtandEmpi;False
Reade2016_TheManufac;Dalley1976_TheOldBaby;False
Reade2016_TheManufac;Delougaz1933_PlanoConve;False
Reade2016_TheManufac;Dowman1970_Conservati;False
Reade2016_TheManufac;Eidem2002_TheClayThe;False
Reade2016_TheManufac;Evans1935_ThePalaceo;False
Reade2016_TheManufac;Fales1987_NeoAssyria;False
Reade2016_TheManufac;Fales2015_EditorialT;False
Reade2016_TheManufac;Field1929_TheFieldMu;False
Reade2016_TheManufac;Finkel2013_TheCyrusCy;False
Reade2016_TheManufac;Cammarosano2014_TheCuneifo;True
Reade2016_TheManufac;Foster2006_TheBeginni;False
Reade2016_TheManufac;Foster2013_AlbertTCla;False
Reade2016_TheManufac;Gadd1926_Tabletsfro;False
Reade2016_TheManufac;Gibson1972_TheArchaeo;False
Reade2016_TheManufac;Gilberg1987_FriedrichR;False
Reade2016_TheManufac;Goren2002_Petrograph;False
Reade2016_TheManufac;Grayson2014_TheRoyalIn;False
Reade2016_TheManufac;Grenfell1929_LabradorLo;False
Reade2016_TheManufac;Guinan1976_NippurReba;False
Reade2016_TheManufac;Gurney1952_TheSultant;False
Reade2016_TheManufac;Gurney1957_TheSultant;False
Reade2016_TheManufac;Hall1930_ASeasonsWo;False
Reade2016_TheManufac;Heuzey1912_Lesconstru;False
Reade2016_TheManufac;Hilprecht1903_Exploratio;False
Reade2016_TheManufac;Hogarth1923_Reportofth;False
Reade2016_TheManufac;Hunger1970_DasArchivd;False
Reade2016_TheManufac;Jeyes2000_GallBladde;False
Reade2016_TheManufac;Johns1911_AListofthe;False
Reade2016_TheManufac;Kelly2011_ANeoAssyri;False
Reade2016_TheManufac;King1914_Catalogueo;False
Reade2016_TheManufac;Kraus1947_DieIstanbu;False
Reade2016_TheManufac;Adams1969_BedouinOnN;True
Reade2016_TheManufac;Lambert1957_ThreeUnpub;False
Reade2016_TheManufac;Lambert1965_AMiddleAss;False
Reade2016_TheManufac;Lambert1992_CatalogueT;False
Reade2016_TheManufac;Lambert1966_SecondSupp;False
Reade2016_TheManufac;Layard1849_Ninevehand;False
Reade2016_TheManufac;Layard1853_Discoverie;False
Reade2016_TheManufac;Leach2000_Papyrus;False
Reade2016_TheManufac;Loftus1857_Travelsand;False
Reade2016_TheManufac;Lucas1932_Antiquitie;False
Reade2016_TheManufac;McCall2008_MaxMallowa;False
Reade2016_TheManufac;Maidman1999_TheUnivers;False
Reade2016_TheManufac;Mallowan1947_Excavation;False
Reade2016_TheManufac;Millard2005_OnlyFragme;False
Reade2016_TheManufac;George0000_InSearchOf;True
Reade2016_TheManufac;Oates1965_TellalRima;False
Reade2016_TheManufac;Oates2001_NimrudAnAs;False
Reade2016_TheManufac;Oppenheim1960_TheCityofA;False
Reade2016_TheManufac;Packard1939_TheCleanin;False
Reade2016_TheManufac;Parkinson1950_Preservati;False
Reade2016_TheManufac;Parrot1953_Archeologi;False
Reade2016_TheManufac;Petrie1888_TheTreatme;False
Reade2016_TheManufac;Plenderleith1934_ThePreserv;False
Reade2016_TheManufac;Rassam1897_Asshurandt;False
Reade2016_TheManufac;Rathgen1898_DieKonserv;False
Reade2016_TheManufac;Reade1975_Sourcesfor;False
Reade2016_TheManufac;Beckman1983_Mesopotami;True
Reade2016_TheManufac;Reade1998_AssyrianSc;False
Reade2016_TheManufac;Saggs1968_TellalRima;False
Reade2016_TheManufac;Smith1875_AssyrianDi;False
Reade2016_TheManufac;Taylor2011_TabletsasA;False
Reade2016_TheManufac;Thickett1998_Investigat;False
Reade2016_TheManufac;Walker2008_TheArchive;False
Reade2016_TheManufac;Wilson2002_TheBritish;False
Reade2016_TheManufac;Wiseman1968_TellalRima;False
Reade2016_TheManufac;Wiseman1996_LiteraryTe;False
Reade2016_TheManufac;Woolley1937_DiggingUpt;False
Reade2016_TheManufac;Yao2012_Pollensand;False
