source_id;author;title;year;source_type;source_book;publication_place;publisher;pages;language;discipline;urn_cts;is_primary_text;has_translation;digital_source;notes;doi;pdf_path;has_pdf;txt_path;anchor_external
Adams1969_BedouinOnN;Adams R.M.;Bedouin On Nippur Mound Reconnaissance And Soundings;1969;Archaeological Report;;;;22-26;;;;No;No;oi.uchicago.edu;;;;True;;
Al-Rawi1990_TabletsFro;Al-Rawi A.R.G.A.;Tablets From The Sippar Library: Ii. Tablet Ii Of The Babylonian Creation Epic;1990;Article in Book;Iraq, 1990, Vol. 52 (1990),;;British Institute for the Study of Iraq;pp. 149-157;;;;No;No;;;;;True;;
Attinger2018_E2DubBaAEt;Attinger P.;E2 Dub Ba A Et Ge Dub Ba1);2018;Tablet Translation:N.A.B.U 2018/2 (juin);;;;72-75;;;;No;No;;;;;True;;
Beckman1983_Mesopotami;Beckman G.;Mesopotamians And Mesopotamian Learning At Ḫattuša;1983;Article in Book;Journal of Cuneiform Studies;;The University of Chicago Press on behalf of The American Schools of;pp. 97-114 (Vol35);;;;No;No;;;;;True;/Users/aima/Desktop/Practice/projectEdubba/edubbaData/edubba3_DataSourceFile/outputAnystyle/txtForAnystyle2/Beckman1983_Mesopotami.txt;
Beyer2021_TeachingIn;Beyer W.;Teaching In Old Babylonian Nippur, Learning In Old Assyrian Aššur?;2021;Article in Book;published by De Gruyter;;;16-31;;;;No;No;https://doi.org/10.1515/9783110741124-002;;;;True;/Users/aima/Desktop/Practice/projectEdubba/edubbaData/edubba3_DataSourceFile/outputAnystyle/txtForAnystyle2/Beyer2021_TeachingIn.txt;
Brigitte2009_LesFemmesS;Brigitte L.;Les Femmes Scribes De Sippar;2009;Article;;;;289-303;;;;No;No;https://www.persee.fr/doc/topoi_1764-0733_2009_act_10_1_2669;;;;True;;
Budin2021_NearEaster;Budin S.;Near Eastern Archaeology;2021;Article;;;;VOLUME 84 • ISSUE;;;;No;No;www.asor.org;;;;True;;
Cammarosano2014_TheCuneifo;Cammarosano M.;The Cuneiform Stylus;2014;Article in Book;«Mesopotamia» is an International Peer Reviewed Journal;;;53-91;;;;No;No;;;;;True;/Users/aima/Desktop/Practice/projectEdubba/edubbaData/edubba3_DataSourceFile/outputAnystyle/txtForAnystyle2/Cammarosano2014_TheCuneifo.txt;
Cecile2009_LesFemmesE;Cécile M.;Les Femmes Et L’écrit Dans Les Archives Paléo Assyriennes;2009;Article;;;;253-272;;;;No;No;https://www.persee.fr/doc/topoi_1764-0733_2009_act_10_1_2667;;;;True;;
Charpin2010_WritingLaw;Charpin D.;Writing, Law, and Kingship: Essays on Old Babylonian Mesopotamia;2010;Null;;Chicago;;;;;;;;;;10.7208/chicago/9780226101590.001.0001;;False;;
Charpin2014_TheHistori;Charpin D.;The Historian And The Old Babylonian Archives;2014;Article in Book;DOCUMENTARY SOURCES IN ANCIENT NEAR EASTERN ANDGRECO-ROMAN ECONOMIC HISTORY Methodology and Practice;;;24-64;;;;No;No;;;;;True;/Users/aima/Desktop/Practice/projectEdubba/edubbaData/edubba3_DataSourceFile/outputAnystyle/txtForAnystyle2/Charpin2014_TheHistori.txt;
Charpin2019_PriestsOfU;Charpin D.;Priests Of Ur In The Old Babylonian Period: A Reappraisal In Light Of The 2017 Discoveries At Ur/tell Muqayyar;2019;Article in Book;Journal of Ancient Near Eastern Religions, 2019;;;18-34;;;;No;No;https://college-de-france.hal.science/hal-03022888;;;;True;;
Clemens2002_ReviewedWo;Clemens D.M.;Reviewed Work(s): Handbook Of Ugaritic Studies By W. G. E. Watson And N. Wyatt;2002;Article in Book;Journal of Near Eastern Studies, Vol. 61, No. 3 (Jul., 2002);;;pp. 221-223;;;;No;No;;;;;True;;
Delnero2010_SumerianEx;Delnero P.;Sumerian Extract Tablets And Scribal Education;2010;Article in Book;Journal of Cuneiform Studies, 2010, Vol. 62 (2010);;The University of Chicago Press on behalf of The American Schools of;pp. 53-69;;;;No;No;;;;;True;/Users/aima/Desktop/Practice/projectEdubba/edubbaData/edubba3_DataSourceFile/outputAnystyle/txtForAnystyle2/Delnero2010_SumerianEx.txt;
Falkowitz1984_RoundOldBa;Falkowitz R.S.;Round Old Babylonian School Tablets From Nippur;1984;Article in Book;Archiv für Orientforschung, 1983/1984, 29./30. Bd. (1983/1984);;;pp. 18-45;;;;No;No;;;;;True;;
Fincke2004_TheBabylon;Fincke J.C.;"The Babylonian Texts Of Nineveh: Report On The British Museum's ""ashurbanipal";2004;Article in Book;Archiv für Orientforschung, 2003/2004, Bd. 50 (2003/2004);;Archiv für Orientforschung (AfO)/Institut für Orientalistik;pp. 111-149;;;;No;No;;;;;True;/Users/aima/Desktop/Practice/projectEdubba/edubbaData/edubba3_DataSourceFile/outputAnystyle/txtForAnystyle2/Fincke2004_TheBabylon.txt;
Fincke2012_TheSchoolC;Fincke J.C.;The School Curricula From Hattuša, Emar And Ugarit: A Comparison;2012;Article, Article in Book: STUDIES IN SCHOOL EDUCATION IN THE ANCIENT NEAR EAST AND BEYOND, edited by W.S. VAN EGMOND and W.H. VAN SOLDT;;;;85 - 102;;;;No;No;;;;;True;/Users/aima/Desktop/Practice/projectEdubba/edubbaData/edubba3_DataSourceFile/outputAnystyle/txtForAnystyle2/Fincke2012_TheSchoolC.txt;
Foster2003_LateBabylo;Foster B.;Late Babylonian Schooldays: An Archaizing Cylinder;2003;Article in Book;;;;79-87;;;;No;No;;;;;True;;
Foster2005_Transmissi;Foster B.R.;Transmission Of Knowledge;2005;Article in Book;Companion To the Ancient Near East, Daniel, C, Snell;;Blackwell Publishing;246-255;;;;No;No;;;;;True;;
Frame2005_TheRoyalLi;Frame A.G.A.G.;The Royal Libraries Of Nineveh: New Evidence For King Ashurbanipal's Tablet Collecting;2005;Article in Book;Iraq, Spring, 2005, Vol. 67, No. 1, Nineveh. Papers of the 49th Rencontre Assyriologique Internationale, Part Two (Spring, 2005);;;pp. 265-284;;;;No;No;;;;;True;/Users/aima/Desktop/Practice/projectEdubba/edubbaData/edubba3_DataSourceFile/outputAnystyle/txtForAnystyle2/Frame2005_TheRoyalLi.txt;
Gadd1956_TeachersAn;Gadd C.;Teachers And Students In The Oldest Schools;1956;Article in Book;;;Un vol. in-8° de 45 pages. Londres, School of Oriental and African Studies,;1260127(Tome 35);;;;No;No;https://www.persee.fr/doc/syria_0039-7946_1958_num_35_1_5285_t1_0126_0000_3;;;;True;;
Gadotti2017_TheRulesOf;Gadotti A.;The Rules Of The School;2017;Article in Book;Journal of the American Oriental Society, Vol. 137, No. 1;;American Oriental Society;pp. 89-116;;;;No;No;;;;;True;/Users/aima/Desktop/Practice/projectEdubba/edubbaData/edubba3_DataSourceFile/outputAnystyle/txtForAnystyle2/Gadotti2017_TheRulesOf.txt;
Garcia0000_Transmissi;García J.Á.;Transmission And Reception Of Babylonian Knowledge In Ugaritnown. A Preliminary Study;Unknown;Monograph;;;;325-335;;;;No;No;;;;;True;/Users/aima/Desktop/Practice/projectEdubba/edubbaData/edubba3_DataSourceFile/outputAnystyle/txtForAnystyle2/Garcia0000_Transmissi.txt;
George0000_InSearchOf;George A.R.;In Search Of The É.dub.ba.a: The Ancient Mesopotamian School;Unknown;Article;;;;1-9;;;;No;No;;;;;True;/Users/aima/Desktop/Practice/projectEdubba/edubbaData/edubba3_DataSourceFile/outputAnystyle/txtForAnystyle2/George0000_InSearchOf.txt;
George2005_PerAsperaA;George A.R.;Per Aspera Ad Astra. L'apprentissage Du Cunéiforme À Sippar Amnānum Pendant La Période Paléobabylonienne Tardive By Michel Tanret;2005;Article in Book;Bulletin of the School of Oriental and African Studies,;;;pp. 305-307 Vol. 68,;;;;No;No;;;;;True;;
George2008_Approaches;George A.R.;Approaches To Sumerian Literature. Studies In Honour Of Stip (h. L. J.vanstiphout) By Piotr Michalowski And Niek Veldhuis;2008;Article in Book;Bulletin of the School of Oriental and African Studies, University of London, Vol.71, No. 1;;Cambridge University Press on behalf of School of Oriental and African;pp. 168-169;;;;No;No;;;;;True;;
Gibson0000_Nippur;Gibson M.;Nippur;;Archaeological Report;;;;116-122;;;;No;No;oi.uchicago.edu;;;;True;;
Gibson0000_NippurAndI;Gibson M.;Nippur And Iraq At A Time Of War;2002-2003;Archaeological Report, Tablet Translation, Article, Article in Book, Book;;;;;;;;No;No;http://oi.uchicago.edu/OI/AR/02-03/02-03_AR_TOC.html;;;;True;;
Gibson0000_NippurUnde;Gibson M.;Nippur Under Assyrian Domination: 15th Season Of Excavation, 1981 82.;1981-82;Archaeological Report;;;;40-48;;;;No;No;oi.uchicago.edu;;;;True;;
Gibson0000_TheNippurE;Gibson M.;The Nippur Expedition;Unknown;Archaeological Report;;;;22-30;;;;No;No;oi.uchicago.edu;;;;True;;
Gibson1961_Nippur;Gibson M.;Nippur;1961;Archaeological Report;;;;80-82;;;;No;No;oi.uchicago.edu;;;;True;;
Gibson1973_Excavation;Gibson M.;Excavations At Nippur;1973;Archaeological Report;;;;29-38;;;;No;No;oi.uchicago.edu;;;;True;;
Gibson1974_TheNippurE;Gibson M.;The Nippur Expedition;1974;Archaeological Report;;;;27-29;;;;No;No;oi.uchicago.edu;;;;True;;
Gibson1976_TheNippurE;Gibson M.;The Nippur Expedition;1976;Archaeological Relies;;;;;;;;No;No;oi.uchicago.edu;;;;True;;
Gibson1977_NippurRegi;Gibson M.;Nippur Regional Project: Umm Al Hafriyat;1977;Archaeological Report;;;;20-26;;;;No;No;oi.uchicago.edu;;;;True;;
Gibson1980_NippurHamr;Gibson M.;Nippur, Hamrin, And Related Activities;1980;Archaeological Report;;;;27-30;;;;No;No;oi.uchicago.edu;;;;True;;
Gibson1982_Nippur;Gibson M.;Nippur;1982;Archaeological Report;;;;23 -25;;;;No;No;oi.uchicago.edu;;;;True;;
Gibson1985_BackToTabl;Gibson M.;Back To Tablet Hill: Sixteenth Season At Nippur;1985;Archaeological Report;;;;20-30;;;;No;No;oi.uchicago.edu;;;;True;;
Gibson1986_Nippur;Gibson M.;Nippur;1986;Archaeological Report;;;;16 - 22;;;;No;No;oi.uchicago.edu;;;;True;;
Gibson1987_Nippur;Gibson M.;Nippur;1987;Archaeological Report;;;;18-29;;;;No;No;oi.uchicago.edu;;;;True;;
Gibson1988_Nippur;Gibson M.;Nippur;1988;Archaeological Report;;;;18-26;;;;No;No;oi.uchicago.edu;;;;True;;
Gibson1989_Nippur;Gibson M.;Nippur;1989;Archaeological Report;;;;9-17;;;;No;No;oi.uchicago.edu;;;;True;;
Gibson1990_Nippur1990;Gibson M.;Nippur, 1990: The Temple Of Gula And Glimpse Of Thing To Come;1990;Archaeological Report;;;;17-26;;;;No;No;oi.uchicago.edu;;;;True;;
Gibson1991_Nippur;Gibson M.;Nippur;1991;Archaeological Report;;;;36-38;;;;No;No;oi.uchicago.edu;;;;True;;
Gibson2003_Nippur;Gibson M.;Nippur;2003;Archaeological Report;;;;76-78;;;;No;No;oi.uchicago.edu;;;;True;;
Gibson2004_NippurAndU;Gibson M.;Nippur And Umm Al Hafriyat;2004;Archaeological Report;;;;116-120;;;;No;No;oi.uchicago.edu/oi/AR/03-04/03-04_AR_TOC.html;;;;True;;
Gibson2008_Nippur;Gibson M.;Nippur;2005;Archaeological Report;;;;96-97;;;;No;No;oi.uchicago.edu;;;;True;;
Gibson2005_NippurAndA;Gibson M.;Nippur And Archaeology In Iraq;2005;Archaeological Report;;;;83-85;;;;No;No;oi.uchicago.edu/oi/AR/04-05/04-05_AR_TOC.html;;;;True;;
Gibson2009_Nippur;Gibson M.;Nippur;2009;Archaeological Report;;;;101 -103;;;;No;No;oi.uchicago.edu;;;;True;;
Gibson2011_Nippur;Gibson M.;Nippur;2011;Archaeological Report;;;;97-101;;;;No;No;oi.uchicago.edu;;;;True;;
Gibson2013_Nippur;Gibson M.;Nippur;2013;Archaeological Report, Tablet Translation, Article, Article in Book, Book;;;;85 - 89;;;;No;No;http://oi.uchicago.edu;;;;True;;
Gibson2014_NippurAndB;Gibson M.;Nippur And Beyond;2014;Archaeological Report;;;;107-109;;;;No;No;oi.uchicago.edu;;;;True;;
Gibson2015_Nippur;Gibson M.;Nippur;2015;Archaeological Report, Tablet Translation, Article, Article in Book, Book;;;;122-124;;;;No;No;oi.uchicago.edu;;;;True;;
Gilibert2021_UrbanSquar;Gilibert A.;Urban Squares In Late Bronze Age Ugarit:a Street View On Ancient Near Eastern Governance;2021;Article in Book;Journal of Near Eastern Studies, volume 80, number 2,;;The University of Chicago Press.;377-415;;;;No;No;https://doi.org/10.1086/716076;;;;True;/Users/aima/Desktop/Practice/projectEdubba/edubbaData/edubba3_DataSourceFile/outputAnystyle/txtForAnystyle2/Gilibert2021_UrbanSquar.txt;
Haines0000_Sumerianst;Haines R.C.;The Nippur Expedition;Unknown;Archaeological Report;;;;8-10;;;;No;No;oi.uchicago.edu;;;;True;;
Haines1945_TheNippurE;Haines R.;The Nippur Expedition;1945;Archaeological Report;;;;;;;;No;No;oi.uchicago.edu;;;;True;;
Haines1961_TheNippurE;Haines R.;The Nippur Expedition;1961;Archaeological Report;;;;4-6;;;;No;No;oi.uchicago.edu;;;;True;;
Haines1963_TheNippurE;Haines R.C.;The Nippur Expedition;1963;Archaeological Report, Tablet Translation, Article, Article in Book, Book;;;;19-20;;;;No;No;oi.uchicago.edu;;;;True;;
Harper1892_AssyrianAn;Harper R.F.;Assyrian And Babylonian Letters Belonging To The K. Collection Of The British Museum;1892;book:;;;THE UNIVERSITY OF CHICAGO PRESS;;;;;No;No;;;;;True;;
Hasselbach-Andee2020_Multilingu;Hasselbach‐Andee R.;Multilingualism And Diglossia In The Ancient Near East;2020;Article in Book;A Companion to Ancient Near Eastern Languages, First Edition.;;;457-470 (ch24);;;;No;No;;;;;True;/Users/aima/Desktop/Practice/projectEdubba/edubbaData/edubba3_DataSourceFile/outputAnystyle/txtForAnystyle2/Hasselbach-Andee2020_Multilingu.txt;
Hawley2005_OnTheAlpha;Hawley R.;On The Alphabetic Scribal Curriculum At Ugarit;2005;Article in Book;51e Rencontre Assyriologique Internationale;;;57-57;;;;No;No;https://shs.hal.science/halshs-00437137;;;;True;;
Hilprecht2004_ModelTexts;Hilprecht N.V.A.H.;Model Texts And Exercises From The Temple School Of Nippur: Be 19;2004;Article in Book;;;;28-49;;;;No;No;;;;;True;;
Hoffner2009_HittiteStu;Hoffner H.A.;Hittite Studies In Honor (bibliography);2009;Article in Book;Journal of Near Eastern Studies, No. 3 (July 2009);;;213-215, Vol. 68;;;;No;No;http://www.jstor.org/stable/10.1086/613997 .;;;;True;;
Hruska2002_ThePowerAn;Hruška B.;The Power And The Writing. The Early Scribes Of Mesopotamia Bygiuseppe Visicato;2002;Article in Book;Wiener Zeitschrift für die Kunde des Morgenlandes;;;pp. 231-234;;;;No;No;;;;;True;;
Hurowitz0000_LiteraryOb;Hurowitz V.;Literary Observations On “in;Unknown;Article;;;;49-57;;;;No;No;;;;;True;;
Jacquet0000_FamilyArch;Jacquet A.;Family Archives In Mesopotamia During The Old Babylonian Period;Unknown;Article in Book;;;;63-86;;;;No;No;;;;;True;;
Klein1996_LanguageAc;Klein W;Language Acquisition At Different Ages;1996;Article in Book;Individual Development over the Lifespan: Biological and Psychosocial Perspectives, D. Magnusson (Ed.);;;88-108;;;;No;No;;;;;True;/Users/aima/Desktop/Practice/projectEdubba/edubbaData/edubba3_DataSourceFile/outputAnystyle/txtForAnystyle2/Klein1996_LanguageAc.txt;
Knudstad0000_Excavation;Knudstad J.E.;Excavation At Nippur;Unknown;Archaeological Report;;;;6-8;;;;No;No;oi.uchicago.edu;;;;True;;
Knudstad1890_TheNippurE;Knudstad J.;The Nippur Expedition;1890;Archaeological Report;;;;26-27;;;;No;No;oi.uchicago.edu;;;;True;;
Knudstad1966_TheNippurE;Knudstad J.;The Nippur Expedition;1966;Archaeological Report;;;;7-11;;;;No;No;oi.uchicago.edu;;;;True;;
Kramer1949_Schooldays;Kramer S.N.;Schooldays: A Sumerian Composition Relating To The Education Of A Scribe;1949;Article in Book;Journal of the American Oriental Society, Oct. - Dec., 1949, Vol. 69, No. 4;;;pp. 199-215;;;;No;No;;;;;True;;
Kramer1977_TheUrExcav;Kramer S.N.;The Ur Excavations And Sumerian Literature;1977;Article in Book;;;;41-47;;;;No;No;;;;;True;;
Kraus0000_ScribalEdu;Kraus N.L.;Scribal Education In The Sargonic Period;;Article in Book;;;;1;;;;No;No;;;;;True;;
Lambert1962_ACatalogue;Lambert W.;A Catalogue Of Texts And Authors;1962;Article in Book;;;;59-77 (vol 16);;;;No;No;https://www.jstor.org/stable/1359154;;;;True;;
Lucas1979_TheScribal;Lucas;The Scribal Tablet House In Ancient Mesopotamia;1979;Article in Book;History of Education Quarterly, Autumn, 1979, Vol. 19, No. 3;;;pp. 305-332;;;;No;No;;;;;True;;
Macginnis2002_TheUseOfWr;Macginnis J.;The Use Of Writing Boards In The Neo Babylonian Temple Administration At Sippar;2002;Article in Book;Iraq, Vol. 64 (2002);;British Institute for the Study of Iraq;pp. 217-236;;;;No;No;;;;;True;/Users/aima/Desktop/Practice/projectEdubba/edubbaData/edubba3_DataSourceFile/outputAnystyle/txtForAnystyle2/Macginnis2002_TheUseOfWr.txt;
Martin1983_Settlement;Martin H.P.;Settlement Patterns At Shuruppak;1983;Article in Book;Papers of the 29 Rencontre Assyriologique Internationale, London;;British Institute for the Study of Iraq;pp. 24-31 Vol. 45;;;;No;No;;;;;True;;
Matthews1991_FragmentsO;Matthews R.J.;Fragments Of Officialdom From Fara;1991;Article in Book;;;British Institute for the Study of Iraq;1-15;;;;No;No;;;;;True;/Users/aima/Desktop/Practice/projectEdubba/edubbaData/edubba3_DataSourceFile/outputAnystyle/txtForAnystyle2/Matthews1991_FragmentsO.txt;
Meyer1982_TellEdDerI;Meyer L.D.;Tell Ed Dèr Ii. Progress Reports (first Series);1982;Article in Book;Orientalia, 1982, NOVA SERIES, Vol. 51, No. 1;;GB Press- Gregorian Biblical Press;pp. 148-155;;;;No;No;;;;;True;;
Michalowski2012_LiteracySc;Michalowski P.;Literacy, Schooling And The Transmission Of Knowledge In Early Mesopotamian Culture;2012;Article in Book;STUDIES IN SCHOOL EDUCATION IN THE ANCIENT NEAR EAST AND BEYOND, edited by W.S. VAN EGMOND and W.H. VAN SOLDT;;NEDERLANDS INSTITUUT VOOR HET NABIJE OOSTEN, LEIDEN;39-59;;;;No;No;;;;;True;/Users/aima/Desktop/Practice/projectEdubba/edubbaData/edubba3_DataSourceFile/outputAnystyle/txtForAnystyle2/Michalowski2012_LiteracySc.txt;
Michalowski2013_FromTheCol;Michalowski P.;From The Collections Of An Old Babylonian Literary Connoisseur;2013;Article in Book;Revue d'Assyriologie et d'archéologie orientale ,;;Presses Universitaires de France;Vol. 107, 15-22;;;;No;No;;;;;True;/Users/aima/Desktop/Practice/projectEdubba/edubbaData/edubba3_DataSourceFile/outputAnystyle/txtForAnystyle2/Michalowski2013_FromTheCol.txt;
Michel2018_Constituti;Michel C.;Constitution, Contents, Filing And Use Of Private Archives: The Case Of Old Assyrian Archives (nineteenth Century Bce);2018;Article in Book;De Gruyter, Studies in Manuscript Cultures, 9783110541397-004.10.1515/9783110541397.halshs-01967549;;;pp.43-70;;;;No;No;https://www.degruyterbrill.com/document/doi/10.1515/9783110541397-004/html;;;;True;/Users/aima/Desktop/Practice/projectEdubba/edubbaData/edubba3_DataSourceFile/outputAnystyle/txtForAnystyle2/Michel2018_Constituti.txt;
Mieroop1986_NippurText;Mieroop M.V.D.;Nippur Texts From The Early Isin Period;1986;Article in Book;JANES 18 (1986);;;31-52;;;;No;No;;;;;True;;
Pearce1995_TheScribes;Pearce L.E.;The Scribes And Scholars Of Ancient Mesopotamia;1995;Article in Book;Civilizations of the Ancient Near East,JACK M. SASSON;;;2265-2278;;;;No;No;;;;;True;/Users/aima/Desktop/Practice/projectEdubba/edubbaData/edubba3_DataSourceFile/outputAnystyle/txtForAnystyle2/Pearce1995_TheScribes.txt;
Peters1903_ReviewTheE;Peters J.P.;Review: The Excavation Of Nippur;1903;Article in Book;Explorations in Bible Lands during the Nineteenth Century by H. V.Hilprecht, Dr. Benzinger, Dr. Hommel, Dr. Jensen and Dr. Steindorff;;The University of Chicago Press;Vol. 7, No. 4 (Oct., 1903), pp. 712-730;;;;No;No;;;;;True;;
Peters1905_TheNippurL;Peters J.P.;The Nippur Library;1905;Article in Book;Journal of the American Oriental Society;;;145 -164;;;;No;No;;;;;True;;
Pickworth2005_Excavation;Pickworth D.;Excavations At Nineveh: The Halzi Gate;2005;Article in Book;Nineveh. Papers of the 49th Rencontre Assyriologique Internationale, Part Two;;British Institute for the Study of Iraq;pp. 295-316;;;;No;No;;;;;True;/Users/aima/Desktop/Practice/projectEdubba/edubbaData/edubba3_DataSourceFile/outputAnystyle/txtForAnystyle2/Pickworth2005_Excavation.txt;
Reade2017_TheManufac;Reade J.E.;The Manufacture, Evaluation And Conservation Of Clay Tablets Inscribed In Cuneiform: Traditional Problems And Solutions;2017;Article in Book;IRAQ(2017)79163–202;;Cambridge University Press;163-103;;;;No;No;Doi:10.1017/irq.2016.10;;;;True;;
Reckling0000_TheArchaeo;Reckling L.;The Archaeology Of Tell Ras Shamra;Unknown;Article;;;;1-7;;;;No;No;;;;;True;/Users/aima/Desktop/Practice/projectEdubba/edubbaData/edubba3_DataSourceFile/outputAnystyle/txtForAnystyle2/Reckling0000_TheArchaeo.txt;
Rhaines1956_LoTheAncie;Rhaines;Lo, The Ancient Sumerians The Nippur Expedition;1956;Archaeological Report;;;;1;;;;No;No;oi.uchicago.edu;;;;True;;
Robson0000_Fromashurb;Robson E.;From ‘ashurbanipal’s Library’ And The ‘stream Of Tradition’ To New Approaches To Cuneiform Scholarship;Unknown;Article in Book;Ancient Knowledge Networks- A Social Geography of Cuneiform Scholarship in First-Millennium;;;10-48;;;;No;No;;;;;True;;
Robson2000_Mathematic;Robson E.;Mathematical Cuneiform Tablets In Philadelphia;2000;Article in Book;SCIAMVS 1 (2000);;;11-48;;;;No;No;;;;;True;/Users/aima/Desktop/Practice/projectEdubba/edubbaData/edubba3_DataSourceFile/outputAnystyle/txtForAnystyle2/Robson2000_Mathematic.txt;
Robson2001_TheTabletH;Eleanor Robson;The Tablet House A Scribal School In Old Babylonian Nippur;2001;article in book;;Paris;Presses Universitaires de France (PUF);39-66;en;assyriology;Null;No;No;https://shs.cairn.info/revue-d-assyriologie-2001-1-page-39;Null;10.3917/assy.093.0039;;True;/Users/aima/Desktop/Practice/projectEdubba/edubbaData/edubba3_DataSourceFile/outputAnystyle/txtForAnystyle2/Robson2001_TheTabletH.txt;
Robson2008_Mathematic;Robson E.;Mathematics In Ancient Iraq;2008;Article in Book;;;;1-26;;;;No;No;;;;;True;;
Robson2011_EmpiricalS;Robson E.;Empirical Scholarship In The Neo Assyrian Court;2011;Article in Book;The Empirical Dimension of Ancient Near Eastern Studies, Gebhard Selz;;;;;;;No;No;http//dnb.d-nb.de;;;;True;/Users/aima/Desktop/Practice/projectEdubba/edubbaData/edubba3_DataSourceFile/outputAnystyle/txtForAnystyle2/Robson2011_EmpiricalS.txt;
Robson2012_TheProduct;Eleanor Robson;The Production And Dissemination of Scholarly Knowledge;2012;article in book;;Oxford;Oxford Handbook;;en;archaeology;Null;No;No;https://academic.oup.com/edited-volume/27992/chapter-abstract/211708565;Null;10.1093/oxfordhb/9780199557301.013.0026;;True;;
Samet2023_Instructio;Samet N.;Instruction Of Shuruppak: The World's Oldest Instruction Collection;2023;Article in Book;HUMAN INTERACTION WITH THE NATURAL WORLD IN WISDOM LITERATURE AND BEYOND;;;216-237;;;;No;No;;;;;True;;
Soldt0000_Babylonian;Soldt W.V.;Babylonian Lexical, Religious And Literary Texts And Scribal Education At Ugarit And Its Implications For The Alphabetic Literary Text;;Article in Book;;;;171-192;;;;No;No;;;;;True;;
Ston2001_SurveyAndS;Ston E.;Survey And Soundings In The Outer Town Of A Y Ayanis 1996 1998;2001;Article in Book;AYANIS I: Ten Years' Excavations at Rusahinili Eiduru-kai;;;355-377;;;;No;No;;;;;True;;
Tanret2004_TheWorksAn;Tanret M.;The Works And The Days... On Scribal Activity In Old Babylonian Sippar Amnānum;2004;Article in Book;Revue d'Assyriologie et d'archéologie orientale, 2004, Vol. 98;;Presses Universitaires de France;pp. 33-62;;;;No;No;;;;;True;/Users/aima/Desktop/Practice/projectEdubba/edubbaData/edubba3_DataSourceFile/outputAnystyle/txtForAnystyle2/Tanret2004_TheWorksAn.txt;
Tanret2012_LearnedRic;Tanret M.;Learned, Rich, Famous, And Unhappy: Ur Utu Of Sippar;2012;Article in Book;OUP UNCORRECTED PROOF – FIRST-PROOF, 02/17/11, SPi;;;270-281;;;;No;No;www.researchgate.net/publication/297235478 DOI: 10.1093/oxfordhb/9780199557301.013.0013;;;;True;/Users/aima/Desktop/Practice/projectEdubba/edubbaData/edubba3_DataSourceFile/outputAnystyle/txtForAnystyle2/Tanret2012_LearnedRic.txt;
Tinney1998_ScribalEdu;Tinney S.;Scribal Education In Nippur And Ur;1998;Article in Book;ExpreEpDITION Volume 40, No. 2 (1998);;;40-50;;;;No;No;;;;;True;/Users/aima/Desktop/Practice/projectEdubba/edubbaData/edubba3_DataSourceFile/outputAnystyle/txtForAnystyle2/Tinney1998_ScribalEdu.txt;
Tsouparopoulou0000_HiddenMess;Tsouparopoulou C.;Hidden Messages Under The Temple: Foundation Deposits And The Restricted Presence Of Writing In 3rd Millennium Bce Mesopotamia*;;Article in Book;;;;17-31;;;;No;No;;;;;True;/Users/aima/Desktop/Practice/projectEdubba/edubbaData/edubba3_DataSourceFile/outputAnystyle/txtForAnystyle2/Tsouparopoulou0000_HiddenMess.txt;
Haines0000_TheNippurE;;The Nippur Expedition;Unknown;Archaeological Report;;;;12-14;;;;No;No;oi.uchicago.edu;;;;True;;
Unknown0000_UrUtusStor;Unknown;Ur Utu's Story:the Mesopotamian Family And Laws;Unknown;Article in Book;;;;;;;;No;No;;;;;True;;
Gibson2006_NippurAndU;;Nippur And Umm Al Hafriyat;2006;Archaeological Report;;;;86-88;;;;No;No;oi.uchicago.edu;;;;True;;
Ur2017_TheTopogra;Ur J.;The Topography Of Nineveh;2017;Article in Book;NINEVEH THE GREAT CITY Symbol of Beauty and Power;;Papers on Archaeology of the Leiden Museum of Antiquities 13, Leiden (Sidestone Press). SIDESTONE PRESS;68-73;;;;No;No;;;;;True;;
Vanstiphout1978_LipitEstar;Vanstiphout H.;Lipit Eštar's Praise In The Edubba;1978;Article in Book;Journal of Cuneiform Studies;;The University of Chicago Press on behalf of The American Schools of;33-61;;;;No;No;;;;;True;;
Vanstiphout1979_HowDidThey;Vanstiphout H.;How Did They Learn Sumerian?;1979;Article in Book;Journal of Cuneiform Studies, Apr., 1979, Vol. 31, No. 2;;The University of Chicago Press on behalf of The American Schools of Oriental Research;pp. 118-126;;;;No;No;;;;;True;;
Veldhuis1996_TheCuneifo;Veldhuis N.;The Cuneiform Tablet As An Educational Tool!;1996;Article in Book;;;;11-26 VOL. 2;;;;No;No;;;;;True;;
Veldhuis1996_TheUgaritL;Veldhuis N.;The Ugarit Lexical Text Rs 13.53;1996;Article in Book;Source: Die Welt des Orients, 1996, Bd. 27 (1996);;Vandenhoeck & Ruprecht (GmbH & Co. KG);pp. 25-29;;;;No;No;;;;;True;;
Veldhuis1997_UrukAltbab;Veldhuis N.;Uruk. Altbabylonische Texte Aus Dem Planquadrat Pe Xvi 4/5 By Antoine Cavigneaux, Adam Falkenstein And Rainer Michael Boehmer;1997;Article in Book;Archiv für Orientforschung, 1997/1998, Bd. 44/45;;Archiv für Orientforschung (AfO)/Institut für Orientalistik;pp. 360-363;;;;No;No;;;;;True;;
Veldhuis1999_ReadingThe;Veldhuis N.;Reading The Signs;1999;Article in Book;;;;161-174;;;;No;No;;;;;True;;
Veldhuis2000_KassiteExe;Veldhuis N.;Kassite Exercises: Literary And Lexical Extracts;2000;Article in Book;Journal of Cuneiform Studies, Vol. 52, (2000);;The American Schools of Oriental Research;pp. 67-94;;;;No;No;;;;;True;/Users/aima/Desktop/Practice/projectEdubba/edubbaData/edubba3_DataSourceFile/outputAnystyle/txtForAnystyle2/Veldhuis2000_KassiteExe.txt;
Veldhuis2000_ReviewSume;Veldhuis N.;Review: Sumerian Proverbs In Their Curricular Context;2000;Article in Book;Journal of the American Oriental Society;;American Oriental Society;pp. 383-399;;;;No;No;;;;;True;;
Veldhuis2002_StudiesInS;Veldhuis N.;"Studies In Sumerian Vocabulary: Dnin Ka6; Immal/šilam; And Še21.d";2002;Article in Book;Journal of Cuneiform Studies, Vol. 54,;;The American Schools of Oriental Research;pp. 67-77;;;;No;No;;;;;True;/Users/aima/Desktop/Practice/projectEdubba/edubbaData/edubba3_DataSourceFile/outputAnystyle/txtForAnystyle2/Veldhuis2002_StudiesInS.txt;
Veldhuis2003_OnTheCurri;Veldhuis N.;On The Curriculum Of The Neo Babylonian School;2003;Article in Book;Journal of the American Oriental Society;;American Oriental Society;627-633;;;;No;No;;;;;True;/Users/aima/Desktop/Practice/projectEdubba/edubbaData/edubba3_DataSourceFile/outputAnystyle/txtForAnystyle2/Veldhuis2003_OnTheCurri.txt;
Veldhuis2006_HowDidThey;Veldhuis N.;How Did They Learn Cuneiform? Tribute/word List C As An Elementary Exercise;2006;Article in Book;Approaches to Sumerian Literature (H. L. J. Vanstiphout);;BRILL LEIDEN•BOSTON;181-200;;;;No;No;;;;;True;/Users/aima/Desktop/Practice/projectEdubba/edubbaData/edubba3_DataSourceFile/outputAnystyle/txtForAnystyle2/Veldhuis2006_HowDidThey.txt;
Veldhuis2012_PrestigeDi;Veldhuis N.;Prestige: Divergent Receptions Of Babylonian Scholarship: Cuneiform Lexical Texts In The Lare Bronze Age;2012;Article in Book;Birgit Christiansen, Ulrich Thaler (Hrsg.) Ansehenssache Formen von Prestige in Kulturen des Alterrums;;;83-103;;;;No;No;;;;;True;/Users/aima/Desktop/Practice/projectEdubba/edubbaData/edubba3_DataSourceFile/outputAnystyle/txtForAnystyle2/Veldhuis2012_PrestigeDi.txt;
Veldhuis2013_PurityAndA;Veldhuis N.;Purity And Access: A Catalog Of Lexical Texts Dedicated To Nabû;2013;Article in Book;Journal of Cuneiform Studies, Vol. 65;;;169-180;;;;No;No;;;;;True;/Users/aima/Desktop/Practice/projectEdubba/edubbaData/edubba3_DataSourceFile/outputAnystyle/txtForAnystyle2/Veldhuis2013_PurityAndA.txt;
Verderame0000_RassamsAct;Verderame L.;Rassam’s Activities At Tello (1879) And The Earliest Acquisition Of Neo Sumerian Tablets In The British Museu;Unknown;Article;;;;;;;;No;No;;;;;True;;
Volk2000_EdubbaaUnd;Volk K.;Edubba>a Und Edubba>a Literatur: Ratsel Und Losungen;2000;Article in Book;Original veroffentlichung in: Zeitschrift fur Assyriologie und vorderasiatische Archaologie 90;;;1-30;;;;No;No;;;;;True;;
Woolley1930_Excavation;"Woolley C.L.; Littd";Excavations At Ur, 1929 30;1930;Archaeological Report;;;;81-105;;;;No;No;;;;;True;;
Yushu2010_TheSumeria;Yushu G.;The Sumerian Account Of The Invention Of Writing —a New Interpretation;2010;Article in Book;Procedia Social and Behavioral Sciences 2;;;7446 -7453;;;;No;No;www.sciencedirect.com;;;;True;/Users/aima/Desktop/Practice/projectEdubba/edubbaData/edubba3_DataSourceFile/outputAnystyle/txtForAnystyle2/Yushu2010_TheSumeria.txt;
Charpin2010_ReadingAnd;Charpin D.;Reading and Writing in Babylon;2010;chapter in book;;;;"1-16; 271-304;";;;;No;No;;Added automatically from TXT + METADATA;;;TRUE;/Users/aima/Desktop/Practice/projectEdubba/edubbaData/edubba3_DataSourceFile/outputAnystyle/txtForAnystyle2/Charpin2010_ReadingAnd.txt;
Michalowski2021_TheyWroteo;Michalowski P.;They Wrote on Clay, Wax, and Stone: Some Thoughts on Early Mesopotamian Writing;2021;Article in Journal:;;;De Gruyter;67-89;;;;No;No;https://doi.org/10.1515/9783110753301-005;Added automatically from TXT + METADATA;;;TRUE;/Users/aima/Desktop/Practice/projectEdubba/edubbaData/edubba3_DataSourceFile/outputAnystyle/txtForAnystyle2/Michalowski2021_TheyWroteo.txt;
Taylor2015_ASystemati;Taylor A.J.;A Systematic Review of the Mortality from Untreated Leptospirosis;2015;Article in Jornal:;;;;1-19;;;;No;No;DOI:10.1371/journal.pntd.0003866;Added automatically from TXT + METADATA;;;TRUE;/Users/aima/Desktop/Practice/projectEdubba/edubbaData/edubba3_DataSourceFile/outputAnystyle/txtForAnystyle2/Taylor2015_ASystemati.txt;
Janssen2018_AddressBeh;Janssen C.;Address Behaviour in Eight Unpublished ana bēlīja Letters from the Late Old Babylonian Ur-Utu Archive: Close Relatives Through a Distant Mirror?;2018;"Article, Article in Journal: Zeitschrift für Assyriologie 2018; 108(2)";;;;332 -348;;;;No;No;https://doi.org/10.1515/za-2018-0011;Added automatically from TXT + METADATA;;;TRUE;/Users/aima/Desktop/Practice/projectEdubba/edubbaData/edubba3_DataSourceFile/outputAnystyle/txtForAnystyle2/Janssen2018_AddressBeh.txt;
Sovegjarto2023_Archaeolo;Sovegjarto S.;A Collector’s Edition of the Past: Personal Collections of Mesopotamian Royal Inscriptions from the Old Babylonian Period;2023;Article in Journal:;;;;447 - 477;;;;No;No;https://doi.org/10.1515/9783111037196-014;Added automatically from TXT + METADATA;;;TRUE;/Users/aima/Desktop/Practice/projectEdubba/edubbaData/edubba3_DataSourceFile/outputAnystyle/txtForAnystyle2/Sovegjarto2023_ACollector.txt;
Schneider2022_NippurCit;Schneider B.;Nippur: City of Enlil and Ninurta Introduction: Location as Advantage;2022;Article in JOurnal:;;;De Gruyter;745 -763;;;;No;No;https://doi.org/10.1515/9783110798432-039;Added automatically from TXT + METADATA;;;TRUE;/Users/aima/Desktop/Practice/projectEdubba/edubbaData/edubba3_DataSourceFile/outputAnystyle/txtForAnystyle2/Schneider2022_NippurCity.txt;
Tanret2011_LearnedRic;Tanret M.;Learned, Rich, Famous, And Unhappy: Ur Utu Of Sippar;2011;Article in Book;;;;Chapter 13 pp.270-279;;;;No;No;;Added automatically from TXT + METADATA;;;TRUE;/Users/aima/Desktop/Practice/projectEdubba/edubbaData/edubba3_DataSourceFile/outputAnystyle/txtForAnystyle2/Tanret2011_LearnedRic.txt;
Michel0000_CentralAna;Michel C.;Central Anatolia in the Nineteenth and Eighteenth Centuries BC;;Article in Book;;;;111-136;;;;No;No;;Added automatically from TXT + METADATA;;;TRUE;/Users/aima/Desktop/Practice/projectEdubba/edubbaData/edubba3_DataSourceFile/outputAnystyle/txtForAnystyle2/Michel0000_CentralAna.txt;
Nan2024_TheRoleand;Nan X.;The Role and Limitations of the United Nations in Middle East Security. A Case Study of United Nations Truce Supervision Organization;2024;Article in Book;;;;1029-1038;;;;No;No;https://doi.org/10.2991/978-2-38476-297-2_124;Added automatically from TXT + METADATA;;;TRUE;/Users/aima/Desktop/Practice/projectEdubba/edubbaData/edubba3_DataSourceFile/outputAnystyle/txtForAnystyle2/Nan2024_TheRoleand.txt;
Roger2016_GlobalCorr;Roger M.;Global correlation and uncertainty accounting;2016;Article in Journal:;;;;184-190;;;;No;No;DOI 10.1515/demo-2016-0009;Added automatically from TXT + METADATA;;;TRUE;/Users/aima/Desktop/Practice/projectEdubba/edubbaData/edubba3_DataSourceFile/outputAnystyle/txtForAnystyle2/Roger2016_Globalcorr.txt;
Steele2004_TheCultsof;Steele M.J.;TheCultsofUrukandBabylon:TheTempleRitualTextsasEvidence for Hellenistic Cult Practice by Marc J.H.Linssen;2004;Monographs: Cuneiform Monographs 25. Leiden:Brill--Styx, 2004.  ISBN 90--04--12402--0.Cloth ¤106.00;;;;Pp.xv+343.;;;;No;No;;Added automatically from TXT + METADATA;;;TRUE;/Users/aima/Desktop/Practice/projectEdubba/edubbaData/edubba3_DataSourceFile/outputAnystyle/txtForAnystyle2/Steele2004_TheCultsof.txt;
Reade2016_TheManufac;Reade J.;The Manufacture, Evaluation and Conservation of Clay Tablets Inscribed in Cuneiform: Traditional Problems and Solutions;2016;Article in Book;;;Cambridge University Press;163 -202;;;;No;No;https://doi.org/10.1017/irq.2016.10;Added automatically from TXT + METADATA;;;TRUE;/Users/aima/Desktop/Practice/projectEdubba/edubbaData/edubba3_DataSourceFile/outputAnystyle/txtForAnystyle2/Reade2016_TheManufac.txt;
Civil1980_Leslimites;Civil;Les limites de l’information textuelle’;1980;;;;;;;;;No;No;;auto-extracted from references;;;FALSE;;external
Civil1985_Surleslivr;Civil;Sur les “livres d’écolier” à l’époque paléo-babylonienne’;1985;;;;;;;;;No;No;;auto-extracted from references;;;FALSE;;external
Cohen2011_TeacherStu;Cohen;Teacher-Student Relationships: Two Case Studies’;2011;;;;;;;;;No;No;;auto-extracted from references;;;FALSE;;external
Davis2007_ThePractic;Davis;The Practice of Handwriting Identification’;2007;;;;;;;;;No;No;;auto-extracted from references;;;FALSE;;external
Donbaz1985_MoreOldAss;Donbaz;More Old Assyrian Tablets from Assur’;1985;;;;;;;;;No;No;;auto-extracted from references;;;FALSE;;external
Hecker1993_Schultexte;Hecker;Schultexte vom Kültepe’;1993;;;;;;;;;No;No;;auto-extracted from references;;;FALSE;;external
Huber1999_Handwritin;Huber;Handwriting Identification: Facts and Fundamentals;1999;;;;;;;;;No;No;;auto-extracted from references;;;FALSE;;external
Koppenhaver2007_ForensicDo;Koppenhaver;Forensic Document Examination;2007;;;;;;;;;No;No;;auto-extracted from references;;;FALSE;;external
Larsen1976_TheOldAssy;Larsen;The Old Assyrian City-State and Its Colonies;1976;;;;;;;;;No;No;;auto-extracted from references;;;FALSE;;external
Michel1998_Lesmarchan;Michel;Les marchands et les nombres: l’exemple des Assyriens à Kaniš’;1998;;;;;;;;;No;No;;auto-extracted from references;;;FALSE;;external
Michel2008_Ecrireetco;Michel;Écrire et compter chez les marchands assyriens du début du IIe millénaire av. J.-C.’;2008;;;;;;;;;No;No;;auto-extracted from references;;;FALSE;;external
Michel2020_Makingclay;Michel;Making clay envelopes in the Old Assyrian period’;2020;;;;;;;;;No;No;;auto-extracted from references;;;FALSE;;external
Michel0_WeighingUn;Michel;Weighing Units and Weights in the Context of Trade from Upper Mesopotamia to Anatolia (Nineteenth and Eighteenth Centuries BCE)’;0000;;;;;;;;;No;No;;auto-extracted from references;;;FALSE;;external
Proust2007_Tablettesm;Proust;Tablettes mathématiques de Nippur;2007;;;;;;;;;No;No;;auto-extracted from references;;;FALSE;;external
Sjoberg1976_TheOldBaby;Sjöberg;The Old Babylonian Eduba’;1976;;;;;;;;;No;No;;auto-extracted from references;;;FALSE;;external
Stone1987_NippurNeig;Stone;Nippur Neighborhoods (Studies in Ancient Oriental Civilization, 44;1987;;;;;;;;;No;No;;auto-extracted from references;;;FALSE;;external
Tinney1998_TextsTable;Tinney;Texts, Tablets, and Teaching;1998;;;;;;;;;No;No;;auto-extracted from references;;;FALSE;;external
Tinney1999_OntheCurri;Tinney;On the Curricular Settings of Sumerian Literature’;1999;;;;;;;;;No;No;;auto-extracted from references;;;FALSE;;external
Vanstiphout1997_SumerianCa;Vanstiphout;Sumerian Canonical Compositions. C. Individual Focus. 6. School Dialogues’;1997;;;;;;;;;No;No;;auto-extracted from references;;;FALSE;;external
Veenhof2017_KultepeTab;Veenhof;Kültepe Tabletleri VIII. The Archive of Elamma, son of Iddin-Suen, and his Family (Kt;2017;;;;;;;;;No;No;;auto-extracted from references;;;FALSE;;external
Veldhuis1997_Elementary;Veldhuis;Elementary Education at Nippur;1997;;;;;;;;;No;No;;auto-extracted from references;;;FALSE;;external
Veldhuis2004_ReligionLi;Veldhuis;Religion, Literature, and Scholarship: The Sumerian Composition “Nanše and the Birds”;2004;;;;;;;;;No;No;;auto-extracted from references;;;FALSE;;external
Volk2000_Edubbaaund;Volk;Edubba’a und Edubba’a-Literatur: Rätsel und Lösungen’;2000;;;;;;;;;No;No;;auto-extracted from references;;;FALSE;;external
Waetzold2009_Schule;Waetzold;Schule’;2009;;;;;;;;;No;No;;auto-extracted from references;;;FALSE;;external
Albenda1986_ThePalaceo;Albenda;The Palace of Sargon, King of Assyria: Monumental Wall Reliefs at Dur-Sharrukin;1986;;;;;;;;;No;No;;auto-extracted from references;;;FALSE;;external
Alster1997_Proverbsof;Alster;Proverbs of Ancient Sumer: The World’s Earliest Proverb Collections;1997;;;;;;;;;No;No;;auto-extracted from references;;;FALSE;;external
Barnett1939_ACylinderS;Barnett;A Cylinder Seal from Syria;1939;;;;;;;;;No;No;;auto-extracted from references;;;FALSE;;external
Barnett1998_Sculptures;Barnett;Sculptures from the Southwest Palace of Sennacherib at Nineveh;1998;;;;;;;;;No;No;;auto-extracted from references;;;FALSE;;external
Bittel1973_Anatolica;Bittel;Anatolica;1973;;;;;;;;;No;No;;auto-extracted from references;;;FALSE;;external
Bleibtreu1980_DieFlorade;Bleibtreu;Die Flora der neuassyrischen Reliefs;1980;;;;;;;;;No;No;;auto-extracted from references;;;FALSE;;external
Boehmer1972_DieKleinfu;Boehmer;Die Kleinfunde von Boğazköy aus den Grabungskampagnen 1931–1939 und 1952–1969;1972;;;;;;;;;No;No;;auto-extracted from references;;;FALSE;;external
Boehmer1979_DieKleinfu;Boehmer;Die Kleinfunde aus der Unterstadt von Boğazköy: Grabungskampagnen 1970–1978;1979;;;;;;;;;No;No;;auto-extracted from references;;;FALSE;;external
Borker-Klahn1982_Altvordera;Börker-Klähn;Altvorderasiatische Bildstelen und vergleichbare Felsreliefs;1982;;;;;;;;;No;No;;auto-extracted from references;;;FALSE;;external
Buchanan1966_Catalogueo;Buchanan;Catalogue of Ancient Near Eastern Seals in the Ashmolean Museum I: Cylinder Seals;1966;;;;;;;;;No;No;;auto-extracted from references;;;FALSE;;external
Buccellati2000_TheRoyalPa;Buccellati;The Royal Palace of Urkesh. Report on the 12th Season at Tell Mozan / Urkesh: Excavation in Area AA, June–October 1999;2000;;;;;;;;;No;No;;auto-extracted from references;;;FALSE;;external
Cammarosano2013_HittiteCul;Cammarosano;Hittite Cult Inventories – Part One: The Hittite Cult Inventories as Textual Genre;2013;;;;;;;;;No;No;;auto-extracted from references;;;FALSE;;external
Clay1906_Documentsf;Clay;Documents from the Temple Archives of Nippur Dated in the Reigns of Cassite Rulers;1906;;;;;;;;;No;No;;auto-extracted from references;;;FALSE;;external
Clevering1999_TaxonomyCh;Clevering;Taxonomy, Chromosome Numbers, Clonal Diversity and Population Dynamics of Phragmites australis;1999;;;;;;;;;No;No;;auto-extracted from references;;;FALSE;;external
Collon2001_Catalogueo;Collon;Catalogue of the Western Asiatic Seals in the British Museum;2001;;;;;;;;;No;No;;auto-extracted from references;;;FALSE;;external
Deimel1922_DieBedeutu;Deimel;Die Bedeutung der Keilschrift-Paläographie für die Chronologie der ältesten babylonischen Geschichte;1922;;;;;;;;;No;No;;auto-extracted from references;;;FALSE;;external
Delaporte1909_Lescylindr;Delaporte;Les cylindres orientaux du musée historique de l’Orléanais;1909;;;;;;;;;No;No;;auto-extracted from references;;;FALSE;;external
Dogan2010_TheKirsehi;Doğan;The Kırşehir Letter: A New Hieroglyphic Luwian Text on a Lead Strip;2010;;;;;;;;;No;No;;auto-extracted from references;;;FALSE;;external
Unknown2013_HititlerBi;Unknown;Hititler: Bir Anadolu İmparatorluğu / Hittites: An Anatolian Empire;2013;;;;;;;;;No;No;;auto-extracted from references;;;FALSE;;external
Driver1976_SemiticWri;Driver;Semitic Writing from Pictograph to Alphabet;1976;;;;;;;;;No;No;;auto-extracted from references;;;FALSE;;external
Ellison2002_APaleograp;Ellison;A Paleographic Study of the Alphabetic Cuneiform Texts from Ras Shamra/Ugarit;2002;;;;;;;;;No;No;;auto-extracted from references;;;FALSE;;external
Falkenstein1936_Archaische;Falkenstein;Archaische Texte aus Uruk;1936;;;;;;;;;No;No;;auto-extracted from references;;;FALSE;;external
Farber-Flugge1973_DerMythosI;Farber-Flügge;Der Mythos “Inanna und Enki” unter besonderer Berücksichtigung der Liste der me;1973;;;;;;;;;No;No;;auto-extracted from references;;;FALSE;;external
Fisseler2014_TowardsanI;Fisseler;Towards an Interactive and Automated Script Feature Analysis of 3D Scanned Cuneiform Tablets;2014;;;;;;;;;No;No;;auto-extracted from references;;;FALSE;;external
Franke2011_Personlich;Franke;Persönliche Frömmigkeit im Alten Orient am Beispiel des Kultsockels des Tukulti-Ninurta von Assyrien;2011;;;;;;;;;No;No;;auto-extracted from references;;;FALSE;;external
Gasche1989_LaBabyloni;Gasche;La Babylonie au 17e siècle avant notre ère;1989;;;;;;;;;No;No;;auto-extracted from references;;;FALSE;;external
George2006_Babylonian;George;Babylonian Texts from the Folios of Sidney B. Smith, Part Three;2006;;;;;;;;;No;No;;auto-extracted from references;;;FALSE;;external
Gumbert2002_ThePenandI;Gumbert;The Pen and Its Movement;2002;;;;;;;;;No;No;;auto-extracted from references;;;FALSE;;external
Hardion2012_RevisedSys;Hardion;Revised Systematics of Mediterranean Arundo (Poaceae;2012;;;;;;;;;No;No;;auto-extracted from references;;;FALSE;;external
Hepper1992_Notesonthe;Hepper;Notes on the Reeds of Mesopotamia;1992;;;;;;;;;No;No;;auto-extracted from references;;;FALSE;;external
Herles2006_ZurDarstel;Herles;Zur Darstellung auf dem Symbolsockel Tukulti-Ninurtas I: Griffel oder Zepter?;2006;;;;;;;;;No;No;;auto-extracted from references;;;FALSE;;external
Hoffner2009_Lettersfro;Hoffner;Letters from the Hittite Kingdom;2009;;;;;;;;;No;No;;auto-extracted from references;;;FALSE;;external
Howard1955_TechnicalD;Howard;Technical Description of the Ivory Writing-Boards from Nimrud;1955;;;;;;;;;No;No;;auto-extracted from references;;;FALSE;;external
Unknown1991_DeralteOri;Unknown;Der alte Orient;1991;;;;;;;;;No;No;;auto-extracted from references;;;FALSE;;external
Jendritzki1997_ZurRestaur;Jendritzki;Zur Restaurierung und Technologie des Bronzekreuzes VA 5379;1997;;;;;;;;;No;No;;auto-extracted from references;;;FALSE;;external
Jendritzki2003_FurForschu;Jendritzki;Für Forschung und Besucher gerettet;2003;;;;;;;;;No;No;;auto-extracted from references;;;FALSE;;external
Keel1990_Laglyptiqu;Keel;La glyptique de Tell Keisan;1990;;;;;;;;;No;No;;auto-extracted from references;;;FALSE;;external
Klengel-Brandt1975_EineSchrei;Klengel-Brandt;Eine Schreibtafel aus Assur;1975;;;;;;;;;No;No;;auto-extracted from references;;;FALSE;;external
Kosay1966_AlacaHoyuk;Koşay;Alaca Höyük Kazısı 1940–1948: İlk Rapor;1966;;;;;;;;;No;No;;auto-extracted from references;;;FALSE;;external
Langdon1924_Excavation;Langdon;Excavations at Kish I;1924;;;;;;;;;No;No;;auto-extracted from references;;;FALSE;;external
Landsberger1967_TheDatePal;Landsberger;The Date Palm and Its By-products According to the Cuneiform Sources;1967;;;;;;;;;No;No;;auto-extracted from references;;;FALSE;;external
Levine1973_TwoNeoAssy;Levine;Two Neo-Assyrian Stelae from Iran;1973;;;;;;;;;No;No;;auto-extracted from references;;;FALSE;;external
Livingstone2007_Ashurbanip;Livingstone;Ashurbanipal: Literate or Not?;2007;;;;;;;;;No;No;;auto-extracted from references;;;FALSE;;external
Loud1938_KhorsabadP;Loud;Khorsabad, Part 2;1938;;;;;;;;;No;No;;auto-extracted from references;;;FALSE;;external
Madhloom1970_TheChronol;Madhloom;The Chronology of Neo-Assyrian Art;1970;;;;;;;;;No;No;;auto-extracted from references;;;FALSE;;external
Mallowan1954_TheExcavat;Mallowan;The Excavations at Nimrud (Kalḫu;1954;;;;;;;;;No;No;;auto-extracted from references;;;FALSE;;external
Marazzi1994_Maglihitti;Marazzi;Ma gli hittiti scrivevano veramente su legno?;1994;;;;;;;;;No;No;;auto-extracted from references;;;FALSE;;external
Marzahn2003_DieKeilsch;Marzahn;Die Keilschrift;2003;;;;;;;;;No;No;;auto-extracted from references;;;FALSE;;external
Meier1939_Einakkadis;Meier;Ein akkadisches Heilungsritual aus Boğazköy;1939;;;;;;;;;No;No;;auto-extracted from references;;;FALSE;;external
Meijer2004_AScribalQu;Meijer;A Scribal Quarter?;2004;;;;;;;;;No;No;;auto-extracted from references;;;FALSE;;external
Messerschmidt1906_ZurTechnik;Messerschmidt;Zur Technik des Tontafelschreibens;1906;;;;;;;;;No;No;;auto-extracted from references;;;FALSE;;external
Novotny2008_AftertheFa;Novotny;After the Fall of Babylon;2008;;;;;;;;;No;No;;auto-extracted from references;;;FALSE;;external
Oates1968_TheExcavat;Oates;The Excavations at Tell al Rimah, 1967;1968;;;;;;;;;No;No;;auto-extracted from references;;;FALSE;;external
Ochsenschlager1992_Ethnograph;Ochsenschlager;Ethnographic Evidence for Wood, Boats, Bitumen and Reeds in Southern Iraq;1992;;;;;;;;;No;No;;auto-extracted from references;;;FALSE;;external
Opitz1930_Studienzur;Opitz;Studien zur altorientalischen Kunst;1930;;;;;;;;;No;No;;auto-extracted from references;;;FALSE;;external
Parkes2008_TheirHands;Parkes;Their Hands Before Our Eyes;2008;;;;;;;;;No;No;;auto-extracted from references;;;FALSE;;external
Payne2005_Uberlegung;Payne;Überlegungen zur Hieroglyphenschrift der Assur-Briefe;2005;;;;;;;;;No;No;;auto-extracted from references;;;FALSE;;external
Pecorella1980_Diecisigil;Pecorella;Dieci sigilli cilindrici del Vicino Oriente;1980;;;;;;;;;No;No;;auto-extracted from references;;;FALSE;;external
Perdue1958_Arundodona;Perdue;Arundo donax – Source of Musical Reeds and Industrial Cellulose;1958;;;;;;;;;No;No;;auto-extracted from references;;;FALSE;;external
Pilu2012_GiantReedA;Pilu;Giant Reed (Arundo donax L;2012;;;;;;;;;No;No;;auto-extracted from references;;;FALSE;;external
Postgate1980_PalmtreesR;Postgate;Palm-trees, Reeds and Rushes in Iraq Ancient and Modern;1980;;;;;;;;;No;No;;auto-extracted from references;;;FALSE;;external
Postgate1986_MiddleAssy;Postgate;Middle Assyrian Tablets;1986;;;;;;;;;No;No;;auto-extracted from references;;;FALSE;;external
Postgate1987_BM118796;Postgate;BM 118796;1987;;;;;;;;;No;No;;auto-extracted from references;;;FALSE;;external
Powell1981_ThreeProbl;Powell;Three Problems in the History of Cuneiform Writing;1981;;;;;;;;;No;No;;auto-extracted from references;;;FALSE;;external
Powell2007_Assurbanip;Powell;Assurbanipals Griffel;2007;;;;;;;;;No;No;;auto-extracted from references;;;FALSE;;external
Reade1986_Archaeolog;Reade;Archaeology and the Kuyunjik Archives;1986;;;;;;;;;No;No;;auto-extracted from references;;;FALSE;;external
Reade2012_VisualEvid;Reade;Visual Evidence for the Status and Activities of Assyrian Scribes;2012;;;;;;;;;No;No;;auto-extracted from references;;;FALSE;;external
Ryu1991_Functional;Ryu;Functional Ranges of Motion of the Wrist Joint;1991;;;;;;;;;No;No;;auto-extracted from references;;;FALSE;;external
Saggs1981_TheReedSty;Saggs;The Reed Stylus;1981;;;;;;;;;No;No;;auto-extracted from references;;;FALSE;;external
Salim1962_MarshDwell;Salim;Marsh Dwellers of the Euphrates Delta;1962;;;;;;;;;No;No;;auto-extracted from references;;;FALSE;;external
Sallaberger1989_ZumSchilfr;Sallaberger;Zum Schilfrohr als Rohstoff in Babylonien;1989;;;;;;;;;No;No;;auto-extracted from references;;;FALSE;;external
Nicolo1948_HabendieBa;Nicolò;Haben die Babylonier Wachstafeln als Schriftträger gekannt?;1948;;;;;;;;;No;No;;auto-extracted from references;;;FALSE;;external
Schachner2013_DieArbeite;Schachner;Die Arbeiten in Boğazköy-Ḫattuša 2012;2013;;;;;;;;;No;No;;auto-extracted from references;;;FALSE;;external
Schaeffer1951_Reprisedes;Schaeffer;Reprise des recherches archéologiques à Ras Shamra-Ugarit;1951;;;;;;;;;No;No;;auto-extracted from references;;;FALSE;;external
Unknown1955_LePalaisro;Unknown;Le Palais royal d’Ugarit III;1955;;;;;;;;;No;No;;auto-extracted from references;;;FALSE;;external
Schwemer1998_Akkadische;Schwemer;Akkadische Rituale aus Ḫattuša;1998;;;;;;;;;No;No;;auto-extracted from references;;;FALSE;;external
Seidl1989_Diebabylon;Seidl;Die babylonischen Kudurru-Reliefs;1989;;;;;;;;;No;No;;auto-extracted from references;;;FALSE;;external
Sirat1987_Lamorpholo;Sirat;La morphologie humaine et la direction des écritures;1987;;;;;;;;;No;No;;auto-extracted from references;;;FALSE;;external
Stol1998_Einigekurz;Stol;Einige kurze Wortstudien;1998;;;;;;;;;No;No;;auto-extracted from references;;;FALSE;;external
Streck2009_Schilf;Streck;Schilf;2009;;;;;;;;;No;No;;auto-extracted from references;;;FALSE;;external
Symington1991_LateBronze;Symington;Late Bronze Age Writing-Boards;1991;;;;;;;;;No;No;;auto-extracted from references;;;FALSE;;external
Taylor2011_TabletsasA;Taylor;Tablets as Artefacts, Scribes as Artisans;2011;;;;;;;;;No;No;;auto-extracted from references;;;FALSE;;external
Torri2012_HidingWord;Torri;Hiding Words behind the Signs;2012;;;;;;;;;No;No;;auto-extracted from references;;;FALSE;;external
Townsend1968_FloraofIra;Townsend;Flora of Iraq 9: Gramineae;1968;;;;;;;;;No;No;;auto-extracted from references;;;FALSE;;external
Unger1916_Reliefstel;Unger;Reliefstele Adadniraris III;1916;;;;;;;;;No;No;;auto-extracted from references;;;FALSE;;external
Unger1917_DieStelede;Unger;Die Stele des Bel-Harran-Beli-Ussur;1917;;;;;;;;;No;No;;auto-extracted from references;;;FALSE;;external
Soldt1991_Studiesint;Soldt;Studies in the Akkadian of Ugarit;1991;;;;;;;;;No;No;;auto-extracted from references;;;FALSE;;external
Volk2009_Schreibgri;Volk;Schreibgriffel;2009;;;;;;;;;No;No;;auto-extracted from references;;;FALSE;;external
Osten1937_TheAlishar;Osten;The Alishar Hüyük;1937;;;;;;;;;No;No;;auto-extracted from references;;;FALSE;;external
Waal2011_TheyWroteo;Waal;They Wrote on Wood;2011;;;;;;;;;No;No;;auto-extracted from references;;;FALSE;;external
Waetzoldt1992_Rohrunddes;Waetzoldt;‘Rohr’ und dessen Verwendungsweisen;1992;;;;;;;;;No;No;;auto-extracted from references;;;FALSE;;external
Weeden2011_HittiteLog;Weeden;Hittite Logograms and Hittite Scholarship;2011;;;;;;;;;No;No;;auto-extracted from references;;;FALSE;;external
Westphal-Hellbusch1962_DieMadan;Westphal-Hellbusch;Die Maʿdan;1962;;;;;;;;;No;No;;auto-extracted from references;;;FALSE;;external
Wiseman1955_AssyrianWr;Wiseman;Assyrian Writing-Boards;1955;;;;;;;;;No;No;;auto-extracted from references;;;FALSE;;external
Yon2006_TheCityofU;Yon;The City of Ugarit at Tell Ras Shamra;2006;;;;;;;;;No;No;;auto-extracted from references;;;FALSE;;external
Yoshikawa1990_ANoteonSty;Yoshikawa;A Note on Stylus;1990;;;;;;;;;No;No;;auto-extracted from references;;;FALSE;;external
Al-Rawi2000_OldBabylon;Al-Rawi;Old Babylonian Texts from Private Houses at Abu Habbah, Ancient Sippar;2000;;;;;;;;;No;No;;auto-extracted from references;;;FALSE;;external
Battini2003_Constructi;Battini;Construction royale, construction privée: la maison B 59 de Larsa;2003;;;;;;;;;No;No;;auto-extracted from references;;;FALSE;;external
Bardet1984_Archivesad;Bardet;Archives administratives de Mari I;1984;;;;;;;;;No;No;;auto-extracted from references;;;FALSE;;external
Birot1953_Troistexte;Birot;Trois textes économiques de Mari (I;1953;;;;;;;;;No;No;;auto-extracted from references;;;FALSE;;external
Birot1955_Troistexte;Birot;Trois textes économiques de Mari (II;1955;;;;;;;;;No;No;;auto-extracted from references;;;FALSE;;external
Birot1956_Textesecon;Birot;Textes économiques de Mari (IV;1956;;;;;;;;;No;No;;auto-extracted from references;;;FALSE;;external
Birot1960_Textesadmi;Birot;Textes administratifs de la salle 5 du palais;1960;;;;;;;;;No;No;;auto-extracted from references;;;FALSE;;external
Birot1964_Textesadmi;Birot;Textes administratifs de la salle 5 du palais (2e partie;1964;;;;;;;;;No;No;;auto-extracted from references;;;FALSE;;external
Birot1969_Tablettese;Birot;Tablettes économiques et administratives d’époque paléo-babylonienne conservées au Musée d’art et d’histoire de Genève;1969;;;;;;;;;No;No;;auto-extracted from references;;;FALSE;;external
Birot1972_Simahlaner;Birot;Simaḫlânê, roi de Kurda;1972;;;;;;;;;No;No;;auto-extracted from references;;;FALSE;;external
Birot1978_Donneesnou;Birot;Données nouvelles sur la chronologie du règne de Zimri-Lim;1978;;;;;;;;;No;No;;auto-extracted from references;;;FALSE;;external
Bottero1957_Textesecon;Bottéro;Textes économiques et administratifs;1957;;;;;;;;;No;No;;auto-extracted from references;;;FALSE;;external
Unknown2003_AncientArc;Unknown;Ancient Archives and Archival Traditions;2003;;;;;;;;;No;No;;auto-extracted from references;;;FALSE;;external
Burke1963_Textesadmi;Burke;Textes administratifs de la salle 111 du palais;1963;;;;;;;;;No;No;;auto-extracted from references;;;FALSE;;external
Chambon2008_Unnouveaur;Chambon;Un nouveau récapitulatif sur la gestion de l’huile à Mari;2008;;;;;;;;;No;No;;auto-extracted from references;;;FALSE;;external
Charpin1979_ReviewofYO;Charpin;Review of YOS 14;1979;;;;;;;;;No;No;;auto-extracted from references;;;FALSE;;external
Charpin1981_ReviewofYO;Charpin;Review of YOS 12;1981;;;;;;;;;No;No;;auto-extracted from references;;;FALSE;;external
Charpin1982_Marchandsd;Charpin;Marchands du palais et marchands du temple;1982;;;;;;;;;No;No;;auto-extracted from references;;;FALSE;;external
Charpin1984_Nouveauxdo;Charpin;Nouveaux documents du bureau de l’huile;1984;;;;;;;;;No;No;;auto-extracted from references;;;FALSE;;external
Charpin1986_Transmissi;Charpin;Transmission des titres de propriété;1986;;;;;;;;;No;No;;auto-extracted from references;;;FALSE;;external
Charpin1987_Nouveauxdo;Charpin;Nouveaux documents du bureau de l’huile (suite;1987;;;;;;;;;No;No;;auto-extracted from references;;;FALSE;;external
Charpin1989_Unquartier;Charpin;Un quartier de Nippur;1989;;;;;;;;;No;No;;auto-extracted from references;;;FALSE;;external
Charpin1990_Unquartier;Charpin;Un quartier de Nippur;1990;;;;;;;;;No;No;;auto-extracted from references;;;FALSE;;external
Charpin1993_ReviewofAU;Charpin;Review of AUCT 4;1993;;;;;;;;;No;No;;auto-extracted from references;;;FALSE;;external
Charpin1994_Unecampagn;Charpin;Une campagne de Yahdun-Lîm;1994;;;;;;;;;No;No;;auto-extracted from references;;;FALSE;;external
Charpin1995_Lafindesar;Charpin;La fin des archives dans le palais de Mari;1995;;;;;;;;;No;No;;auto-extracted from references;;;FALSE;;external
Charpin2000_Lespreteur;Charpin;Les prêteurs et le palais;2000;;;;;;;;;No;No;;auto-extracted from references;;;FALSE;;external
Charpin2000_Lettresetp;Charpin;Lettres et procès paléo-babyloniens;2000;;;;;;;;;No;No;;auto-extracted from references;;;FALSE;;external
Charpin2001_Lespreteur;Charpin;Les prêteurs et le palais (suite;2001;;;;;;;;;No;No;;auto-extracted from references;;;FALSE;;external
Charpin2001_Larchivage;Charpin;L’archivage des tablettes;2001;;;;;;;;;No;No;;auto-extracted from references;;;FALSE;;external
Charpin2003_Lapolitiqu;Charpin;La politique immobilière des marchands de Larsa;2003;;;;;;;;;No;No;;auto-extracted from references;;;FALSE;;external
Charpin2005_Donneesnou;Charpin;Données nouvelles sur la vie économique;2005;;;;;;;;;No;No;;auto-extracted from references;;;FALSE;;external
Charpin2005_Economieet;Charpin;Économie et société à Sippar;2005;;;;;;;;;No;No;;auto-extracted from references;;;FALSE;;external
Charpin2005_ReviewofVS;Charpin;Review of VS 29;2005;;;;;;;;;No;No;;auto-extracted from references;;;FALSE;;external
Charpin2006_Lesinscrip;Charpin;Les inscriptions royales suméro-akkadiennes;2006;;;;;;;;;No;No;;auto-extracted from references;;;FALSE;;external
Charpin2007_Chroniques;Charpin;Chroniques bibliographiques 10;2007;;;;;;;;;No;No;;auto-extracted from references;;;FALSE;;external
Charpin2008_Lireetecri;Charpin;Lire et écrire à Babylone;2008;;;;;;;;;No;No;;auto-extracted from references;;;FALSE;;external
Charpin2008_Archivagee;Charpin;Archivage et classification;2008;;;;;;;;;No;No;;auto-extracted from references;;;FALSE;;external
Charpin2008_TellHariri;Charpin;Tell Hariri – Mari (Textes)... II. Les archives;2008;;;;;;;;;No;No;;auto-extracted from references;;;FALSE;;external
Charpin2010_Formulaire;Charpin;Formulaires des contrats de Mari;2010;;;;;;;;;No;No;;auto-extracted from references;;;FALSE;;external
Charpin2012_Lexerciced;Charpin;L’exercice du pouvoir;2012;;;;;;;;;No;No;;auto-extracted from references;;;FALSE;;external
Charpin1986_Quelquesre;Charpin;Quelques remarques concernant les archives;1986;;;;;;;;;No;No;;auto-extracted from references;;;FALSE;;external
Charpin2004_YasimSumu;Charpin;Yasîm-Sûmû;2004;;;;;;;;;No;No;;auto-extracted from references;;;FALSE;;external
Charpin2004_Mesopotami;Charpin;Mesopotamien: Die altbabylonische Zeit;2004;;;;;;;;;No;No;;auto-extracted from references;;;FALSE;;external
Charpin2003_Florilegiu;Charpin;Florilegium Marianum V;2003;;;;;;;;;No;No;;auto-extracted from references;;;FALSE;;external
Dalley2005_OldBabylon;Dalley;Old Babylonian Texts in the Ashmolean Museum;2005;;;;;;;;;No;No;;auto-extracted from references;;;FALSE;;external
Driel1994_PrivateorN;Driel;Private or Not-so-private;1994;;;;;;;;;No;No;;auto-extracted from references;;;FALSE;;external
Duponchel1997_Lescomptes;Duponchel;Les comptes d’huile du palais de Mari;1997;;;;;;;;;No;No;;auto-extracted from references;;;FALSE;;external
Durand1981_Documentsc;Durand;Documents cunéiformes ... Tome I;1981;;;;;;;;;No;No;;auto-extracted from references;;;FALSE;;external
Durand1983_Textesadmi;Durand;Textes administratifs des salles 134 et 160;1983;;;;;;;;;No;No;;auto-extracted from references;;;FALSE;;external
Durand1987_Lorganisat;Durand;L’organisation de l’espace dans le palais de Mari;1987;;;;;;;;;No;No;;auto-extracted from references;;;FALSE;;external
Durand1997_Lesdocumen;Durand;Les documents épistolaires du palais de Mari I;1997;;;;;;;;;No;No;;auto-extracted from references;;;FALSE;;external
Durand2000_Lesdocumen;Durand;Les documents épistolaires du palais de Mari III;2000;;;;;;;;;No;No;;auto-extracted from references;;;FALSE;;external
Faivre1995_Lerecyclag;Faivre;Le recyclage des tablettes cunéiformes;1995;;;;;;;;;No;No;;auto-extracted from references;;;FALSE;;external
Figulla1961_Catalogueo;Figulla;Catalogue of the Babylonian Tablets in the British Museum I;1961;;;;;;;;;No;No;;auto-extracted from references;;;FALSE;;external
Goddeeris2002_Anadoption;Goddeeris;An adoption document from Kisurra;2002;;;;;;;;;No;No;;auto-extracted from references;;;FALSE;;external
Guichard2005_Lavaissell;Guichard;La vaisselle de luxe des rois de Mari;2005;;;;;;;;;No;No;;auto-extracted from references;;;FALSE;;external
Unknown1995_Lesphenome;Unknown;Les phénomènes de fin d’archives en Mésopotamie;1995;;;;;;;;;No;No;;auto-extracted from references;;;FALSE;;external
Jursa2005_NeoBabylon;Jursa;Neo-Babylonian Legal and Administrative Documents;2005;;;;;;;;;No;No;;auto-extracted from references;;;FALSE;;external
Kessler1997_Dasspatalt;Kessler;Das spätaltbabylonische Tempelarchiv;1997;;;;;;;;;No;No;;auto-extracted from references;;;FALSE;;external
Koppen2003_ReviewofVS;Koppen;Review of VS 29;2003;;;;;;;;;No;No;;auto-extracted from references;;;FALSE;;external
Lacambre1997_Lagestiond;Lacambre;La gestion du bronze;1997;;;;;;;;;No;No;;auto-extracted from references;;;FALSE;;external
Lafont1984_Chapter3;Lafont;Chapter 3;1984;;;;;;;;;No;No;;auto-extracted from references;;;FALSE;;external
Lafont1985_Lesabumdur;Lafont;Le ṣâbum du roi de Mari;1985;;;;;;;;;No;No;;auto-extracted from references;;;FALSE;;external
Marti2008_Florilegiu;Marti;Florilegium Marianum X;2008;;;;;;;;;No;No;;auto-extracted from references;;;FALSE;;external
Maul1997_ZwischenSp;Maul;Zwischen Sparmaßnahme und Revolte;1997;;;;;;;;;No;No;;auto-extracted from references;;;FALSE;;external
Michel1996_Lecommerce;Michel;Le commerce dans les textes de Mari;1996;;;;;;;;;No;No;;auto-extracted from references;;;FALSE;;external
Alba2001_Lapopulati;Albà;La population du royaume de Mari... PhD;2001;;;;;;;;;No;No;;auto-extracted from references;;;FALSE;;external
Oppenheim1967_Lettersfro;Oppenheim;Letters from Mesopotamia;1967;;;;;;;;;No;No;;auto-extracted from references;;;FALSE;;external
Parpola1986_Theroyalar;Parpola;The royal archives of Nineveh;1986;;;;;;;;;No;No;;auto-extracted from references;;;FALSE;;external
Parpola2001_TheHelsink;Parpola;The Helsinki Atlas of the Near East;2001;;;;;;;;;No;No;;auto-extracted from references;;;FALSE;;external
Pedersen1998_Zudenaltba;Pedersén;Zu den altbabylonischen Archiven;1998;;;;;;;;;No;No;;auto-extracted from references;;;FALSE;;external
Pedersen2005_Archiveund;Pedersén;Archive und Bibliotheken in Babylon;2005;;;;;;;;;No;No;;auto-extracted from references;;;FALSE;;external
Renger1977_Cooperatio;Renger;Cooperation internationale – Berlin;1977;;;;;;;;;No;No;;auto-extracted from references;;;FALSE;;external
Richardson2002_EweShouldB;Richardson;Ewe Should Be So Lucky;2002;;;;;;;;;No;No;;auto-extracted from references;;;FALSE;;external
Roth1995_LawCollect;Roth;Law Collections from Mesopotamia and Asia Minor;1995;;;;;;;;;No;No;;auto-extracted from references;;;FALSE;;external
Sasson1982_Accounting;Sasson;Accounting Discrepancies;1982;;;;;;;;;No;No;;auto-extracted from references;;;FALSE;;external
Schorr1913_Urkundende;Schorr;Urkunden des altbabylonischen Zivil- und Prozessrechts;1913;;;;;;;;;No;No;;auto-extracted from references;;;FALSE;;external
Seri2005_LocalPower;Seri;Local Power in Old Babylonian Mesopotamia;2005;;;;;;;;;No;No;;auto-extracted from references;;;FALSE;;external
Sigrist1990_OldBabylon;Sigrist;Old Babylonian Account Texts;1990;;;;;;;;;No;No;;auto-extracted from references;;;FALSE;;external
Sigrist2003_OldBabylon;Sigrist;Old Babylonian Account Texts;2003;;;;;;;;;No;No;;auto-extracted from references;;;FALSE;;external
Sigrist1996_Catalogueo;Sigrist;Catalogue of the Babylonian Tablets in the British Museum II;1996;;;;;;;;;No;No;;auto-extracted from references;;;FALSE;;external
Sigrist2006_Catalogueo;Sigrist;Catalogue of the Babylonian Tablets in the British Museum III;2006;;;;;;;;;No;No;;auto-extracted from references;;;FALSE;;external
Skaist1994_TheOldBaby;Skaist;The Old Babylonian Loan Contract;1994;;;;;;;;;No;No;;auto-extracted from references;;;FALSE;;external
Stol1973_ReviewofYO;Stol;Review of YOS 13;1973;;;;;;;;;No;No;;auto-extracted from references;;;FALSE;;external
Stone2002_TheUrIIIOl;Stone;The Ur III–Old Babylonian Transition;2002;;;;;;;;;No;No;;auto-extracted from references;;;FALSE;;external
Suurmeijer2006_LoansandEd;Suurmeijer;Loans and Edicts;2006;;;;;;;;;No;No;;auto-extracted from references;;;FALSE;;external
Tanret2008_FindtheTab;Tanret;Find the Tablet-box;2008;;;;;;;;;No;No;;auto-extracted from references;;;FALSE;;external
Tanret0_Forthcomin;Tanret;Forthcoming;0000;;;;;;;;;No;No;;auto-extracted from references;;;FALSE;;external
Unknown2008_ChagarBaza;Unknown;Chagar Bazar III;2008;;;;;;;;;No;No;;auto-extracted from references;;;FALSE;;external
Mieroop2002_CreditasaF;Mieroop;Credit as a Facilitator of Exchange;2002;;;;;;;;;No;No;;auto-extracted from references;;;FALSE;;external
Lerberghe2003_Privateand;Lerberghe;Private and Public;2003;;;;;;;;;No;No;;auto-extracted from references;;;FALSE;;external
Lerberghe1991_OnQuasiHul;Lerberghe;On ‘Quasi-Hüllentafeln.’;1991;;;;;;;;;No;No;;auto-extracted from references;;;FALSE;;external
Unknown1986_CuneiformA;Unknown;Cuneiform Archives and Libraries;1986;;;;;;;;;No;No;;auto-extracted from references;;;FALSE;;external
Villard1986_UnroideMar;Villard;Un roi de Mari à Ugarit;1986;;;;;;;;;No;No;;auto-extracted from references;;;FALSE;;external
Villard1992_Ledeplacem;Villard;Le déplacement des trésors royaux;1992;;;;;;;;;No;No;;auto-extracted from references;;;FALSE;;external
Wilcke1970_ReviewofOp;Wilcke;Review of Oppenheim 1967;1970;;;;;;;;;No;No;;auto-extracted from references;;;FALSE;;external
Ziegler1999_Florilegiu;Ziegler;Florilegium Marianum IV;1999;;;;;;;;;No;No;;auto-extracted from references;;;FALSE;;external
Ziegler2001_Gestionetc;Ziegler;Gestion et contrôle;2001;;;;;;;;;No;No;;auto-extracted from references;;;FALSE;;external
Alster1987_LaharandAs;Alster;Lahar and Ashnan: Presentation and Analysis of a Sumerian Disputation;1987;;;;;;;;;No;No;;auto-extracted from references;;;FALSE;;external
Brusasco1999_FamilyArch;Brusasco;Family Archives and the Social Use of Space in Old Babylonian Houses at Ur;1999;;;;;;;;;No;No;;auto-extracted from references;;;FALSE;;external
Cavigneaux1996_UrukAltbab;Cavigneaux;Uruk: Altbabylonische Texte aus dem Planquadrat Pe XVI-4/5. Ausgrabungen in Uruk-Warka, Endberichte 23;1996;;;;;;;;;No;No;;auto-extracted from references;;;FALSE;;external
Charpin1986_LeclergedU;Charpin;Le clergé d’Ur au siècle d’Hammurabi (XIXe–XVIIIe siècles av;1986;;;;;;;;;No;No;;auto-extracted from references;;;FALSE;;external
Civil1969_OldBabylon;Civil;Old Babylonian Proto-Lu: Types of Sources;1969;;;;;;;;;No;No;;auto-extracted from references;;;FALSE;;external
Civil1979_Materialsf;Civil;Materials for the Sumerian Lexicon;1979;;;;;;;;;No;No;;auto-extracted from references;;;FALSE;;external
Civil1994_TheFarmers;Civil;The Farmer’s Instructions: A Sumerian Agricultural Manual;1994;;;;;;;;;No;No;;auto-extracted from references;;;FALSE;;external
Cooper1983_TheCurseof;Cooper;The Curse of Agade;1983;;;;;;;;;No;No;;auto-extracted from references;;;FALSE;;external
Delnero2006_Variationi;Delnero;Variation in Sumerian Literary Compositions: A Case Study Based on the Decad;2006;;;;;;;;;No;No;;auto-extracted from references;;;FALSE;;external
Falkenstein1953_Diebabylon;Falkenstein;Die babylonische Schule;1953;;;;;;;;;No;No;;auto-extracted from references;;;FALSE;;external
Falkenstein1959_Sumerische;Falkenstein;Sumerische Götterlieder;1959;;;;;;;;;No;No;;auto-extracted from references;;;FALSE;;external
Gesche2000_Schulunter;Gesche;Schulunterricht in Babylonien im ersten Jahrtausend v;2000;;;;;;;;;No;No;;auto-extracted from references;;;FALSE;;external
Hallo1968_TheExaltat;Hallo;The Exaltation of Inana;1968;;;;;;;;;No;No;;auto-extracted from references;;;FALSE;;external
Heimpel1981_TheNanseHy;Heimpel;The Nanse Hymn;1981;;;;;;;;;No;No;;auto-extracted from references;;;FALSE;;external
Klein1981_ThreeShulg;Klein;Three Shulgi Hymns: Sumerian Royal Hymns Glorifying King Shulgi of Ur;1981;;;;;;;;;No;No;;auto-extracted from references;;;FALSE;;external
Kramer1951_TheSumeria;Kramer;The Sumerian School: A Pre-Greek System of Education;1951;;;;;;;;;No;No;;auto-extracted from references;;;FALSE;;external
Michalowski1989_TheLamenta;Michalowski;The Lamentation over the Destruction of Sumer and Ur;1989;;;;;;;;;No;No;;auto-extracted from references;;;FALSE;;external
Robson1999_Mesopotami;Robson;Mesopotamian Mathematics, 2100–1600 BC: Technical Constants in Bureaucracy and Education;1999;;;;;;;;;No;No;;auto-extracted from references;;;FALSE;;external
Robson2002_MorethanMe;Robson;More than Metrology: Mathematical Education in an Old Babylonian Scribal School;2002;;;;;;;;;No;No;;auto-extracted from references;;;FALSE;;external
Sjoberg1975_TheOldBaby;Sjöberg;The Old Babylonian Edubba;1975;;;;;;;;;No;No;;auto-extracted from references;;;FALSE;;external
Tanret2002_Perasperaa;Tanret;Per aspera ad astra: L’apprentissage du cunéiforme à Sippar-Amnānum pendant la période paléo-babylonienne tardive;2002;;;;;;;;;No;No;;auto-extracted from references;;;FALSE;;external
Tinney1996_TheNippurL;Tinney;The Nippur Lament: Royal Rhetoric and Divine Legitimation in the Reign of Išme-Dagan of Isin (1953–1935 B.C;1996;;;;;;;;;No;No;;auto-extracted from references;;;FALSE;;external
Archi1982_Hethitisch;Archi;Hethitische Mantik und ihre Beziehungen zur mesopotamischen Mantik”;1982;;;;;;;;;No;No;;auto-extracted from references;;;FALSE;;external
Archi2007_Transmissi;Archi;Transmission of Recitative Literature by the Hittites”;2007;;;;;;;;;No;No;;auto-extracted from references;;;FALSE;;external
Arnaud1985_Textessume;Arnaud;Textes sumériens et accadiens, Recherches au pays d’Aštata EMAR VI.1–3;1985;;;;;;;;;No;No;;auto-extracted from references;;;FALSE;;external
Arnaud1987_Textesdela;Arnaud;Textes de la bibliothèque: transcriptions et traductions;1987;;;;;;;;;No;No;;auto-extracted from references;;;FALSE;;external
Arnaud1996_Leditionou;Arnaud;L’édition ougaritaine de la série astrologique « Éclipses du dieu-Soleil »”;1996;;;;;;;;;No;No;;auto-extracted from references;;;FALSE;;external
Arnaud2007_Corpusdest;Arnaud;Corpus des textes de bibliothèque de Ras Shamra-Ougarit en sumérien, babylonien et assyrien;2007;;;;;;;;;No;No;;auto-extracted from references;;;FALSE;;external
Beckman2001_SargonandN;Beckman;Sargon and Naram-Sin in Hatti: Reflections of Mesopotamian Antiquity among the Hittites”;2001;;;;;;;;;No;No;;auto-extracted from references;;;FALSE;;external
Beckman2003_Gilgameshi;Beckman;Gilgamesh in Hatti”;2003;;;;;;;;;No;No;;auto-extracted from references;;;FALSE;;external
Cohen2007_AkkadianOm;Cohen;Akkadian Omens from Hattuša and Emar: The šumma immeru and šumma ālu Omens”;2007;;;;;;;;;No;No;;auto-extracted from references;;;FALSE;;external
Cunningham2007_ACatalogue;Cunningham;A Catalogue of Sumerian”;2007;;;;;;;;;No;No;;auto-extracted from references;;;FALSE;;external
George2003_TheBabylon;George;The Babylonian Gilgamesh Epic;2003;;;;;;;;;No;No;;auto-extracted from references;;;FALSE;;external
Fleming2000_TimeatEmar;Fleming;Time at Emar. The Cultic Calendar and the Rituals from the Diviner’s House;2000;;;;;;;;;No;No;;auto-extracted from references;;;FALSE;;external
Klinger1998_Werlehrted;Klinger;‘Wer lehrte die Hethiter das Schreiben?’ Zur Paläographie früher Texte in akkadischer Sprache aus Boğazköy”;1998;;;;;;;;;No;No;;auto-extracted from references;;;FALSE;;external
Klinger2003_ZurPalaogr;Klinger;Zur Paläographie akkadischsprachiger Texte aus Hattuša”;2003;;;;;;;;;No;No;;auto-extracted from references;;;FALSE;;external
Klinger2005_Diehethiti;Klinger;Die hethitische Rezeption mesopotamischer Literatur und die Überlieferung des Gilgameš-Epos in Hattuša”;2005;;;;;;;;;No;No;;auto-extracted from references;;;FALSE;;external
Kraus1964_Briefschre;Kraus;Briefschreibübungen im altbabylonischen Schulunterricht”;1964;;;;;;;;;No;No;;auto-extracted from references;;;FALSE;;external
Lorenz2010_Uberlegung;Lorenz;Überlegungen zur Verwendung mythologischer Texte bei den Hethitern”;2010;;;;;;;;;No;No;;auto-extracted from references;;;FALSE;;external
Riemschneider2004_Dieakkadis;Riemschneider;Die akkadischen und hethitischen Omentexte aus Boğazköy, Dresdner Beiträge zur Hethitologie 12;2004;;;;;;;;;No;No;;auto-extracted from references;;;FALSE;;external
Torri2008_TheScribes;Torri;The Scribes of the House on the Slope”;2008;;;;;;;;;No;No;;auto-extracted from references;;;FALSE;;external
Hout2002_AnotherVie;Hout;Another View of Hittite Literature”;2002;;;;;;;;;No;No;;auto-extracted from references;;;FALSE;;external
Hout2005_OntheNatur;Hout;On the Nature of the Tablet Collections of Hattuša”;2005;;;;;;;;;No;No;;auto-extracted from references;;;FALSE;;external
Hout2006_Institutio;Hout;Institutions, Vernaculars, Publics: The Case of Second-Millennium Anatolia”;2006;;;;;;;;;No;No;;auto-extracted from references;;;FALSE;;external
Hout2009_Reflection;Hout;Reflections on the Origins and Development of the Hittite Tablet Collections in Hattuša”;2009;;;;;;;;;No;No;;auto-extracted from references;;;FALSE;;external
Hout2009_ACenturyof;Hout;A Century of Hittite Text Dating and the Origins of the Hittite Cuneiform Script”;2009;;;;;;;;;No;No;;auto-extracted from references;;;FALSE;;external
Soldt1995_TheAkkadia;Soldt;The Akkadian of Ugarit: Lexicographical Aspects”;1995;;;;;;;;;No;No;;auto-extracted from references;;;FALSE;;external
Vanstiphout1995_OntheOldBa;Vanstiphout;On the Old Babylonian Eduba Curriculum”;1995;;;;;;;;;No;No;;auto-extracted from references;;;FALSE;;external
Yamada2006_TheHittite;Yamada;The Hittite Administration in Emar: The Aspect of Direct Control”;2006;;;;;;;;;No;No;;auto-extracted from references;;;FALSE;;external
Waetzold1989_DerSchreib;Waetzold;Der Schreiber als Lehrer in Mesopotamien”;1989;;;;;;;;;No;No;;auto-extracted from references;;;FALSE;;external
Wilhelm1992_ZurBabylon;Wilhelm;Zur Babylonisch-Assyrischen Schultradition in Hattuša”;1992;;;;;;;;;No;No;;auto-extracted from references;;;FALSE;;external
Annus2002_TheGodNinu;Annus;The God Ninurta in the Mythology and Royal Ideology of Ancient Mesopotamia;2002;;;;;;;;;No;No;;auto-extracted from references;;;FALSE;;external
Borger1956_DieInschri;Borger;Die Inschriften Asarhaddons, Königs von Assyrien;1956;;;;;;;;;No;No;;auto-extracted from references;;;FALSE;;external
Borger1969_Bemerkunge;Borger;Bemerkungen zu den akkadischen Kolophonen;1969;;;;;;;;;No;No;;auto-extracted from references;;;FALSE;;external
Brinkman1986_Documentar;Brinkman;Documentary evidence for the economic base of early Neo-Babylonian society: A survey of dated Babylonian economic texts, 721–626 B.C;1986;;;;;;;;;No;No;;auto-extracted from references;;;FALSE;;external
Dijk1989_Einspatalt;Dijk;Ein spätaltbabylonischer Katalog einer Sammlung sumerischer Briefe;1989;;;;;;;;;No;No;;auto-extracted from references;;;FALSE;;external
Ebeling1949_Neubabylon;Ebeling;Neubabylonische Briefe. Abhandlungen der Bayerischen Akademie der Wissenschaften;1949;;;;;;;;;No;No;;auto-extracted from references;;;FALSE;;external
Frahm0_InpressHea;Frahm;In press. Headhunter, Bücherdiebe und wandernde Gelehrte: Anmerkungen zum altorientalischen Wissenstransfer im ersten Jahrtausend v;0000;;;;;;;;;No;No;;auto-extracted from references;;;FALSE;;external
George1986_Sennacheri;George;Sennacherib and the Tablet of Destinies;1986;;;;;;;;;No;No;;auto-extracted from references;;;FALSE;;external
George1997_Assyriaand;George;Assyria and the western world;1997;;;;;;;;;No;No;;auto-extracted from references;;;FALSE;;external
Howard1955_Technicald;Howard;Technical description of the ivory writing-boards from Nimrud;1955;;;;;;;;;No;No;;auto-extracted from references;;;FALSE;;external
Hunger1968_Babylonisc;Hunger;Babylonische und assyrische Kolophone;1968;;;;;;;;;No;No;;auto-extracted from references;;;FALSE;;external
Lambert1957_Ancestorsa;Lambert;Ancestors, authors and canonicity;1957;;;;;;;;;No;No;;auto-extracted from references;;;FALSE;;external
Lambert1976_ALateAssyr;Lambert;A Late Assyrian catalogue of literary and scholarly texts;1976;;;;;;;;;No;No;;auto-extracted from references;;;FALSE;;external
Lambert1989_ThelawsofH;Lambert;The laws of Hammurabi in the first millennium;1989;;;;;;;;;No;No;;auto-extracted from references;;;FALSE;;external
Lambert1992_Addendaetc;Lambert;Addenda et corrigenda to Catalogue of the Cuneiform Tablets of the Kouyunjik Collection;1992;;;;;;;;;No;No;;auto-extracted from references;;;FALSE;;external
Lieberman1990_Canonicala;Lieberman;Canonical and official cuneiform texts: Towards an understanding of Assurbanipal's personal tablet collection;1990;;;;;;;;;No;No;;auto-extracted from references;;;FALSE;;external
Mallowan1954_Theexcavat;Mallowan;The excavations at Nimrud (Kalhu;1954;;;;;;;;;No;No;;auto-extracted from references;;;FALSE;;external
Maxwell-Hyslop1983_Dalbergias;Maxwell-Hyslop;Dalbergia sissoo Roxburgh;1983;;;;;;;;;No;No;;auto-extracted from references;;;FALSE;;external
Mayer1992_EinHymnusa;Mayer;Ein Hymnus auf Ninurta als Helfer in der Not;1992;;;;;;;;;No;No;;auto-extracted from references;;;FALSE;;external
Nemet-Nejat2000_Anadminist;Nemet-Nejat;An administrative text about writing boards (557 B.C.E;2000;;;;;;;;;No;No;;auto-extracted from references;;;FALSE;;external
Neugebauer1955_Astronomic;Neugebauer;Astronomical Cuneiform Tablets;1955;;;;;;;;;No;No;;auto-extracted from references;;;FALSE;;external
Parpola1972_AletterofS;Parpola;A letter of Šamaš-šumu-ukīn to Esarhaddon;1972;;;;;;;;;No;No;;auto-extracted from references;;;FALSE;;external
Parpola1983_Assyrianli;Parpola;Assyrian library records;1983;;;;;;;;;No;No;;auto-extracted from references;;;FALSE;;external
Postgate1992_Treesandti;Postgate;Trees and timber in the Assyrian texts;1992;;;;;;;;;No;No;;auto-extracted from references;;;FALSE;;external
Schaudig2001_DieInschri;Schaudig;Die Inschriften Nabonids von Babylon und Kyros’ des Großen;2001;;;;;;;;;No;No;;auto-extracted from references;;;FALSE;;external
Streck1995_ZahlundZei;Streck;Zahl und Zeit;1995;;;;;;;;;No;No;;auto-extracted from references;;;FALSE;;external
Tallqvist1938_Akkadische;Tallqvist;Akkadische Götterepitheta;1938;;;;;;;;;No;No;;auto-extracted from references;;;FALSE;;external
Villard1997_Leducation;Villard;L’éducation d’Assurbanipal;1997;;;;;;;;;No;No;;auto-extracted from references;;;FALSE;;external
Villard1998_KisirAssur;Villard;Kisir-Aššur et la bibliothèque de Ninive. Nouvelles assyriologiques brèves et utilitaires;1998;;;;;;;;;No;No;;auto-extracted from references;;;FALSE;;external
Warnock1991_Thewoodoft;Warnock;The wood of the Uluburun diptych;1991;;;;;;;;;No;No;;auto-extracted from references;;;FALSE;;external
Weidner1941_Dieastrolo;Weidner;Die astrologische Serie Enūma Anu Enlil;1941;;;;;;;;;No;No;;auto-extracted from references;;;FALSE;;external
Wiseman1955_Assyrianwr;Wiseman;Assyrian writing-boards;1955;;;;;;;;;No;No;;auto-extracted from references;;;FALSE;;external
Woodington1982_AGrammarof;Woodington;A Grammar of the Neo-Babylonian Letters of the Kuyunjik Collection;1982;;;;;;;;;No;No;;auto-extracted from references;;;FALSE;;external
Wunsch2000_DasEgibiAr;Wunsch;Das Egibi-Archiv;2000;;;;;;;;;No;No;;auto-extracted from references;;;FALSE;;external
Wunsch2003_Urkundenzu;Wunsch;Urkunden zum Ehe-, Vermögens- und Erbrecht aus verschiedenen neubabylonischen Archiven;2003;;;;;;;;;No;No;;auto-extracted from references;;;FALSE;;external
Attinger1993_Elementsde;Attinger;Éléments de linguistique sumérienne: La construction de du /e/di « dire »;1993;;;;;;;;;No;No;;auto-extracted from references;;;FALSE;;external
Attinger2005_AproposdeA;Attinger;À propos de AK « faire »;2005;;;;;;;;;No;No;;auto-extracted from references;;;FALSE;;external
Civil1964_AHymntothe;Civil;A Hymn to the Beer Goddess and a Drinking Song;1964;;;;;;;;;No;No;;auto-extracted from references;;;FALSE;;external
Civil1987_FeedingDum;Civil;Feeding Dumuzi’s Sheep: The Lexicon as a Source of Literary Inspiration;1987;;;;;;;;;No;No;;auto-extracted from references;;;FALSE;;external
Civil1998_BilingualT;Civil;Bilingual Teaching;1998;;;;;;;;;No;No;;auto-extracted from references;;;FALSE;;external
Civil2006_TheSongoft;Civil;The Song of the Millstone;2006;;;;;;;;;No;No;;auto-extracted from references;;;FALSE;;external
Delnero2010_SumerianLi;Delnero;Sumerian Literary Catalogs and the Scribal Curriculum;2010;;;;;;;;;No;No;;auto-extracted from references;;;FALSE;;external
George1993_NinurtaPaq;George;Ninurta-Pāqidāt’s Dog Bite, and Notes on Other Comic Tales;1993;;;;;;;;;No;No;;auto-extracted from references;;;FALSE;;external
Gibson1998_NippurBArc;Gibson;Nippur, B. Archäologisch;1998;;;;;;;;;No;No;;auto-extracted from references;;;FALSE;;external
Jagersma2010_ADescripti;Jagersma;A Descriptive Grammar of Sumerian;2010;;;;;;;;;No;No;;auto-extracted from references;;;FALSE;;external
Kleinerman2011_Educationi;Kleinerman;Education in Early 2nd Millennium BC Babylonia;2011;;;;;;;;;No;No;;auto-extracted from references;;;FALSE;;external
Krebernik1998_Ninlil;Krebernik;Ninlil;1998;;;;;;;;;No;No;;auto-extracted from references;;;FALSE;;external
Michalowski1998_Literature;Michalowski;Literature as a Source of Lexical Inspiration;1998;;;;;;;;;No;No;;auto-extracted from references;;;FALSE;;external
Michalowski1998_Nisaba;Michalowski;Nisaba;1998;;;;;;;;;No;No;;auto-extracted from references;;;FALSE;;external
Rubio2004_EarlySumer;Rubio;Early Sumerian Literature: Enumerating the Whole;2004;;;;;;;;;No;No;;auto-extracted from references;;;FALSE;;external
Sallaberger1993_Derkultisc;Sallaberger;Der kultische Kalender der Ur III-Zeit;1993;;;;;;;;;No;No;;auto-extracted from references;;;FALSE;;external
Sjoberg1972_ACommemora;Sjöberg;A Commemorative Inscription of King Šūsîn;1972;;;;;;;;;No;No;;auto-extracted from references;;;FALSE;;external
Sladek1974_InannasDes;Sladek;Inanna’s Descent to the Netherworld;1974;;;;;;;;;No;No;;auto-extracted from references;;;FALSE;;external
Snell1982_Ledgersand;Snell;Ledgers and Prices: Early Mesopotamian Merchant Accounts;1982;;;;;;;;;No;No;;auto-extracted from references;;;FALSE;;external
Steinkeller1989_SaleDocume;Steinkeller;Sale Documents of the Ur III Period;1989;;;;;;;;;No;No;;auto-extracted from references;;;FALSE;;external
Stol1979_OnTreesMou;Stol;On Trees, Mountains, and Millstones in the Ancient Near East;1979;;;;;;;;;No;No;;auto-extracted from references;;;FALSE;;external
Vanstiphout1997_SchoolDial;Vanstiphout;School Dialogues;1997;;;;;;;;;No;No;;auto-extracted from references;;;FALSE;;external
Volk1995_InannaundS;Volk;Inanna und Šukaletuda;1995;;;;;;;;;No;No;;auto-extracted from references;;;FALSE;;external
Wilcke1969_DasLugalba;Wilcke;Das Lugalbandaepos;1969;;;;;;;;;No;No;;auto-extracted from references;;;FALSE;;external
Arnaud2003_Prolegomen;Arnaud;Prolégomènes à la rédaction d’une histoire d’Ougarit III. Ougarit et Tukulti-Ninurta;2003;;;;;;;;;No;No;;auto-extracted from references;;;FALSE;;external
Beckman1996_HittiteDip;Beckman;Hittite Diplomatic Texts;1996;;;;;;;;;No;No;;auto-extracted from references;;;FALSE;;external
Bell2012_TheMerchan;Bell;The Merchants of Ugarit: Oligarchs of the Late Bronze Age Trade in Metals?;2012;;;;;;;;;No;No;;auto-extracted from references;;;FALSE;;external
Bhabha2006_TheLocatio;Bhabha;The Location of Culture;2006;;;;;;;;;No;No;;auto-extracted from references;;;FALSE;;external
Castle1992_Shippingan;Castle;Shipping and Trade in Ramesside Egypt;1992;;;;;;;;;No;No;;auto-extracted from references;;;FALSE;;external
Cohen2004_KidinGulaT;Cohen;Kidin-Gula: The Foreign Teacher at the Emar Scribal School;2004;;;;;;;;;No;No;;auto-extracted from references;;;FALSE;;external
Cohen2013_Wisdomfrom;Cohen;Wisdom from the Late Bronze Age;2013;;;;;;;;;No;No;;auto-extracted from references;;;FALSE;;external
Cohen2017_AnAssyrian;Cohen;An Assyrian Teacher at Ugarit? A New Reading of the Colophon of Šima Milka;2017;;;;;;;;;No;No;;auto-extracted from references;;;FALSE;;external
Cohen2006_ALateSynch;Cohen;A Late Synchronism between Ugarit and Emar;2006;;;;;;;;;No;No;;auto-extracted from references;;;FALSE;;external
Courtois1990_Yabninuetl;Courtois;Yabninu et le palais sud d’Ougarit;1990;;;;;;;;;No;No;;auto-extracted from references;;;FALSE;;external
Delnero2015_Introducti;Delnero;Introduction: Reassembling the Social from Texts and Contexts;2015;;;;;;;;;No;No;;auto-extracted from references;;;FALSE;;external
Fenollos1994_Elcomercio;Fenollós;El comercio del estaño en el Próximo Oriente Antiguo;1994;;;;;;;;;No;No;;auto-extracted from references;;;FALSE;;external
Freu2006_Histoirepo;Freu;Histoire politique du royaume d’Ugarit;2006;;;;;;;;;No;No;;auto-extracted from references;;;FALSE;;external
Kessler2014_NeueTontaf;Kessler;Neue Tontafelfunde aus dem mitannizeitlichen Taidu – Ein Vorbericht;2014;;;;;;;;;No;No;;auto-extracted from references;;;FALSE;;external
Lackenbacher1991_Lettresetf;Lackenbacher;Lettres et fragments;1991;;;;;;;;;No;No;;auto-extracted from references;;;FALSE;;external
Lion2015_Remarquess;Lion;Remarques sur les tablettes scolaires de Nuzi;2015;;;;;;;;;No;No;;auto-extracted from references;;;FALSE;;external
Liverani1990_Relaciones;Liverani;Relaciones internacionales en el Próximo Oriente antiguo, 1600–1100 a.C;1990;;;;;;;;;No;No;;auto-extracted from references;;;FALSE;;external
Liverani2017_AssiriaLap;Liverani;Assiria: La preistoria dell’imperialismo;2017;;;;;;;;;No;No;;auto-extracted from references;;;FALSE;;external
Malbran-Labat2007_UrtenuUrTe;Malbran-Labat;Urtenu – Ur Teššub;2007;;;;;;;;;No;No;;auto-extracted from references;;;FALSE;;external
Rowe2006_TheRoyalDe;Rowe;The Royal Deeds of Ugarit;2006;;;;;;;;;No;No;;auto-extracted from references;;;FALSE;;external
Matoian2013_Lamaisondi;Matoïan;La maison dite ‘de Rashap’abu’;2013;;;;;;;;;No;No;;auto-extracted from references;;;FALSE;;external
McGeough2015_WhatIsNoti;McGeough;‘What Is Not in My House You Must Give Me.’;2015;;;;;;;;;No;No;;auto-extracted from references;;;FALSE;;external
Mountfort2009_ScalesofFa;Mountfort;Scales of Fate;2009;;;;;;;;;No;No;;auto-extracted from references;;;FALSE;;external
Moran1992_TheAmarnaL;Moran;The Amarna Letters;1992;;;;;;;;;No;No;;auto-extracted from references;;;FALSE;;external
Niedorf2008_Diemittelb;Niedorf;Die mittelbabylonischen Rechtsurkunden aus Alalah;2008;;;;;;;;;No;No;;auto-extracted from references;;;FALSE;;external
Pongratz-Leisten2015_Religionan;Pongratz-Leisten;Religion and Ideology in Assyria;2015;;;;;;;;;No;No;;auto-extracted from references;;;FALSE;;external
Pruzsinszky2015_EmarsRolei;Pruzsinszky;Emar’s Role in Transregional Trade;2015;;;;;;;;;No;No;;auto-extracted from references;;;FALSE;;external
Ragioneri2000_TheAmarnaA;Ragioneri;The Amarna Age;2000;;;;;;;;;No;No;;auto-extracted from references;;;FALSE;;external
Roche-Hawley2013_ScribesHou;Roche-Hawley;Scribes, Houses and Neighbourhoods at Ugarit;2013;;;;;;;;;No;No;;auto-extracted from references;;;FALSE;;external
Roche-Hawley2013_AnEssayonS;Roche-Hawley;An Essay on Scribal Families;2013;;;;;;;;;No;No;;auto-extracted from references;;;FALSE;;external
Roche-Hawley2016_TheScribal;Roche-Hawley;The Scribal Culture at Ugarit;2016;;;;;;;;;No;No;;auto-extracted from references;;;FALSE;;external
Schortman1998_CultureCon;Schortman;Culture Contact: Structure and Process;1998;;;;;;;;;No;No;;auto-extracted from references;;;FALSE;;external
Solans2015_Lospoderes;Solans;Los poderes colectivos en la Siria del Bronce Final;2015;;;;;;;;;No;No;;auto-extracted from references;;;FALSE;;external
Stein2002_FromPassiv;Stein;From Passive Periphery to Active Agents;2002;;;;;;;;;No;No;;auto-extracted from references;;;FALSE;;external
Mieroop2007_TheEastern;Mieroop;The Eastern Mediterranean in the Age of Ramesses II;2007;;;;;;;;;No;No;;auto-extracted from references;;;FALSE;;external
Mieroop2013_RecentTren;Mieroop;Recent Trends in the Study of Ancient Near Eastern History;2013;;;;;;;;;No;No;;auto-extracted from references;;;FALSE;;external
Mieroop2016_Philosophy;Mieroop;Philosophy before the Greeks;2016;;;;;;;;;No;No;;auto-extracted from references;;;FALSE;;external
Mieroop2016_ABabylonia;Mieroop;A Babylonian Cosmopolis;2016;;;;;;;;;No;No;;auto-extracted from references;;;FALSE;;external
Soldt1999_TheSyllabi;Soldt;The Syllabic Akkadian Texts;1999;;;;;;;;;No;No;;auto-extracted from references;;;FALSE;;external
Soldt2000_PrivateArc;Soldt;Private Archives at Ugarit;2000;;;;;;;;;No;No;;auto-extracted from references;;;FALSE;;external
Soldt2001_NahisSalmu;Soldt;Nahiš-Šalmu;2001;;;;;;;;;No;No;;auto-extracted from references;;;FALSE;;external
Soldt2012_ThePalaeog;Soldt;The Palaeography of Two Ugaritic Archives;2012;;;;;;;;;No;No;;auto-extracted from references;;;FALSE;;external
Soldt2015_CraftsandC;Soldt;Crafts and Craftsmen at Ugarit;2015;;;;;;;;;No;No;;auto-extracted from references;;;FALSE;;external
Veldhuis2012_Domesticiz;Veldhuis;Domesticizing Babylonian Scribal Culture in Assyria;2012;;;;;;;;;No;No;;auto-extracted from references;;;FALSE;;external
Veldhuis2014_Intellectu;Veldhuis;Intellectual History and Assyriology;2014;;;;;;;;;No;No;;auto-extracted from references;;;FALSE;;external
Vermaak2009_Relationsb;Vermaak;Relations between Babylonia and the Levant during the Kassite Period;2009;;;;;;;;;No;No;;auto-extracted from references;;;FALSE;;external
Viano2016_TheRecepti;Viano;The Reception of Sumerian Literature in the Western Periphery;2016;;;;;;;;;No;No;;auto-extracted from references;;;FALSE;;external
Welsch1999_Transcultu;Welsch;Transculturality;1999;;;;;;;;;No;No;;auto-extracted from references;;;FALSE;;external
Wiggermann2008_ABabylonia;Wiggermann;A Babylonian Scholar in Assur;2008;;;;;;;;;No;No;;auto-extracted from references;;;FALSE;;external
Zaccagnini1983_Patternsof;Zaccagnini;Patterns of Mobility among Ancient Near Eastern Craftsmen;1983;;;;;;;;;No;No;;auto-extracted from references;;;FALSE;;external
Yon1997_LacitedOug;Yon;La cité d’Ougarit sur le Tell de Ras Shamra;1997;;;;;;;;;No;No;;auto-extracted from references;;;FALSE;;external
Alster1992_Interactio;Alster;Interaction of Oral and Written Poetry in Early Mesopotamian Literature;1992;;;;;;;;;No;No;;auto-extracted from references;;;FALSE;;external
Black1992_SomeStruct;Black;Some Structural Features of Sumerian Narrative Poetry;1992;;;;;;;;;No;No;;auto-extracted from references;;;FALSE;;external
Cavigneaux1982_Schultexte;Cavigneaux;Schultexte aus Warka;1982;;;;;;;;;No;No;;auto-extracted from references;;;FALSE;;external
Civil1979_EaAnaquAaA;Civil;Ea A = nâqu, Aa A = nâqu, with Their Forerunners and Related Texts;1979;;;;;;;;;No;No;;auto-extracted from references;;;FALSE;;external
Civil1992_Educationi;Civil;Education in Mesopotamia;1992;;;;;;;;;No;No;;auto-extracted from references;;;FALSE;;external
Cooper1973_Sumerianan;Cooper;Sumerian and Akkadian in Sumer and Akkad;1973;;;;;;;;;No;No;;auto-extracted from references;;;FALSE;;external
George1991_Babylonian;George;Babylonian Texts from the Folios of Sidney Smith, Part Two: Prognostic and Diagnostic Omens;1991;;;;;;;;;No;No;;auto-extracted from references;;;FALSE;;external
George1993_Ninurtapaq;George;Ninurta-pāqidāt’s Dog Bite, and Notes on Other Comic Tales;1993;;;;;;;;;No;No;;auto-extracted from references;;;FALSE;;external
Jacobsen1953_ReviewofUr;Jacobsen;Review of Ur Excavations Texts III, by L;1953;;;;;;;;;No;No;;auto-extracted from references;;;FALSE;;external
Klein1981_TheRoyalHy;Klein;The Royal Hymns of Shulgi King of Ur: Man’s Quest for Immortal Fame;1981;;;;;;;;;No;No;;auto-extracted from references;;;FALSE;;external
Klein1981_ThreeSulgi;Klein;Three Šulgi Hymns;1981;;;;;;;;;No;No;;auto-extracted from references;;;FALSE;;external
Kraus1973_Vommesopot;Kraus;Vom mesopotamischen Menschen der altbabylonischen Zeit und seiner Welt;1973;;;;;;;;;No;No;;auto-extracted from references;;;FALSE;;external
Lambert1957_AncestorsA;Lambert;Ancestors, Authors and Canonicity;1957;;;;;;;;;No;No;;auto-extracted from references;;;FALSE;;external
Landsberger1958_ScribalCon;Landsberger;Scribal Concepts of Education;1958;;;;;;;;;No;No;;auto-extracted from references;;;FALSE;;external
Ludwig1990_Untersuchu;Ludwig;Untersuchungen zu den Hymnen des Išme-Dagan von Isin;1990;;;;;;;;;No;No;;auto-extracted from references;;;FALSE;;external
Nissen1993_TheEducati;Nissen;The Education and Profession of the Scribe;1993;;;;;;;;;No;No;;auto-extracted from references;;;FALSE;;external
Oelsner1982_Spatachame;Oelsner;Spätachämenidische Texte aus Nippur;1982;;;;;;;;;No;No;;auto-extracted from references;;;FALSE;;external
Sjoberg1993_CBS11319An;Sjöberg;CBS 11319+: An Old Babylonian Schooltext from Nippur;1993;;;;;;;;;No;No;;auto-extracted from references;;;FALSE;;external
Tanret1981_Lapprentis;Tanret;L’apprentissage de l’écriture à Sippar Amnanum à la fin de la période paléo-babylonienne;1981;;;;;;;;;No;No;;auto-extracted from references;;;FALSE;;external
Tanret1982_Lestablett;Tanret;Les tablettes ‘scolaires’ découvertes à Tell ed-Dēr;1982;;;;;;;;;No;No;;auto-extracted from references;;;FALSE;;external
Volk1996_Methodenal;Volk;Methoden altmesopotamischer Erziehung nach Quellen der altbabylonischen Zeit;1996;;;;;;;;;No;No;;auto-extracted from references;;;FALSE;;external
Waetzoldt1986_Keilschrif;Waetzoldt;Keilschrift und Schulen in Mesopotamien und Ebla;1986;;;;;;;;;No;No;;auto-extracted from references;;;FALSE;;external
Waetzoldt1989_DerSchreib;Waetzoldt;Der Schreiber als Lehrer in Mesopotamien;1989;;;;;;;;;No;No;;auto-extracted from references;;;FALSE;;external
Wilcke1987_DieInschri;Wilcke;Die Inschriftenfunde der 7. und 8. Kampagnen (1983–1984;1987;;;;;;;;;No;No;;auto-extracted from references;;;FALSE;;external
Adamwhite2001_LateHittit;Adamwhite;Late Hittite Emar: The Chronology, Synchronisms, and Socio-Political Aspects of a Late Bronze Age Fortress Town;2001;;;;;;;;;No;No;;auto-extracted from references;;;FALSE;;external
Al-Maqdissi2010_Rapportpre;Al-Maqdissi;Rapport préliminaire sur les activités de la mission syro-française de Ras Shamra-Ougarit en 2007 et 2008 (67e et 68e campagnes;2010;;;;;;;;;No;No;;auto-extracted from references;;;FALSE;;external
Al-Maqdissi2008_Laceramiqu;Al-Maqdissi;La céramique découverte par C. Schaeffer dans le Palais royal d’Ougarit: remarques générales;2008;;;;;;;;;No;No;;auto-extracted from references;;;FALSE;;external
Alster1976_TheInstruc;Alster;The Instructions of Šuruppak;1976;;;;;;;;;No;No;;auto-extracted from references;;;FALSE;;external
Arnaud1986_EmarRecher;Arnaud;Emar: Recherches au pays d’Aštata. Textes sumériens et accadiens 6;1986;;;;;;;;;No;No;;auto-extracted from references;;;FALSE;;external
Bachvarova2016_FromHittit;Bachvarova;From Hittite to Homer: The Anatolian Background of Ancient Greek Epic;2016;;;;;;;;;No;No;;auto-extracted from references;;;FALSE;;external
Barsacchi2019_Consideraz;Barsacchi;Considerazioni sui culti ittiti connessi al ciclo lunare;2019;;;;;;;;;No;No;;auto-extracted from references;;;FALSE;;external
Barsacchi2019_Distributi;Barsacchi;Distribution and Consumption of Food in Hittite Festivals: The Social and Economic Role of Religious Commensality as Reflected by Hittite Sources;2019;;;;;;;;;No;No;;auto-extracted from references;;;FALSE;;external
Belnap2008_FilletsofF;Belnap;Fillets of Fatling and Goblets of Gold: The Use of Meal Events in the Ritual Imagery in the Ugaritic Mythological and Epic Texts;2008;;;;;;;;;No;No;;auto-extracted from references;;;FALSE;;external
Benedikt1979_ToTakeHold;Benedikt;To Take Hold of Space: Isovists and Isovist Fields;1979;;;;;;;;;No;No;;auto-extracted from references;;;FALSE;;external
Besnier2009_Gossipandt;Besnier;Gossip and the Everyday Production of Politics;2009;;;;;;;;;No;No;;auto-extracted from references;;;FALSE;;external
Black2006_Literature;Black;Literature of Ancient Sumer;2006;;;;;;;;;No;No;;auto-extracted from references;;;FALSE;;external
Bonfil2007_ThePalaceo;Bonfil;The Palace of the Upper City of Hazor as an Expression of a Syrian Architectural Paradigm;2007;;;;;;;;;No;No;;auto-extracted from references;;;FALSE;;external
Boyes2019_Negotiatin;Boyes;Negotiating Imperialism and Resistance in Late Bronze Age Ugarit: The Rise of Alphabetic Cuneiform;2019;;;;;;;;;No;No;;auto-extracted from references;;;FALSE;;external
Branting2007_UsinganUrb;Branting;Using an Urban Street Network and a PGIS-T Approach to Analyze Ancient Movement;2007;;;;;;;;;No;No;;auto-extracted from references;;;FALSE;;external
Branting2010_Simulating;Branting;Simulating Movement, Communication and Flows of Knowledge at Kerkenes Dağ;2010;;;;;;;;;No;No;;auto-extracted from references;;;FALSE;;external
Bretschneider1999_GibalaTheF;Bretschneider;Gibala: The First Two Excavations;1999;;;;;;;;;No;No;;auto-extracted from references;;;FALSE;;external
Browning2005_EffectsofO;Browning;Effects of Obesity and Sex on the Energetic Cost and Preferred Speed of Walking;2005;;;;;;;;;No;No;;auto-extracted from references;;;FALSE;;external
Bunnens1980_Pouvoirslo;Bunnens;Pouvoirs locaux et pouvoirs dissidents en Syrie au IIe millénaire avant notre ère;1980;;;;;;;;;No;No;;auto-extracted from references;;;FALSE;;external
Callot1986_Laregionno;Callot;La région nord du Palais Royal d’Ougarit;1986;;;;;;;;;No;No;;auto-extracted from references;;;FALSE;;external
Callot1987_Leshuileri;Callot;Les huileries du Bronze Récent à Ougarit: premiers éléments pour une étude;1987;;;;;;;;;No;No;;auto-extracted from references;;;FALSE;;external
Callot1994_Latranchee;Callot;La tranchée ‘Ville Sud’. Étude d’architecture domestique;1994;;;;;;;;;No;No;;auto-extracted from references;;;FALSE;;external
Callot2011_LesSanctua;Callot;Les Sanctuaires de l’Acropole d’Ougarit: les Temples de Baal et de Dagan;2011;;;;;;;;;No;No;;auto-extracted from references;;;FALSE;;external
Callot2013_Lebatiment;Callot;Le bâtiment ‘au trône’, un nouveau sanctuaire à Ougarit?;2013;;;;;;;;;No;No;;auto-extracted from references;;;FALSE;;external
Callot2000_Ruesetplac;Callot;Rues et places à Ougarit au Bronze récent;2000;;;;;;;;;No;No;;auto-extracted from references;;;FALSE;;external
Callot2001_LeBatiment;Callot;Le ‘Bâtiment au Vase de Pierre’ du ‘Quartier Résidentiel’ d’Ougarit;2001;;;;;;;;;No;No;;auto-extracted from references;;;FALSE;;external
Calvet1981_Installati;Calvet;Installations hydrauliques d’Ugarit;1981;;;;;;;;;No;No;;auto-extracted from references;;;FALSE;;external
Cecchini2000_Unbatiment;Cecchini;Un bâtiment mystérieux sur l’acropole de Tell Afis;2000;;;;;;;;;No;No;;auto-extracted from references;;;FALSE;;external
Gilibert2002_Architects;Gilibert;Architect’s Data;2002;;;;;;;;;No;No;;auto-extracted from references;;;FALSE;;external
Glatz2011_LandscapeM;Glatz;Landscape Monuments and Political Competition in Late Bronze Age Anatolia: An Investigation of Costly Signaling Theory;2011;;;;;;;;;No;No;;auto-extracted from references;;;FALSE;;external
Grannis1998_TheImporta;Grannis;The Importance of Trivial Streets: Residential Streets and Residential Segregation;1998;;;;;;;;;No;No;;auto-extracted from references;;;FALSE;;external
Groddek2010_Die10Tafel;Groddek;Die 10. Tafel des ḫišuwa-Festes;2010;;;;;;;;;No;No;;auto-extracted from references;;;FALSE;;external
Haas1994_Geschichte;Haas;Geschichte der hethitischen Religion;1994;;;;;;;;;No;No;;auto-extracted from references;;;FALSE;;external
Halayqa2010_TheDemiseo;Halayqa;The Demise of Ugarit in the Light of Its Connections with Ḫatti;2010;;;;;;;;;No;No;;auto-extracted from references;;;FALSE;;external
Hawley2015_TheScribal;Hawley;The Scribal Culture of Ugarit;2015;;;;;;;;;No;No;;auto-extracted from references;;;FALSE;;external
Hawley2013_TheScribet;Hawley;The Scribe ṯab,ilu as Attested in the Epigraphic Finds from the 5th Season of Excavations at Ras Shamra;2013;;;;;;;;;No;No;;auto-extracted from references;;;FALSE;;external
Haydar2013_Rapportpre;Haydar;Rapport préliminaire sur les activités de la Mission Archéologique Syro-Française de Ras Shamra-Ougarit en 2009 et 2010;2013;;;;;;;;;No;No;;auto-extracted from references;;;FALSE;;external
Heltzer1976_TheRuralCo;Heltzer;The Rural Community in Ancient Ugarit;1976;;;;;;;;;No;No;;auto-extracted from references;;;FALSE;;external
Heltzer1999_TheEconomy;Heltzer;The Economy of Ugarit;1999;;;;;;;;;No;No;;auto-extracted from references;;;FALSE;;external
Hermary1981_AmathonteI;Hermary;Amathonte II. Testimonia 2: Les sculptures découvertes avant 1975;1981;;;;;;;;;No;No;;auto-extracted from references;;;FALSE;;external
Hermary1989_Catalogued;Hermary;Catalogue des antiquités de Chypre: Sculptures;1989;;;;;;;;;No;No;;auto-extracted from references;;;FALSE;;external
Herrmann2018_UrbanOrgan;Herrmann;Urban Organization under Empire: Iron Age Sam’al (Zincirli, Turkey) from Royal to Provincial Capital;2018;;;;;;;;;No;No;;auto-extracted from references;;;FALSE;;external
Herrmann2018_Cosmopolit;Herrmann;Cosmopolitan Politics in the Neo-Assyrian Empire: Local Elite Identity at Zincirli-Sam’al;2018;;;;;;;;;No;No;;auto-extracted from references;;;FALSE;;external
Hillier1984_TheSocialL;Hillier;The Social Logic of Space;1984;;;;;;;;;No;No;;auto-extracted from references;;;FALSE;;external
Hillier1999_SpaceIsthe;Hillier;Space Is the Machine: A Configurational Theory of Architecture;1999;;;;;;;;;No;No;;auto-extracted from references;;;FALSE;;external
Holscher1999_Offentlich;Hölscher;Öffentliche Räume in frühen griechischen Städten;1999;;;;;;;;;No;No;;auto-extracted from references;;;FALSE;;external
Hubbard2018_Introducti;Hubbard;Introduction: Streetlife – The Shifting Sociologies of the Street;2018;;;;;;;;;No;No;;auto-extracted from references;;;FALSE;;external
Hunter1990_Gossipandt;Hunter;Gossip and the Politics of Reputation in Classical Athens;1990;;;;;;;;;No;No;;auto-extracted from references;;;FALSE;;external
Ingold2004_Cultureont;Ingold;Culture on the Ground: The World Perceived through the Feet;2004;;;;;;;;;No;No;;auto-extracted from references;;;FALSE;;external
Johnston2017_TheDistrib;Johnston;The Distributional Approach and Imperfect Data Sets: An Examination of Market Exchange at Ugarit;2017;;;;;;;;;No;No;;auto-extracted from references;;;FALSE;;external
Kaniewski2011_TheSeaPeop;Kaniewski;The Sea Peoples, from Cuneiform Tablets to Carbon Dating;2011;;;;;;;;;No;No;;auto-extracted from references;;;FALSE;;external
Kendall1975_Warfareand;Kendall;Warfare and Military Matters in the Nuzi Tablets;1975;;;;;;;;;No;No;;auto-extracted from references;;;FALSE;;external
Knapp2013_TheArchaeo;Knapp;The Archaeology of Cyprus: From Earliest Prehistory through the Bronze Age;2013;;;;;;;;;No;No;;auto-extracted from references;;;FALSE;;external
Koitabashi1992_TheDeifica;Koitabashi;The Deification of the ‘Lyre’ in Ancient Ugarit;1992;;;;;;;;;No;No;;auto-extracted from references;;;FALSE;;external
Kontolaimos2013_LateBronze;Kontolaimos;Late Bronze Age Mediterranean Urbanism and Depth Map Software: The Cases of Ugarit (Syria) and Enkomi (Cyprus;2013;;;;;;;;;No;No;;auto-extracted from references;;;FALSE;;external
Kuhne2016_TheImpacto;Kühne;The Impact of Earthquakes on Middle Assyrian Tell Sheikh Hamad;2016;;;;;;;;;No;No;;auto-extracted from references;;;FALSE;;external
Unknown2002_DieHethite;Unknown;Die Hethiter und ihr Reich – Das Volk der 1000 Götter;2002;;;;;;;;;No;No;;auto-extracted from references;;;FALSE;;external
Lagarce1974_Lechantier;Lagarce;Le chantier de la ‘Maison aux Albâtres’;1974;;;;;;;;;No;No;;auto-extracted from references;;;FALSE;;external
Lambert1987_Lugaltilla;Lambert;Lugal-tilla;1987;;;;;;;;;No;No;;auto-extracted from references;;;FALSE;;external
Lange2012_FoodandLib;Lange;Food and Libation Offerings for the Royal Dead in Ugarit;2012;;;;;;;;;No;No;;auto-extracted from references;;;FALSE;;external
Laurence1994_RumourandC;Laurence;Rumour and Communication in Roman Politics;1994;;;;;;;;;No;No;;auto-extracted from references;;;FALSE;;external
Lavan2016_Cosmopolit;Lavan;Cosmopolitan Politics: The Assimilation and Subordination of Elite Cultures;2016;;;;;;;;;No;No;;auto-extracted from references;;;FALSE;;external
Leontidou2020_Mediterran;Leontidou;Mediterranean City;2020;;;;;;;;;No;No;;auto-extracted from references;;;FALSE;;external
Lev-Tov2007_ExaminingF;Lev-Tov;Examining Feasting in Late Bronze Age Syro-Palestine through Ancient Texts and Bones;2007;;;;;;;;;No;No;;auto-extracted from references;;;FALSE;;external
Levy2014_AFreshLook;Levy;A Fresh Look at the Baal-Zaphon Stele;2014;;;;;;;;;No;No;;auto-extracted from references;;;FALSE;;external
Levy2018_AFreshLook;Levy;A Fresh Look at the Mekal Stela;2018;;;;;;;;;No;No;;auto-extracted from references;;;FALSE;;external
Lipinski1988_TheSocioec;Lipiński;The Socio-economic Condition of the Clergy in the Kingdom of Ugarit;1988;;;;;;;;;No;No;;auto-extracted from references;;;FALSE;;external
Matoian2013_LaMaisondi;Matoïan;La Maison dite ‘de Rashapabou’: Inventaire des objets découverts lors de la fouille de l’édifice et essai d’interprétation;2013;;;;;;;;;No;No;;auto-extracted from references;;;FALSE;;external
Matoian2013_Duvinpourl;Matoïan;Du vin pour le délice de l’assoiffé;2013;;;;;;;;;No;No;;auto-extracted from references;;;FALSE;;external
Litke1998_AReconstru;Litke;A Reconstruction of the Assyro-Babylonian God-Lists, An: dA-nu-um and An: Anu šá amēli;1998;;;;;;;;;No;No;;auto-extracted from references;;;FALSE;;external
Liverani1979_RasShamraI;Liverani;Ras Shamra. II: Histoire;1979;;;;;;;;;No;No;;auto-extracted from references;;;FALSE;;external
Liverani1989_EconomyofU;Liverani;Economy of Ugaritic Royal Farms;1989;;;;;;;;;No;No;;auto-extracted from references;;;FALSE;;external
Liverani2004_OltrelaBib;Liverani;Oltre la Bibbia;2004;;;;;;;;;No;No;;auto-extracted from references;;;FALSE;;external
Loretz2005_WeihenlySu;Loretz;‘Weihen’ (ʿly S) und pgr, Ochsen und Gegenständen in KTU 6.13, 6.14 und 6.62;2005;;;;;;;;;No;No;;auto-extracted from references;;;FALSE;;external
Mallet2001_Unemaisona;Mallet;Une maison au sud du ‘temple aux rhytons’ (fouille 1979–1990;2001;;;;;;;;;No;No;;auto-extracted from references;;;FALSE;;external
Manuelli2016_TheKingatt;Manuelli;The King at the Gate: Monumental Fortifications and the Rise of Local Elites at Arslantepe at the End of the 2nd Millennium BCE;2016;;;;;;;;;No;No;;auto-extracted from references;;;FALSE;;external
Margueron1977_RasShamra1;Margueron;Ras Shamra 1975 et 1976: Rapport préliminaire sur les campagnes d’automne;1977;;;;;;;;;No;No;;auto-extracted from references;;;FALSE;;external
Margueron1982_Architectu;Margueron;Architecture et urbanisme;1982;;;;;;;;;No;No;;auto-extracted from references;;;FALSE;;external
Margueron1995_Lepalaisro;Margueron;Le palais royal d’Ougarit, premiers résultats d’une analyse systématique;1995;;;;;;;;;No;No;;auto-extracted from references;;;FALSE;;external
Margueron2013_Citesinvis;Margueron;Cités invisibles. La naissance de l’urbanisme au Proche-Orient ancien;2013;;;;;;;;;No;No;;auto-extracted from references;;;FALSE;;external
Rowe2008_ScribesSag;Rowe;Scribes, Sages and Seers in Ugarit;2008;;;;;;;;;No;No;;auto-extracted from references;;;FALSE;;external
Marshall2004_Streetsand;Marshall;Streets and Patterns: The Structure of Urban Geometry;2004;;;;;;;;;No;No;;auto-extracted from references;;;FALSE;;external
Martin2005_Democracya;Martin;Democracy and Freedom;2005;;;;;;;;;No;No;;auto-extracted from references;;;FALSE;;external
McAnany2018_Approachin;McAnany;Approaching the Archaeopolitical;2018;;;;;;;;;No;No;;auto-extracted from references;;;FALSE;;external
McGeough2003_Locatingth;McGeough;Locating the marzihu Archaeologically;2003;;;;;;;;;No;No;;auto-extracted from references;;;FALSE;;external
McGeough2007_ExchangeRe;McGeough;Exchange Relationships at Ugarit;2007;;;;;;;;;No;No;;auto-extracted from references;;;FALSE;;external
McGregor2007_MeatandOff;McGregor;Meat and Offal Yields of Goats;2007;;;;;;;;;No;No;;auto-extracted from references;;;FALSE;;external
Meier1988_TheMesseng;Meier;The Messenger in the Ancient Semitic World;1988;;;;;;;;;No;No;;auto-extracted from references;;;FALSE;;external
Monroe2016_Measurefor;Monroe;‘Measure for Measure’: Connecting Text to Material through Late Bronze Age Shipping Jars;2016;;;;;;;;;No;No;;auto-extracted from references;;;FALSE;;external
Morris2015_EgyptUgari;Morris;Egypt, Ugarit, the God Baʿal, and the Puzzle of a Royal Rebuff;2015;;;;;;;;;No;No;;auto-extracted from references;;;FALSE;;external
Unknown2013_HouseholdS;Unknown;Household Studies in Complex Societies: (Micro) Archaeological and Textual Approaches;2013;;;;;;;;;No;No;;auto-extracted from references;;;FALSE;;external
Mullins2012_TheLateBro;Mullins;The Late Bronze Age and Iron Age Temples at Beth-Shean;2012;;;;;;;;;No;No;;auto-extracted from references;;;FALSE;;external
Munnich2013_TheGodResh;Münnich;The God Resheph in the Ancient Near East;2013;;;;;;;;;No;No;;auto-extracted from references;;;FALSE;;external
Niehr2011_ZweiStelen;Niehr;Zwei Stelen mit Weihinschriften aus dem Temenos des El-Tempels;2011;;;;;;;;;No;No;;auto-extracted from references;;;FALSE;;external
Niehr2014_Dersanctua;Niehr;Der sanctuaire aux rhytons in Ugarit;2014;;;;;;;;;No;No;;auto-extracted from references;;;FALSE;;external
Niehr2020_DieRitualt;Niehr;Die Ritualtexte aus Ugarit: Eine Einführung;2020;;;;;;;;;No;No;;auto-extracted from references;;;FALSE;;external
Oberhagemann2012_StaticandD;Oberhagemann;Static and Dynamic Crowd Densities at Major Public Events;2012;;;;;;;;;No;No;;auto-extracted from references;;;FALSE;;external
Osborne2014_Settlement;Osborne;Settlement Planning and Urban Symbology in Syro-Anatolian Cities;2014;;;;;;;;;No;No;;auto-extracted from references;;;FALSE;;external
Otto2006_AlltagundG;Otto;Alltag und Gesellschaft zur Spätbronzezeit: Eine Fallstudie aus Tall Bazi (Syrien;2006;;;;;;;;;No;No;;auto-extracted from references;;;FALSE;;external
Otto2012_Archaeolog;Otto;Archaeological Evidence for Collective Governance along the Upper Syrian Euphrates;2012;;;;;;;;;No;No;;auto-extracted from references;;;FALSE;;external
Otto2013_Gotteshaus;Otto;Gotteshaus und Allerheiligstes in Syrien und Nordmesopotamien;2013;;;;;;;;;No;No;;auto-extracted from references;;;FALSE;;external
Otto2014_TheOrganis;Otto;The Organisation of Residential Space in the Mittani Kingdom;2014;;;;;;;;;No;No;;auto-extracted from references;;;FALSE;;external
Palivou2007_TheCosmopo;Palivou;The Cosmopolitan Harbour Town of Ugarit and the ‘Aegean’ Aspects of Its Domestic Architecture;2007;;;;;;;;;No;No;;auto-extracted from references;;;FALSE;;external
Pardee2000_AnimalSacr;Pardee;Animal Sacrifice at Ugarit;2000;;;;;;;;;No;No;;auto-extracted from references;;;FALSE;;external
Pardee2002_RitualandC;Pardee;Ritual and Cult at Ugarit;2002;;;;;;;;;No;No;;auto-extracted from references;;;FALSE;;external
Pritchard1975_SareptaAPr;Pritchard;Sarepta: A Preliminary Report on the Iron Age;1975;;;;;;;;;No;No;;auto-extracted from references;;;FALSE;;external
Pucci2006_EnclosingO;Pucci;Enclosing Open Spaces: The Organisation of External Areas in Syro-Hittite Architecture;2006;;;;;;;;;No;No;;auto-extracted from references;;;FALSE;;external
Pucci2008_Functional;Pucci;Functional Analysis of Space in Syro-Hittite Architecture;2008;;;;;;;;;No;No;;auto-extracted from references;;;FALSE;;external
Rahman2017_EmpiricalI;Rahman;Empirical Investigation of Trajectories and Desired Walking Velocity of Pedestrian Walking through Angled Corridor;2017;;;;;;;;;No;No;;auto-extracted from references;;;FALSE;;external
Rahmstorf2018_OfMiddensa;Rahmstorf;Of Middens and Markets;2018;;;;;;;;;No;No;;auto-extracted from references;;;FALSE;;external
Rapoport1982_TheMeaning;Rapoport;The Meaning of the Built Environment;1982;;;;;;;;;No;No;;auto-extracted from references;;;FALSE;;external
Reba2016_Spatializi;Reba;Spatializing 6,000 Years of Global Urbanization;2016;;;;;;;;;No;No;;auto-extracted from references;;;FALSE;;external
Rendu-Loisel2016_WhenGodsSp;Rendu-Loisel;When Gods Speak to Men;2016;;;;;;;;;No;No;;auto-extracted from references;;;FALSE;;external
Rey2009_LePalaisNo;Rey;Le Palais Nord d’Ougarit;2009;;;;;;;;;No;No;;auto-extracted from references;;;FALSE;;external
Ribichini1991_Problemidi;Ribichini;Problemi di onomastica ugaritica;1991;;;;;;;;;No;No;;auto-extracted from references;;;FALSE;;external
Unknown2015_Mesopotami;Unknown;Mesopotamia and the Ancient World;2015;;;;;;;;;No;No;;auto-extracted from references;;;FALSE;;external
Rutherford2019_GodsoftheM;Rutherford;Gods of the Market Place;2019;;;;;;;;;No;No;;auto-extracted from references;;;FALSE;;external
Rykwert1976_TheIdeaofa;Rykwert;The Idea of a Town;1976;;;;;;;;;No;No;;auto-extracted from references;;;FALSE;;external
Sala2015_EarlyandMi;Sala;Early and Middle Bronze Age Temples at Byblos;2015;;;;;;;;;No;No;;auto-extracted from references;;;FALSE;;external
Sanders2009_TheInventi;Sanders;The Invention of Hebrew;2009;;;;;;;;;No;No;;auto-extracted from references;;;FALSE;;external
Clay2014_TheHittite;Clay;The Hittite ‘Song of Emergence’ and the Theogony;2014;;;;;;;;;No;No;;auto-extracted from references;;;FALSE;;external
Sbeinati2005_TheHistori;Sbeinati;The Historical Earthquakes of Syria: An Analysis of Large and Moderate Earthquakes from 1365 B.C. to 1900 A.D;2005;;;;;;;;;No;No;;auto-extracted from references;;;FALSE;;external
Susnow2020_Houseofthe;Susnow;House of the Deity: A Perspective from the Bronze Age Southern Levant;2020;;;;;;;;;No;No;;auto-extracted from references;;;FALSE;;external
Schachner2011_HattuschaA;Schachner;Hattuscha: Auf der Suche nach dem sagenhaften Großreich der Hethiter;2011;;;;;;;;;No;No;;auto-extracted from references;;;FALSE;;external
Schaeffer1931_Lesfouille;Schaeffer;Les fouilles de Minet el-Beida et de Ras Shamra. Deuxième campagne (printemps 1930): Rapport sommaire;1931;;;;;;;;;No;No;;auto-extracted from references;;;FALSE;;external
Schaeffer1933_Lesfouille;Schaeffer;Les fouilles de Minet-El-Beida et de Ras-Shamra. Quatrième campagne (printemps 1932): Rapport sommaire;1933;;;;;;;;;No;No;;auto-extracted from references;;;FALSE;;external
Schaeffer1937_Lesfouille;Schaeffer;Les fouilles de Ras Shamra-Ugarit. Huitième campagne (printemps 1936): Rapport sommaire;1937;;;;;;;;;No;No;;auto-extracted from references;;;FALSE;;external
Schaeffer1938_Lesfouille;Schaeffer;Les fouilles de Ras Shamra-Ugarit. Neuvième campagne (printemps 1937): Rapport sommaire;1938;;;;;;;;;No;No;;auto-extracted from references;;;FALSE;;external
Schaeffer1949_UgariticaI;Schaeffer;Ugaritica II;1949;;;;;;;;;No;No;;auto-extracted from references;;;FALSE;;external
Schaeffer1956_UgariticaI;Schaeffer;Ugaritica III;1956;;;;;;;;;No;No;;auto-extracted from references;;;FALSE;;external
Schaeffer1962_UgariticaI;Schaeffer;Ugaritica IV;1962;;;;;;;;;No;No;;auto-extracted from references;;;FALSE;;external
Schloen2001_TheHouseof;Schloen;The House of the Father as Fact and Symbol: Patrimonialism in Ugarit and the Ancient Near East;2001;;;;;;;;;No;No;;auto-extracted from references;;;FALSE;;external
Goering2019_MovingandT;Goering;Moving and Thinking: Kinesthesis and Wisdom in the Book of Proverbs;2019;;;;;;;;;No;No;;auto-extracted from references;;;FALSE;;external
Schwartz2013_MemoryandI;Schwartz;Memory and Its Demolition: Ancestors, Animals and Sacrifice at Umm el-Marra;2013;;;;;;;;;No;No;;auto-extracted from references;;;FALSE;;external
Shedletsky1999_TheMSRofth;Shedletsky;The ‘MŠR’ of the Sons and Daughters of Ugarit (KTU2 1.40;1999;;;;;;;;;No;No;;auto-extracted from references;;;FALSE;;external
Shepperson2009_Planningfo;Shepperson;Planning for the Sun: Urban Forms as a Mesopotamian Response to the Sun;2009;;;;;;;;;No;No;;auto-extracted from references;;;FALSE;;external
Tamur2017_StyleEthni;Tamur;Style, Ethnicity and the Archaeology of the Aramaeans;2017;;;;;;;;;No;No;;auto-extracted from references;;;FALSE;;external
Teba2016_AGraphicRe;Teba;A Graphic Reconstruction Methodology for the Conservation of Cultural Heritage;2016;;;;;;;;;No;No;;auto-extracted from references;;;FALSE;;external
Turner1993_Collective;Turner;Collective Behavior;1993;;;;;;;;;No;No;;auto-extracted from references;;;FALSE;;external
Turner2001_FromIsovis;Turner;From Isovists to Visibility Graphs;2001;;;;;;;;;No;No;;auto-extracted from references;;;FALSE;;external
Gelder2020_Protestint;Gelder;Protest in the Piazza;2020;;;;;;;;;No;No;;auto-extracted from references;;;FALSE;;external
Soldt2010_Landholder;Soldt;Landholders in Administrative Texts;2010;;;;;;;;;No;No;;auto-extracted from references;;;FALSE;;external
Soldt2010_TheCityAdm;Soldt;The City Administration of Ugarit;2010;;;;;;;;;No;No;;auto-extracted from references;;;FALSE;;external
Vidal2006_TheOrigins;Vidal;The Origins of the Last Ugaritic Dynasty;2006;;;;;;;;;No;No;;auto-extracted from references;;;FALSE;;external
Vidal2014_OntheDemog;Vidal;On the Demography of Ugaritian Villages;2014;;;;;;;;;No;No;;auto-extracted from references;;;FALSE;;external
Vieweger2012_DieKultaus;Vieweger;Die Kultausstattung ‘philistäischer’ Heiligtümer in Palästina;2012;;;;;;;;;No;No;;auto-extracted from references;;;FALSE;;external
Whitelaw2004_Estimating;Whitelaw;Estimating the Population of Neopalatial Knossos;2004;;;;;;;;;No;No;;auto-extracted from references;;;FALSE;;external
Unknown2012_Organizati;Unknown;Organization, Representation, and Symbols of Power in the Ancient Near East;2012;;;;;;;;;No;No;;auto-extracted from references;;;FALSE;;external
Wirth1997_Kontinuita;Wirth;Kontinuität und Wandel der orientalischen Stadt;1997;;;;;;;;;No;No;;auto-extracted from references;;;FALSE;;external
Wright2002_ATaleofThr;Wright;A Tale of Three Cities;2002;;;;;;;;;No;No;;auto-extracted from references;;;FALSE;;external
Wyatt1998_ReligiousT;Wyatt;Religious Texts from Ugarit;1998;;;;;;;;;No;No;;auto-extracted from references;;;FALSE;;external
Wyatt2005_TheReligio;Wyatt;The Religious Role of the King in Ugarit;2005;;;;;;;;;No;No;;auto-extracted from references;;;FALSE;;external
Wyatt2017_NationalMe;Wyatt;National Memory, Seismic Activity at Ras Shamra and the Composition of the Baal Cycle;2017;;;;;;;;;No;No;;auto-extracted from references;;;FALSE;;external
Wyatt2018_TheBaalauF;Wyatt;The Baʿal au Foudre Stela and Its Historical Context;2018;;;;;;;;;No;No;;auto-extracted from references;;;FALSE;;external
Yasur-Landau2017_CeramicAss;Yasur-Landau;Ceramic Assemblages of MB and LB Palaces and Temples;2017;;;;;;;;;No;No;;auto-extracted from references;;;FALSE;;external
Yener2017_CultandRit;Yener;Cult and Ritual at Late Bronze Age II Alalakh;2017;;;;;;;;;No;No;;auto-extracted from references;;;FALSE;;external
Yon1991_Lesstelesd;Yon;Les stèles de pierre;1991;;;;;;;;;No;No;;auto-extracted from references;;;FALSE;;external
Yon1992_UgaritTheU;Yon;Ugarit: The Urban Habitat;1992;;;;;;;;;No;No;;auto-extracted from references;;;FALSE;;external
Yon1997_LhabitataO;Yon;L’habitat à Ougarit à la fin du Bronze Récent;1997;;;;;;;;;No;No;;auto-extracted from references;;;FALSE;;external
Yoshinobu1970_ExteriorDe;Yoshinobu;Exterior Design in Architecture;1970;;;;;;;;;No;No;;auto-extracted from references;;;FALSE;;external
Zaccagnini1977_PferdeundS;Zaccagnini;Pferde und Streitwagen in Nuzi;1977;;;;;;;;;No;No;;auto-extracted from references;;;FALSE;;external
Zaccagnini1989_Markt;Zaccagnini;Markt;1989;;;;;;;;;No;No;;auto-extracted from references;;;FALSE;;external
Zaccagnini2020_PompandCir;Zaccagnini;Pomp and Circumstance at Nuzi;2020;;;;;;;;;No;No;;auto-extracted from references;;;FALSE;;external
Zamora2000_Lavidyelvi;Zamora;La vid y el vino en Ugarit;2000;;;;;;;;;No;No;;auto-extracted from references;;;FALSE;;external
Zamora2003_Elanforaca;Zamora;El ‘ánfora cananea’;2003;;;;;;;;;No;No;;auto-extracted from references;;;FALSE;;external
Zamora2004_Usodocumen;Zamora;Uso documental y funcionamiento administrativo en Ugarit;2004;;;;;;;;;No;No;;auto-extracted from references;;;FALSE;;external
Zamora2005_LebrieteaO;Zamora;L’ébriété à Ougarit et la Bible;2005;;;;;;;;;No;No;;auto-extracted from references;;;FALSE;;external
Zuckerman2007_Feastingin;Zuckerman;Feasting in Late Bronze Age Hazor;2007;;;;;;;;;No;No;;auto-extracted from references;;;FALSE;;external
Zuckerman2010_TheCityIts;Zuckerman;The City, Its Gods Will Return There;2010;;;;;;;;;No;No;;auto-extracted from references;;;FALSE;;external
Beaulieu2013_AspectsofA;Beaulieu;Aspects of Aramaic and Babylonian Linguistic Interaction in the First Millennium BC Iraq;2013;;;;;;;;;No;No;;auto-extracted from references;;;FALSE;;external
Biggs1967_SemiticNam;Biggs;Semitic Names in the Fara Period;1967;;;;;;;;;No;No;;auto-extracted from references;;;FALSE;;external
Crisostomo2015_LanguageWr;Crisostomo;Language, Writing, and Ideologies in Contact: Sumerian and Akkadian in the Early Second Millennium BCE;2015;;;;;;;;;No;No;;auto-extracted from references;;;FALSE;;external
Ferguson1991_DiglossiaR;Ferguson;Diglossia Revisited;1991;;;;;;;;;No;No;;auto-extracted from references;;;FALSE;;external
Fewster2002_Bilinguali;Fewster;Bilingualism in Roman Egypt;2002;;;;;;;;;No;No;;auto-extracted from references;;;FALSE;;external
Fishman1967_Bilinguali;Fishman;"Bilingualism With and Without Diglossia; Diglossia With and Without Bilingualism";1967;;;;;;;;;No;No;;auto-extracted from references;;;FALSE;;external
Folmer1995_TheAramaic;Folmer;The Aramaic Language in the Achaemenid Period: A Study in Linguistic Variation;1995;;;;;;;;;No;No;;auto-extracted from references;;;FALSE;;external
Galter1995_CuneiformB;Galter;Cuneiform Bilingual Inscriptions;1995;;;;;;;;;No;No;;auto-extracted from references;;;FALSE;;external
Gzella2015_ACulturalH;Gzella;A Cultural History of Aramaic: From the Beginnings to the Advent of Islam;2015;;;;;;;;;No;No;;auto-extracted from references;;;FALSE;;external
Krebernik1998_DieTexteau;Krebernik;Die Texte aus Fāra und Tell Abū Ṣalābīḫ;1998;;;;;;;;;No;No;;auto-extracted from references;;;FALSE;;external
Langslow2002_Approachin;Langslow;Approaching Bilingualism in Corpus Languages;2002;;;;;;;;;No;No;;auto-extracted from references;;;FALSE;;external
Unknown2014_TheAramaea;Unknown;The Aramaeans in Ancient Syria;2014;;;;;;;;;No;No;;auto-extracted from references;;;FALSE;;external
Paulston2000_LanguageRe;Paulston;Language Repertoire and Diglossia in First-Century Palestine: Some Comments;2000;;;;;;;;;No;No;;auto-extracted from references;;;FALSE;;external
Pitard1994_Arameans;Pitard;Arameans;1994;;;;;;;;;No;No;;auto-extracted from references;;;FALSE;;external
Porter2000_TheFunctio;Porter;The Functional Distribution of Koine Greek in First-Century Palestine;2000;;;;;;;;;No;No;;auto-extracted from references;;;FALSE;;external
Rendsburg1990_Diglossiai;Rendsburg;Diglossia in Ancient Hebrew;1990;;;;;;;;;No;No;;auto-extracted from references;;;FALSE;;external
Schendl2014_Multilingu;Schendl;Multilingualism, Code-Switching, and Language Contact in Historical Sociolinguistics;2014;;;;;;;;;No;No;;auto-extracted from references;;;FALSE;;external
Smith2000_TheQuestio;Smith;The Question of Diglossia in Hebrew;2000;;;;;;;;;No;No;;auto-extracted from references;;;FALSE;;external
Spolsky1991_Diglossiai;Spolsky;Diglossia in Hebrew in the Late Second Temple Period;1991;;;;;;;;;No;No;;auto-extracted from references;;;FALSE;;external
Streck2011_Akkadianan;Streck;Akkadian and Aramaic Language Contact;2011;;;;;;;;;No;No;;auto-extracted from references;;;FALSE;;external
Tadmor1987_TheAramaiz;Tadmor;The Aramaization of Assyria: Aspects of Western Impact;1987;;;;;;;;;No;No;;auto-extracted from references;;;FALSE;;external
Taylor2002_Bilinguali;Taylor;Bilingualism and Diglossia in Late Antique Syria and Mesopotamia;2002;;;;;;;;;No;No;;auto-extracted from references;;;FALSE;;external
Vanstiphout1999_TheTwinTon;Vanstiphout;The Twin Tongues: Theory, Technique, and Practice of Bilingualism in Ancient Mesopotamia;1999;;;;;;;;;No;No;;auto-extracted from references;;;FALSE;;external
Versteegh2002_DeadorAliv;Versteegh;Dead or Alive? The Status of the Standard Language;2002;;;;;;;;;No;No;;auto-extracted from references;;;FALSE;;external
Watt2000_TheCurrent;Watt;The Current Landscape of Diglossia Studies: The Diglossic Continuum in First-Century Palestine;2000;;;;;;;;;No;No;;auto-extracted from references;;;FALSE;;external
Weinreich1968_Languagesi;Weinreich;Languages in Contact: Findings and Problems;1968;;;;;;;;;No;No;;auto-extracted from references;;;FALSE;;external
Zolyomi2011_Akkadianan;Zólyomi;Akkadian and Sumerian Language Contact;2011;;;;;;;;;No;No;;auto-extracted from references;;;FALSE;;external
Behrens1993_TemporalRe;Behrens;Temporal Reference in German Child Language;1993;;;;;;;;;No;No;;auto-extracted from references;;;FALSE;;external
Birdsong1992_UltimateAt;Birdsong;Ultimate Attainment in Second Language Acquisition;1992;;;;;;;;;No;No;;auto-extracted from references;;;FALSE;;external
Bowerman1991_Cognition;Bowerman;Cognition;1991;;;;;;;;;No;No;;auto-extracted from references;;;FALSE;;external
Broeder1988_Processesi;Broeder;Processes in the Developing Lexicon;1988;;;;;;;;;No;No;;auto-extracted from references;;;FALSE;;external
Chomsky1985_Knowledgeo;Chomsky;Knowledge of Language;1985;;;;;;;;;No;No;;auto-extracted from references;;;FALSE;;external
Dietrich1994_Temporalit;Dietrich;Temporality in Second Language Acquisition;1994;;;;;;;;;No;No;;auto-extracted from references;;;FALSE;;external
Unknown1984_FirstLangu;Unknown;First Language Acquisition;1984;;;;;;;;;No;No;;auto-extracted from references;;;FALSE;;external
Unknown1975_Heidelberg;Unknown;Heidelberger Forschungsprojekt “Pidgin-Deutsch;1975;;;;;;;;;No;No;;auto-extracted from references;;;FALSE;;external
Unknown1986_Crosslingu;Unknown;Crosslinguistic Influence in Second Language Acquisition;1986;;;;;;;;;No;No;;auto-extracted from references;;;FALSE;;external
Klein1992_UtteranceS;Klein;Utterance Structure;1992;;;;;;;;;No;No;;auto-extracted from references;;;FALSE;;external
Lamendella1977_GeneralPri;Lamendella;General Principles of Neurofunctional Organization and Their Manifestation in Primary and Non-Primary Language Acquisition;1977;;;;;;;;;No;No;;auto-extracted from references;;;FALSE;;external
Lenneberg1967_Biological;Lenneberg;Biological Foundations of Language;1967;;;;;;;;;No;No;;auto-extracted from references;;;FALSE;;external
Long1990_Maturation;Long;Maturational Constraints on Language Development;1990;;;;;;;;;No;No;;auto-extracted from references;;;FALSE;;external
Neufeld1979_TowardsaTh;Neufeld;Towards a Theory of Language Learning Ability;1979;;;;;;;;;No;No;;auto-extracted from references;;;FALSE;;external
Unknown1993_AdultSecon;Unknown;Adult Second Language Acquisition;1993;;;;;;;;;No;No;;auto-extracted from references;;;FALSE;;external
Pulvermuller1993_Neurobiolo;Pulvermüller;Neurobiological Mechanisms of Language Acquisition;1993;;;;;;;;;No;No;;auto-extracted from references;;;FALSE;;external
Roche1989_Xenolekte;Roche;Xenolekte;1989;;;;;;;;;No;No;;auto-extracted from references;;;FALSE;;external
Schumann1978_ThePidgini;Schumann;The Pidginization Process;1978;;;;;;;;;No;No;;auto-extracted from references;;;FALSE;;external
Unknown1986_TheCrossli;Unknown;The Crosslinguistic Study of Language Acquisition;1986;;;;;;;;;No;No;;auto-extracted from references;;;FALSE;;external
Stutterheim1986_Temporalit;Stutterheim;Temporalität in der Zweitsprache;1986;;;;;;;;;No;No;;auto-extracted from references;;;FALSE;;external
Weist1984_TenseandAs;Weist;Tense and Aspect;1984;;;;;;;;;No;No;;auto-extracted from references;;;FALSE;;external
Unknown1992_Theoretica;Unknown;Theoretical Issues in Language Acquisition;1992;;;;;;;;;No;No;;auto-extracted from references;;;FALSE;;external
Bongenaar1997_TheNeoBaby;Bongenaar;The Neo-Babylonian Ebabbar Temple at Sippar: Its Administration and Its Prosopography;1997;;;;;;;;;No;No;;auto-extracted from references;;;FALSE;;external
Bongenaar2000_Interdepen;Bongenaar;Interdependency of Institutions and Private Entrepreneurs;2000;;;;;;;;;No;No;;auto-extracted from references;;;FALSE;;external
Brown2000_Mesopotami;Brown;Mesopotamian Planetary Astronomy–Astrology;2000;;;;;;;;;No;No;;auto-extracted from references;;;FALSE;;external
Dalley1998_TheLegacyo;Dalley;The Legacy of Mesopotamia;1998;;;;;;;;;No;No;;auto-extracted from references;;;FALSE;;external
Dandamayev1992_WasEannaDe;Dandamayev;Was Eanna Destroyed by Darius I?;1992;;;;;;;;;No;No;;auto-extracted from references;;;FALSE;;external
Dandamayev1993_Xerxesandt;Dandamayev;Xerxes and the Esagila Temple in Babylon;1993;;;;;;;;;No;No;;auto-extracted from references;;;FALSE;;external
Dandamayev1995_AnUnidenti;Dandamayev;An Unidentified Document from Xerxes’ Reign and the Ebabbara Temple;1995;;;;;;;;;No;No;;auto-extracted from references;;;FALSE;;external
Driel1998_TheCareoft;Driel;The Care of the Elderly: The Neo-Babylonian Period;1998;;;;;;;;;No;No;;auto-extracted from references;;;FALSE;;external
Driel1994_Bookkeepin;Driel;Bookkeeping Practices for an Institutional Herd at Eanna;1994;;;;;;;;;No;No;;auto-extracted from references;;;FALSE;;external
Frame1991_NabonidusN;Frame;Nabonidus, Nabû-šar-uṣur, and the Eanna Temple;1991;;;;;;;;;No;No;;auto-extracted from references;;;FALSE;;external
Graziani1986_Itestimeso;Graziani;I testi mesopotamici datati al regno di Serse;1986;;;;;;;;;No;No;;auto-extracted from references;;;FALSE;;external
Hunger1968_Assyrische;Hunger;Assyrische und babylonische Kolophone;1968;;;;;;;;;No;No;;auto-extracted from references;;;FALSE;;external
Joannes1995_Lextinctio;Joannès;L’extinction des archives cunéiformes dans la seconde partie de l’époque perse;1995;;;;;;;;;No;No;;auto-extracted from references;;;FALSE;;external
Jursa1995_DieLandwir;Jursa;Die Landwirtschaft in Sippar in neubabylonischer Zeit;1995;;;;;;;;;No;No;;auto-extracted from references;;;FALSE;;external
Jursa1998_DerTempelz;Jursa;Der Tempelzehnt in Babylonien vom siebenten bis zum dritten Jahrhundert v;1998;;;;;;;;;No;No;;auto-extracted from references;;;FALSE;;external
Jursa1999_DasArchivd;Jursa;Das Archiv des Bēl-rēmanni;1999;;;;;;;;;No;No;;auto-extracted from references;;;FALSE;;external
Kuhrt1987_XerxesDest;Kuhrt;Xerxes’ Destruction of Babylonian Temples;1987;;;;;;;;;No;No;;auto-extracted from references;;;FALSE;;external
Kuhrt1994_TheTransit;Kuhrt;The Transition from Achaemenid to Seleucid Rule in Babylonia: Revolution or Evolution?;1994;;;;;;;;;No;No;;auto-extracted from references;;;FALSE;;external
MacGinnis1991_NeoBabylon;MacGinnis;Neo-Babylonian Prebend Texts from the British Museum;1991;;;;;;;;;No;No;;auto-extracted from references;;;FALSE;;external
MacGinnis1994_TheRoyalEs;MacGinnis;The Royal Establishment in Sippar in the Sixth Century BC;1994;;;;;;;;;No;No;;auto-extracted from references;;;FALSE;;external
MacGinnis1995_LetterOrde;MacGinnis;Letter Orders from Sippar and the Administration of the Ebabbara in the Late Babylonian Period;1995;;;;;;;;;No;No;;auto-extracted from references;;;FALSE;;external
MacGinnis1996_Lettersfro;MacGinnis;Letters from the Neo-Babylonian Ebabbara;1996;;;;;;;;;No;No;;auto-extracted from references;;;FALSE;;external
MacGinnis1998_Orderingth;MacGinnis;Ordering the House of Šamaš: Management Texts from the Neo-Babylonian Ebabbara;1998;;;;;;;;;No;No;;auto-extracted from references;;;FALSE;;external
MacGinnis1999_Additional;MacGinnis;Additional Prebend Texts from the British Museum;1999;;;;;;;;;No;No;;auto-extracted from references;;;FALSE;;external
Maul1999_Gottesdien;Maul;Gottesdienst im Sonnenheiligtum zu Sippar;1999;;;;;;;;;No;No;;auto-extracted from references;;;FALSE;;external
Millard1964_AnotherBab;Millard;Another Babylonian Chronicle Text;1964;;;;;;;;;No;No;;auto-extracted from references;;;FALSE;;external
Nemet-Nejat2000_AnAdminist;Nemet-Nejat;An Administrative Text about Writing Boards (557 B.C.E;2000;;;;;;;;;No;No;;auto-extracted from references;;;FALSE;;external
Neve1991_DieAusgrab;Neve;Die Ausgrabungen in Boğazköy-Hattuša 1990;1991;;;;;;;;;No;No;;auto-extracted from references;;;FALSE;;external
Oelsner1971_WarNippurS;Oelsner;War Nippur Sitz einer spätbabylonischen Astronomenschule?;1971;;;;;;;;;No;No;;auto-extracted from references;;;FALSE;;external
Oelsner1986_Materialie;Oelsner;Materialien zur Gesellschaft und Kultur in hellenistischer Zeit;1986;;;;;;;;;No;No;;auto-extracted from references;;;FALSE;;external
Oelsner1992_ReviewofCa;Oelsner;Review of Catalogue of the Babylonian Tablets in the British Museum;1992;;;;;;;;;No;No;;auto-extracted from references;;;FALSE;;external
Oelsner1999_ReviewofMa;Oelsner;Review of MacGinnis, Letter Orders from Sippar;1999;;;;;;;;;No;No;;auto-extracted from references;;;FALSE;;external
Parpola1983_AssyrianLi;Parpola;Assyrian Library Records;1983;;;;;;;;;No;No;;auto-extracted from references;;;FALSE;;external
Payton1991_TheUluburu;Payton;The Uluburun Writing-Board Set;1991;;;;;;;;;No;No;;auto-extracted from references;;;FALSE;;external
Radner1999_Einneuassy;Radner;Ein neuassyrisches Privatarchiv der Tempelgoldschmiede von Assur;1999;;;;;;;;;No;No;;auto-extracted from references;;;FALSE;;external
Reade1986_RassamsBab;Reade;Rassam’s Babylonian Collections: The Excavations and the Archives;1986;;;;;;;;;No;No;;auto-extracted from references;;;FALSE;;external
Sachs1988_Astronomic;Sachs;Astronomical Diaries and Related Texts from Babylonia I: Diaries from 652–262 BC;1988;;;;;;;;;No;No;;auto-extracted from references;;;FALSE;;external
Stolper1989_Registrati;Stolper;Registration and Taxation of Slave Sales in Achaemenid Babylonia;1989;;;;;;;;;No;No;;auto-extracted from references;;;FALSE;;external
Stolper1993_LateAchaem;Stolper;Late Achaemenid, Early Macedonian, and Early Seleucid Records of Sale, Deposits and Related Texts;1993;;;;;;;;;No;No;;auto-extracted from references;;;FALSE;;external
Stolper1994_OnSomeAspe;Stolper;On Some Aspects of Continuity between Achaemenid and Hellenistic Babylonian Legal Texts;1994;;;;;;;;;No;No;;auto-extracted from references;;;FALSE;;external
Stolper1998_ReviewofJu;Stolper;Review of Jursa, Die Landwirtschaft in Sippar in neubabylonischer Zeit;1998;;;;;;;;;No;No;;auto-extracted from references;;;FALSE;;external
Spek1992_NippurSipp;Spek;Nippur, Sippar and Larsa in the Hellenistic Period;1992;;;;;;;;;No;No;;auto-extracted from references;;;FALSE;;external
Warnock1991_TheWoodoft;Warnock;The Wood of the Uluburun Diptych;1991;;;;;;;;;No;No;;auto-extracted from references;;;FALSE;;external
Weszeli1997_EseleienII;Weszeli;Eseleien II;1997;;;;;;;;;No;No;;auto-extracted from references;;;FALSE;;external
Wiseman1995_Nebuchadre;Wiseman;Nebuchadrezzar and Babylon;1995;;;;;;;;;No;No;;auto-extracted from references;;;FALSE;;external
Adams1972_TheUrukCou;Adams;The Uruk Countryside: The Natural Setting of Urban Societies;1972;;;;;;;;;No;No;;auto-extracted from references;;;FALSE;;external
Algaze1983_PrivateHou;Algaze;Private Houses and Graves at Ingharra: A Reconsideration;1983;;;;;;;;;No;No;;auto-extracted from references;;;FALSE;;external
Andrae1903_Ausgrabung;Andrae;Ausgrabungen in Fara und Abu Hatab;1903;;;;;;;;;No;No;;auto-extracted from references;;;FALSE;;external
Charvat1979_EarlyUr;Charvát;Early Ur;1979;;;;;;;;;No;No;;auto-extracted from references;;;FALSE;;external
Charvat1982_EarlyUrWar;Charvát;Early Ur? War Chiefs and Kings of Early Dynastic III;1982;;;;;;;;;No;No;;auto-extracted from references;;;FALSE;;external
Charvat1986_TheNameAnz;Charvát;The Name Anzu-dŠulpae in the Texts from Fara;1986;;;;;;;;;No;No;;auto-extracted from references;;;FALSE;;external
Charvat1988_Archaeolog;Charvát;Archaeology and Social History: The Susa Sealings, ca. 4000–2340 B.C;1988;;;;;;;;;No;No;;auto-extracted from references;;;FALSE;;external
Curvers1990_Excavation;Curvers;Excavations at Tell al-Riqāʿī: A Small Rural Site of Early Urban Northern Mesopotamia;1990;;;;;;;;;No;No;;auto-extracted from references;;;FALSE;;external
Delougaz1942_PreSargoni;Delougaz;Pre-Sargonid Temples in the Diyala Region;1942;;;;;;;;;No;No;;auto-extracted from references;;;FALSE;;external
Diakonoff1963_TheCommune;Diakonoff;The Commune in the Ancient Near East as Treated in the Works of Soviet Researchers;1963;;;;;;;;;No;No;;auto-extracted from references;;;FALSE;;external
Edzard1979_DieArchive;Edzard;Die Archive von Šuruppag (Fara): Umfang und Grenzen der Auswertbarkeit;1979;;;;;;;;;No;No;;auto-extracted from references;;;FALSE;;external
Fiandra1975_Ancoraapro;Fiandra;Ancora a proposito delle cretule di Festòs;1975;;;;;;;;;No;No;;auto-extracted from references;;;FALSE;;external
Foster1981_ANewLookat;Foster;A New Look at the Sumerian Temple State;1981;;;;;;;;;No;No;;auto-extracted from references;;;FALSE;;external
Unknown1981_Preliminar;Unknown;Preliminary Report of Excavations at Gubba and Songor;1981;;;;;;;;;No;No;;auto-extracted from references;;;FALSE;;external
Gelb1979_Householda;Gelb;Household and Family in Early Mesopotamia;1979;;;;;;;;;No;No;;auto-extracted from references;;;FALSE;;external
Unknown1981_UchTepeITe;Unknown;Uch Tepe I: Tell Razuk, Tell Ahmed al-Mughir, Tell Ajamat;1981;;;;;;;;;No;No;;auto-extracted from references;;;FALSE;;external
Hansen1973_AlHiba1970;Hansen;Al-Hiba, 1970–1971: A Preliminary Report;1973;;;;;;;;;No;No;;auto-extracted from references;;;FALSE;;external
Heinrich1931_FaraErgebn;Heinrich;Fara: Ergebnisse der Ausgrabungen der Deutschen Orient-Gesellschaft in Fara und Abu Hatab 1902/03;1931;;;;;;;;;No;No;;auto-extracted from references;;;FALSE;;external
Henrickson1981_NonReligio;Henrickson;Non-Religious Residential Settlement Patterning in the Late Early Dynastic of the Diyala Region;1981;;;;;;;;;No;No;;auto-extracted from references;;;FALSE;;external
Jacobsen1957_EarlyPolit;Jacobsen;Early Political Development in Mesopotamia;1957;;;;;;;;;No;No;;auto-extracted from references;;;FALSE;;external
Legrain1936_UrExcavati;Legrain;Ur Excavations III: Archaic Seal Impressions;1936;;;;;;;;;No;No;;auto-extracted from references;;;FALSE;;external
Madhlum1960_TheExcavat;Madhlum;The Excavations at Tell al-Wilayah;1960;;;;;;;;;No;No;;auto-extracted from references;;;FALSE;;external
Maekawa1973_TheDevelop;Maekawa;The Development of the É-MI in Lagash during Early Dynastic III;1973;;;;;;;;;No;No;;auto-extracted from references;;;FALSE;;external
Margueron1982_Recherches;Margueron;Recherches sur les palais mésopotamiens de l’âge du bronze;1982;;;;;;;;;No;No;;auto-extracted from references;;;FALSE;;external
Martin1975_TheTablets;Martin;The Tablets of Shuruppak;1975;;;;;;;;;No;No;;auto-extracted from references;;;FALSE;;external
Martin1988_FaraARecon;Martin;Fara: A Reconstruction of the Ancient Mesopotamian City of Shuruppak;1988;;;;;;;;;No;No;;auto-extracted from references;;;FALSE;;external
Matthews1989_ClaySealin;Matthews;Clay Sealings in Early Dynastic Mesopotamia: A Functional and Contextual Approach;1989;;;;;;;;;No;No;;auto-extracted from references;;;FALSE;;external
Matthews1990_Excavation;Matthews;Excavations at Jemdet Nasr, 1989;1990;;;;;;;;;No;No;;auto-extracted from references;;;FALSE;;external
Matthews0_AbuSalabik;Matthews;Abu Salabikh Ash Tip Sealings: Functional and Contextual Analyses;0000;;;;;;;;;No;No;;auto-extracted from references;;;FALSE;;external
Moorey1964_ThePlanoCo;Moorey;The ‘Plano-Convex Building’ at Kish and Early Mesopotamian Palaces;1964;;;;;;;;;No;No;;auto-extracted from references;;;FALSE;;external
Moorey1978_KishExcava;Moorey;Kish Excavations 1923–1933;1978;;;;;;;;;No;No;;auto-extracted from references;;;FALSE;;external
Nissen1987_TheUrbanRe;Nissen;The Urban Revolution of Mesopotamia Reconsidered;1987;;;;;;;;;No;No;;auto-extracted from references;;;FALSE;;external
Pomponio1983_Archivesan;Pomponio;‘Archives’ and the Prosopography of Fara;1983;;;;;;;;;No;No;;auto-extracted from references;;;FALSE;;external
Postgate1980_Excavation;Postgate;Excavations at Abu Salabikh, 1978–79;1980;;;;;;;;;No;No;;auto-extracted from references;;;FALSE;;external
Postgate1990_Excavation;Postgate;Excavations at Abu Salabikh, 1988–89;1990;;;;;;;;;No;No;;auto-extracted from references;;;FALSE;;external
Powell1973_ReviewofCu;Powell;Review of Cuneiform Texts from Babylonian Tablets in the British Museum L, by Edmond Sollberger;1973;;;;;;;;;No;No;;auto-extracted from references;;;FALSE;;external
Rathje1977_NewTricksf;Rathje;New Tricks for Old Seals: A Progress Report;1977;;;;;;;;;No;No;;auto-extracted from references;;;FALSE;;external
Roaf1982_TheHamrinS;Roaf;The Hamrin Sites;1982;;;;;;;;;No;No;;auto-extracted from references;;;FALSE;;external
Roaf1989_SocialOrga;Roaf;Social Organization and Social Activities at Tell Madhhur;1989;;;;;;;;;No;No;;auto-extracted from references;;;FALSE;;external
Safar1981_Eridu;Safar;Eridu;1981;;;;;;;;;No;No;;auto-extracted from references;;;FALSE;;external
Schmidt1931_Excavation;Schmidt;Excavations at Fara, 1931;1931;;;;;;;;;No;No;;auto-extracted from references;;;FALSE;;external
Wilson1986_NippurTheD;Wilson;Nippur: The Definition of a Mesopotamian Jamdat Nasr Assemblage;1986;;;;;;;;;No;No;;auto-extracted from references;;;FALSE;;external
Wright1969_TheAdminis;Wright;The Administration of Rural Production in an Early Mesopotamian Town;1969;;;;;;;;;No;No;;auto-extracted from references;;;FALSE;;external
Yamamoto1980_TheAgricul;Yamamoto;The ‘Agricultural Year’ in Pre-Sargonic Girsu-Lagash (II;1980;;;;;;;;;No;No;;auto-extracted from references;;;FALSE;;external
Yamamoto1981_TheLuKUR6d;Yamamoto;The Lú-KUR6-dab5-ba People in the É-mí-šèd-ba in Pre-Sargonic Lagash;1981;;;;;;;;;No;No;;auto-extracted from references;;;FALSE;;external
Zettler1987_Sealingsas;Zettler;Sealings as Artifacts of Institutional Administration in Ancient Mesopotamia;1987;;;;;;;;;No;No;;auto-extracted from references;;;FALSE;;external
Adams1981_Heartlando;Adams;Heartland of Cities: Surveys of Ancient Settlement and Land Use on the Central Floodplain of the Euphrates;1981;;;;;;;;;No;No;;auto-extracted from references;;;FALSE;;external
Adams2006_Shepherdsa;Adams;Shepherds at Umma in the Third Dynasty of Ur: Interlocutors with a World beyond the Scribal Field of Ordered Vision;2006;;;;;;;;;No;No;;auto-extracted from references;;;FALSE;;external
Adams2008_AnInterdis;Adams;An Interdisciplinary Overview of a Mesopotamian City and its Hinterlands;2008;;;;;;;;;No;No;;auto-extracted from references;;;FALSE;;external
Akinnaso1992_SchoolingL;Akinnaso;Schooling, Language, and Knowledge in Literate and Nonliterate Societies;1992;;;;;;;;;No;No;;auto-extracted from references;;;FALSE;;external
Bauml1980_Varietiesa;Bäuml;Varieties and Consequences of Medieval Literacy and Illiteracy;1980;;;;;;;;;No;No;;auto-extracted from references;;;FALSE;;external
Cavalli-Sforza1981_CulturalTr;Cavalli-Sforza;Cultural Transmission and Evolution: A Quantitative Approach;1981;;;;;;;;;No;No;;auto-extracted from references;;;FALSE;;external
Charpin2009_SchreiberS;Charpin;Schreiber (Scribe) B. Altbabylonisch;2009;;;;;;;;;No;No;;auto-extracted from references;;;FALSE;;external
Civil1969_TheSeriesl;Civil;The Series lú = ša and Related Texts;1969;;;;;;;;;No;No;;auto-extracted from references;;;FALSE;;external
Civil1977_Lexicograp;Civil;Lexicography;1977;;;;;;;;;No;No;;auto-extracted from references;;;FALSE;;external
Civil1979_EanaquAaAn;Civil;Ea = nâqu, Aa A = nâqu, with Their Forerunners and Related Texts;1979;;;;;;;;;No;No;;auto-extracted from references;;;FALSE;;external
Civil2009_TheMesopot;Civil;The Mesopotamian Lexical Lists: Authors and Commentators;2009;;;;;;;;;No;No;;auto-extracted from references;;;FALSE;;external
Collins1996_Socializat;Collins;Socialization to Text: Structure and Contradiction in Schooled Literacy;1996;;;;;;;;;No;No;;auto-extracted from references;;;FALSE;;external
Clifford1984_BookandRea;Clifford;Book and Reading: Historical Perspectives on Literacy and Schooling;1984;;;;;;;;;No;No;;auto-extracted from references;;;FALSE;;external
Cig1959_Zweialtbab;Çiğ;Zwei altbabylonische Schulbücher aus Nippur;1959;;;;;;;;;No;No;;auto-extracted from references;;;FALSE;;external
Dalley2009_Babylonian;Dalley;Babylonian Tablets from the First Sealand Dynasty in the Schøyen Collection;2009;;;;;;;;;No;No;;auto-extracted from references;;;FALSE;;external
Dobbert1984_CulturalTr;Dobbert;Cultural Transmission in Three Societies;1984;;;;;;;;;No;No;;auto-extracted from references;;;FALSE;;external
Finkel1999_OnSomeDogS;Finkel;On Some Dog, Snake and Scorpion Incantations;1999;;;;;;;;;No;No;;auto-extracted from references;;;FALSE;;external
Friberg2009_AGeometric;Friberg;A Geometric Algorithm;2009;;;;;;;;;No;No;;auto-extracted from references;;;FALSE;;external
Friedrich1989_LanguageId;Friedrich;Language, Ideology, and Political Economy;1989;;;;;;;;;No;No;;auto-extracted from references;;;FALSE;;external
Gladwin1970_EastIsaBig;Gladwin;East Is a Big Bird;1970;;;;;;;;;No;No;;auto-extracted from references;;;FALSE;;external
Glassner2009_Ecriredesl;Glassner;Écrire des livres à l’époque paléo-babylonienne;2009;;;;;;;;;No;No;;auto-extracted from references;;;FALSE;;external
Krecher1966_Sumerische;Krecher;Sumerische Kultlyrik;1966;;;;;;;;;No;No;;auto-extracted from references;;;FALSE;;external
Landsberger1955_Remarksont;Landsberger;Remarks on the Archive of the Soldier Ubarum;1955;;;;;;;;;No;No;;auto-extracted from references;;;FALSE;;external
Lewy1938_NotesonPre;Lewy;Notes on Pre-Hurrian Texts from Nuzi;1938;;;;;;;;;No;No;;auto-extracted from references;;;FALSE;;external
Lion2005_Quelqueste;Lion;Quelques textes scolaires paléobabyloniens;2005;;;;;;;;;No;No;;auto-extracted from references;;;FALSE;;external
Unknown1995_Authoritya;Unknown;Authority and Orality in the Mahāyāna;1995;;;;;;;;;No;No;;auto-extracted from references;;;FALSE;;external
Lotman1978_OntheSemio;Lotman;On the Semiotic Mechanism of Culture;1978;;;;;;;;;No;No;;auto-extracted from references;;;FALSE;;external
Lozada2006_CulturalTr;Lozada;Cultural Transmission of Ethnobotanical Knowledge;2006;;;;;;;;;No;No;;auto-extracted from references;;;FALSE;;external
Ludwig2009_Literarisc;Ludwig;Literarische Texte aus Ur;2009;;;;;;;;;No;No;;auto-extracted from references;;;FALSE;;external
Michalowski1983_ReviewofBr;Michalowski;Review of Briefe aus dem Iraq Museum;1983;;;;;;;;;No;No;;auto-extracted from references;;;FALSE;;external
Michalowski1987_Charismaan;Michalowski;Charisma and Control;1987;;;;;;;;;No;No;;auto-extracted from references;;;FALSE;;external
Michalowski1993_TheEarlyMe;Michalowski;The Early Mesopotamian Incantation Tradition;1993;;;;;;;;;No;No;;auto-extracted from references;;;FALSE;;external
Michalowski1996_Mesopotami;Michalowski;Mesopotamian Cuneiform: Origins;1996;;;;;;;;;No;No;;auto-extracted from references;;;FALSE;;external
Michalowski2006_TheLivesof;Michalowski;The Lives of the Sumerian Language;2006;;;;;;;;;No;No;;auto-extracted from references;;;FALSE;;external
Michalowski2009_Observatio;Michalowski;Observations on Divination and Extispicy in Early Mesopotamia;2009;;;;;;;;;No;No;;auto-extracted from references;;;FALSE;;external
Michalowski2011_TheCorresp;Michalowski;The Correspondence of the Kings of Ur;2011;;;;;;;;;No;No;;auto-extracted from references;;;FALSE;;external
Ohgama2010_ScribalSch;Ohgama;Scribal Schooling in Old Babylonian Kish;2010;;;;;;;;;No;No;;auto-extracted from references;;;FALSE;;external
Ong1959_LatinLangu;Ong;Latin Language Study as a Renaissance Puberty Rite;1959;;;;;;;;;No;No;;auto-extracted from references;;;FALSE;;external
Oppenheim1984_AncientMes;Oppenheim;Ancient Mesopotamia: A Portrait of a Dead Civilization;1984;;;;;;;;;No;No;;auto-extracted from references;;;FALSE;;external
Peterson2011_ThePersona;Peterson;The Personal Name Lists;2011;;;;;;;;;No;No;;auto-extracted from references;;;FALSE;;external
Richter2004_Untersuchu;Richter;Untersuchungen zu den lokalen Panthea... Münster;2004;;;;;;;;;No;No;;auto-extracted from references;;;FALSE;;external
Risager2006_Languagean;Risager;Language and Culture;2006;;;;;;;;;No;No;;auto-extracted from references;;;FALSE;;external
Rubio2006_Sulgiandth;Rubio;Šulgi and the Death of Sumerian;2006;;;;;;;;;No;No;;auto-extracted from references;;;FALSE;;external
Scheil1902_Unesaisond;Scheil;Une saison de fouilles à Sippar;1902;;;;;;;;;No;No;;auto-extracted from references;;;FALSE;;external
Seri2012_TheHouseof;Seri;The House of Prisoners;2012;;;;;;;;;No;No;;auto-extracted from references;;;FALSE;;external
Stol2004_Wirtschaft;Stol;Wirtschaft und Gesellschaft in altbabylonischer Zeit;2004;;;;;;;;;No;No;;auto-extracted from references;;;FALSE;;external
Tanret2010_TheExercis;Tanret;The Exercise Tablets from Chantier B in Susa Revisited;2010;;;;;;;;;No;No;;auto-extracted from references;;;FALSE;;external
Thureau-Dangin1914_Fragmentsd;Thureau-Dangin;Fragments des hymnes;1914;;;;;;;;;No;No;;auto-extracted from references;;;FALSE;;external
Tinney2011_TabletsofS;Tinney;Tablets of Schools and Scholars;2011;;;;;;;;;No;No;;auto-extracted from references;;;FALSE;;external
Veenhof2008_TheOldAssy;Veenhof;The Old Assyrian Period;2008;;;;;;;;;No;No;;auto-extracted from references;;;FALSE;;external
Veldhuis1999_Continuity;Veldhuis;Continuity and Change in the Mesopotamian Lexical Tradition;1999;;;;;;;;;No;No;;auto-extracted from references;;;FALSE;;external
Veldhuis2006_HowtoClass;Veldhuis;How to Classify Pigs;2006;;;;;;;;;No;No;;auto-extracted from references;;;FALSE;;external
Waetzoldt2009_SchreiberA;Waetzoldt;Schreiber. A. Im 3. Jahrtausend;2009;;;;;;;;;No;No;;auto-extracted from references;;;FALSE;;external
Waetzoldt2009_Schule;Waetzoldt;Schule;2009;;;;;;;;;No;No;;auto-extracted from references;;;FALSE;;external
Walker1980_SomeAssyri;Walker;Some Assyrians at Sippar in the Old Babylonian Period;1980;;;;;;;;;No;No;;auto-extracted from references;;;FALSE;;external
Webster2006_Keepingthe;Webster;Keeping the Word;2006;;;;;;;;;No;No;;auto-extracted from references;;;FALSE;;external
Wilson2008_Educationi;Wilson;Education in the Earliest Schools;2008;;;;;;;;;No;No;;auto-extracted from references;;;FALSE;;external
Woods2006_Bilinguali;Woods;Bilingualism, Scribal Learning, and the Death of Sumerian;2006;;;;;;;;;No;No;;auto-extracted from references;;;FALSE;;external
Biggs1976_Inscriptio;Biggs;Inscriptions from Al-Hiba–Lagash: The First and Second Seasons;1976;;;;;;;;;No;No;;auto-extracted from references;;;FALSE;;external
Brisch2007_Traditiona;Brisch;Tradition and the Poetics of Innovation: Sumerian Court Literature of the Larsa Dynasty (ca;2007;;;;;;;;;No;No;;auto-extracted from references;;;FALSE;;external
Cavigneaux1998_AScholarsL;Cavigneaux;A Scholar’s Library in Meturan?;1998;;;;;;;;;No;No;;auto-extracted from references;;;FALSE;;external
Charpin1990_Lesdivinit;Charpin;Les divinités familiales des Babyloniens d’après les légendes de leurs sceaux-cylindres;1990;;;;;;;;;No;No;;auto-extracted from references;;;FALSE;;external
Civil1989_TheTextsfr;Civil;The Texts from Meskene-Emar;1989;;;;;;;;;No;No;;auto-extracted from references;;;FALSE;;external
Cohen1976_LiteraryTe;Cohen;Literary Texts from the Andrews University Archaeological Museum;1976;;;;;;;;;No;No;;auto-extracted from references;;;FALSE;;external
Edzard1984_HymnenBesc;Edzard;Hymnen, Beschwörungen und Verwandtes (aus dem Archiv L. 2769;1984;;;;;;;;;No;No;;auto-extracted from references;;;FALSE;;external
Edzard2004_Altbabylon;Edzard;Altbabylonische Literatur und Religion;2004;;;;;;;;;No;No;;auto-extracted from references;;;FALSE;;external
Finkel1998_OnSomeDogS;Finkel;On Some Dog, Snake and Scorpion Incantations;1998;;;;;;;;;No;No;;auto-extracted from references;;;FALSE;;external
Gadotti2011_HereIsWhat;Gadotti;‘Here Is What I Have. Send Me What I Am Missing’: Exchange of Syllabi in Ancient Mesopotamia;2011;;;;;;;;;No;No;;auto-extracted from references;;;FALSE;;external
Gadotti2012_Unfulfille;Gadotti;Unfulfilled Destinies: Yet Again on the Old Babylonian Sumerian Scribal Curriculum;2012;;;;;;;;;No;No;;auto-extracted from references;;;FALSE;;external
Geller2003_MusicLesso;Geller;Music Lessons;2003;;;;;;;;;No;No;;auto-extracted from references;;;FALSE;;external
Hall1985_AStudyofth;Hall;A Study of the Sumerian Moon-God Nanna/Suen;1985;;;;;;;;;No;No;;auto-extracted from references;;;FALSE;;external
Hallo1968_Individual;Hallo;Individual Prayer in Sumerian: The Continuity of a Tradition;1968;;;;;;;;;No;No;;auto-extracted from references;;;FALSE;;external
Kammerer1998_simamilhaI;Kämmerer;simâ milḫa: Induktion und Rezeption der mittelbabylonischen Dichtung von Ugarit, Emar und Tell el-Amarna;1998;;;;;;;;;No;No;;auto-extracted from references;;;FALSE;;external
Krebernik1997_ZurInterpr;Krebernik;Zur Interpretation von ARET 5, 24–26;1997;;;;;;;;;No;No;;auto-extracted from references;;;FALSE;;external
Krebernik2004_WorterundS;Krebernik;Wörter und Sprichwörter: der zweisprachige Schultext HS 1461;2004;;;;;;;;;No;No;;auto-extracted from references;;;FALSE;;external
Lohnert2008_Scribesand;Löhnert;Scribes and Singers of Emesal Lamentations;2008;;;;;;;;;No;No;;auto-extracted from references;;;FALSE;;external
Lohnert2011_Manipulati;Löhnert;Manipulating the Gods: Lamenting in Context;2011;;;;;;;;;No;No;;auto-extracted from references;;;FALSE;;external
Marchesi1999_NotesonTwo;Marchesi;Notes on Two Alleged Literary Texts from Al-Hiba/Lagaš;1999;;;;;;;;;No;No;;auto-extracted from references;;;FALSE;;external
Michalowski1980_ANewSumeri;Michalowski;A New Sumerian Catalogue from Nippur;1980;;;;;;;;;No;No;;auto-extracted from references;;;FALSE;;external
Michalowski1991_Incantatio;Michalowski;Incantation Incipits;1991;;;;;;;;;No;No;;auto-extracted from references;;;FALSE;;external
Michalowski2010_LearningMu;Michalowski;Learning Music: Schooling, Apprenticeship, and Gender in Early Mesopotamia;2010;;;;;;;;;No;No;;auto-extracted from references;;;FALSE;;external
Peterson2010_ANewOldBab;Peterson;A New Old Babylonian Sumerian Literary ‘Catalog’?;2010;;;;;;;;;No;No;;auto-extracted from references;;;FALSE;;external
Rubio2003_EarlySumer;Rubio;Early Sumerian Literature: Enumerating the Whole;2003;;;;;;;;;No;No;;auto-extracted from references;;;FALSE;;external
Shehata2009_Musikerund;Shehata;Musiker und ihr vokales Repertoire;2009;;;;;;;;;No;No;;auto-extracted from references;;;FALSE;;external
Sjoberg1960_DerMondgot;Sjöberg;Der Mondgott Nanna-Suen in der sumerischen Überlieferung;1960;;;;;;;;;No;No;;auto-extracted from references;;;FALSE;;external
Sjoberg1972_HeIsaGoodS;Sjöberg;‘He Is a Good Seed of a Dog’ and ‘Engardu, the Fool.’;1972;;;;;;;;;No;No;;auto-extracted from references;;;FALSE;;external
Abrahami2012_Larchivede;Abrahami;L’archive de Tulpun-naya. Studies on the Civilization and Culture of Nuzi and the Hurrians 19;2012;;;;;;;;;No;No;;auto-extracted from references;;;FALSE;;external
Archi2003_ArchivalRe;Archi;Archival Record-Keeping at Ebla, 2400–2340 BC;2003;;;;;;;;;No;No;;auto-extracted from references;;;FALSE;;external
Barjamovic2014_TheSizeofK;Barjamovic;The Size of Kanesh and the Demography of Early Middle Bronze Age Anatolia;2014;;;;;;;;;No;No;;auto-extracted from references;;;FALSE;;external
Unknown2003_Archivesan;Unknown;Archives and Archival Tradition: Concepts of Record-Keeping in the Ancient World. Oxford Studies in Ancient Documents;2003;;;;;;;;;No;No;;auto-extracted from references;;;FALSE;;external
Charpin1985_Lesarchive;Charpin;Les archives d’époque assyrienne;1985;;;;;;;;;No;No;;auto-extracted from references;;;FALSE;;external
Clancier2009_Lesbibliot;Clancier;Les bibliothèques en Babylonie dans la deuxième moitié du Ier millénaire av;2009;;;;;;;;;No;No;;auto-extracted from references;;;FALSE;;external
Dercksen2015_TheArchive;Dercksen;The Archives of Ali-ahum (I;2015;;;;;;;;;No;No;;auto-extracted from references;;;FALSE;;external
Erol2015_TheArchive;Erol;The Archives of Šu-Ištar son of Aššur-bāni;2015;;;;;;;;;No;No;;auto-extracted from references;;;FALSE;;external
Unknown2013_Archivesan;Unknown;Archives and Archival Documents in Ancient Societies;2013;;;;;;;;;No;No;;auto-extracted from references;;;FALSE;;external
Grayson1987_AssyrianRu;Grayson;Assyrian Rulers of the Third and Second Millennium BC (to 1115 BC;1987;;;;;;;;;No;No;;auto-extracted from references;;;FALSE;;external
Gunbatti1998_Kultepeden;Günbattı;Kültepe’den Akadlı Sargon’a Ait Bir Tablet;1998;;;;;;;;;No;No;;auto-extracted from references;;;FALSE;;external
Gunbatti2004_TwoTreatyT;Günbattı;Two Treaty Texts Found at Kültepe;2004;;;;;;;;;No;No;;auto-extracted from references;;;FALSE;;external
Hertel2013_OldAssyria;Hertel;Old Assyrian Legal Practices;2013;;;;;;;;;No;No;;auto-extracted from references;;;FALSE;;external
Hertel2014_TheLowerTo;Hertel;The Lower Town of Kültepe;2014;;;;;;;;;No;No;;auto-extracted from references;;;FALSE;;external
Hockmann2010_GraberundG;Hockmann;Gräber und Grüfte in Assur I;2010;;;;;;;;;No;No;;auto-extracted from references;;;FALSE;;external
Jas2000_OldandNewA;Jas;Old and New Archives from Nuzi;2000;;;;;;;;;No;No;;auto-extracted from references;;;FALSE;;external
Kienast2015_Dasaltassy;Kienast;Das altassyrische Eherecht;2015;;;;;;;;;No;No;;auto-extracted from references;;;FALSE;;external
Kraus1968_Briefeausd;Kraus;Briefe aus dem Archive des Šamaš-Hazir. Altbabylonische Briefe 4;1968;;;;;;;;;No;No;;auto-extracted from references;;;FALSE;;external
Kulakoglu2015_CurrentRes;Kulakoğlu;Current Research at Kültepe;2015;;;;;;;;;No;No;;auto-extracted from references;;;FALSE;;external
Kulakoglu2010_Anadolunun;Kulakoğlu;Anadolu’nun Önsözü: Kültepe Kaniš-Karumu;2010;;;;;;;;;No;No;;auto-extracted from references;;;FALSE;;external
Kulakoglu2015_NewEvidenc;Kulakoğlu;New Evidence for International Trade in Bronze Age Central Anatolia;2015;;;;;;;;;No;No;;auto-extracted from references;;;FALSE;;external
Larsen1977_SealUseint;Larsen;Seal Use in the Old Assyrian Period;1977;;;;;;;;;No;No;;auto-extracted from references;;;FALSE;;external
Larsen2008_Archivesan;Larsen;Archives and Filing Systems at Kültepe;2008;;;;;;;;;No;No;;auto-extracted from references;;;FALSE;;external
Larsen2010_KultepeTab;Larsen;Kültepe Tabletleri VI-a: The Archive of Šalim-Aššur;2010;;;;;;;;;No;No;;auto-extracted from references;;;FALSE;;external
Larsen2013_KultepeTab;Larsen;Kültepe Tabletleri VI-b: The Archive of Šalim-Aššur;2013;;;;;;;;;No;No;;auto-extracted from references;;;FALSE;;external
Larsen2014_KultepeTab;Larsen;Kültepe Tabletleri VI-c: The Archive of Šalim-Aššur;2014;;;;;;;;;No;No;;auto-extracted from references;;;FALSE;;external
Unknown2003_Wiedererst;Unknown;Wiedererstehendes Assur;2003;;;;;;;;;No;No;;auto-extracted from references;;;FALSE;;external
Michel1995_Validiteet;Michel;Validité et durée de vie des contrats paléo-assyriens;1995;;;;;;;;;No;No;;auto-extracted from references;;;FALSE;;external
Michel1998_Quelquesre;Michel;Quelques réflexions sur les archives récentes de Kültepe;1998;;;;;;;;;No;No;;auto-extracted from references;;;FALSE;;external
Michel2000_Leslitiges;Michel;Les litiges commerciaux paléo-assyriens;2000;;;;;;;;;No;No;;auto-extracted from references;;;FALSE;;external
Michel2000_Aproposdun;Michel;À propos d’un testament paléo-assyrien;2000;;;;;;;;;No;No;;auto-extracted from references;;;FALSE;;external
Michel2001_Correspond;Michel;Correspondance des marchands de Kaniš;2001;;;;;;;;;No;No;;auto-extracted from references;;;FALSE;;external
Michel2003_OldAssyria;Michel;Old Assyrian Bibliography of Cuneiform Texts;2003;;;;;;;;;No;No;;auto-extracted from references;;;FALSE;;external
Michel2006_OldAssyria;Michel;Old Assyrian Bibliography 1;2006;;;;;;;;;No;No;;auto-extracted from references;;;FALSE;;external
Michel2008_Lacorrespo;Michel;La correspondance des marchands assyriens;2008;;;;;;;;;No;No;;auto-extracted from references;;;FALSE;;external
Michel2008_TheAlahuma;Michel;The Alāhum and Aššur-taklāku Archives;2008;;;;;;;;;No;No;;auto-extracted from references;;;FALSE;;external
Michel2011_OldAssyria;Michel;Old Assyrian Bibliography 2;2011;;;;;;;;;No;No;;auto-extracted from references;;;FALSE;;external
Michel2011_ThePrivate;Michel;The Private Archives from Kaneš;2011;;;;;;;;;No;No;;auto-extracted from references;;;FALSE;;external
Michel2015_Lorganisat;Michel;L’organisation du palais de Kaneš;2015;;;;;;;;;No;No;;auto-extracted from references;;;FALSE;;external
Michel2015_Womeninthe;Michel;Women in the Family of Ali-ahum;2015;;;;;;;;;No;No;;auto-extracted from references;;;FALSE;;external
Michel2015_OldAssyria;Michel;Old Assyrian Bibliography 3;2015;;;;;;;;;No;No;;auto-extracted from references;;;FALSE;;external
Michel2015_Leslettres;Michel;Les lettres des rois d’Aššur;2015;;;;;;;;;No;No;;auto-extracted from references;;;FALSE;;external
Michel2016_Quelquesre;Michel;Quelques remarques sur les bullae inscrites;2016;;;;;;;;;No;No;;auto-extracted from references;;;FALSE;;external
Michel0_Forthcomin;Michel;Forthcoming. Women from Aššur and Kaniš. Writings from the Ancient World;0000;;;;;;;;;No;No;;auto-extracted from references;;;FALSE;;external
Michel1997_Tablettesp;Michel;Tablettes paléo-assyriennes de Kültepe I (Kt 90/k;1997;;;;;;;;;No;No;;auto-extracted from references;;;FALSE;;external
Ozguc2001_KultepeKan;Özgüç;Kültepe-Kaniš: Sealed and Inscribed Clay Bullae;2001;;;;;;;;;No;No;;auto-extracted from references;;;FALSE;;external
Ozguc1994_ABoatShape;Özgüç;A Boat-Shaped Cult-Vessel from the Karum of Kanish;1994;;;;;;;;;No;No;;auto-extracted from references;;;FALSE;;external
Ozguc1999_ThePalaces;Özgüç;The Palaces and Temples of Kültepe-Kaniš/Neša;1999;;;;;;;;;No;No;;auto-extracted from references;;;FALSE;;external
Ozguc2003_KultepeKan;Özgüç;Kültepe Kaniš/Neša;2003;;;;;;;;;No;No;;auto-extracted from references;;;FALSE;;external
Parpola1986_TheRoyalAr;Parpola;The Royal Archives of Nineveh;1986;;;;;;;;;No;No;;auto-extracted from references;;;FALSE;;external
Pedersen1986_Archivesan;Pedersén;Archives and Libraries in the City of Assur;1986;;;;;;;;;No;No;;auto-extracted from references;;;FALSE;;external
Pedersen1998_Archivesan;Pedersén;Archives and Libraries in the Ancient Near East 1500–300 BC;1998;;;;;;;;;No;No;;auto-extracted from references;;;FALSE;;external
Posner1972_Archivesin;Posner;Archives in the Ancient World;1972;;;;;;;;;No;No;;auto-extracted from references;;;FALSE;;external
Postgate1973_TheGoverno;Postgate;The Governor’s Palace Archive;1973;;;;;;;;;No;No;;auto-extracted from references;;;FALSE;;external
Sallaberger2013_TheManagem;Sallaberger;The Management of Royal Treasure;2013;;;;;;;;;No;No;;auto-extracted from references;;;FALSE;;external
Tanret1991_TheUrUtuAr;Tanret;The Ur-Utu Archive;1991;;;;;;;;;No;No;;auto-extracted from references;;;FALSE;;external
Tessier1994_Sealingand;Tessier;Sealing and Seals on Texts from Kültepe kārum Level 2;1994;;;;;;;;;No;No;;auto-extracted from references;;;FALSE;;external
Veenhof1987_DyingTable;Veenhof;‘Dying Tablets’ and ‘Hungry Silver’;1987;;;;;;;;;No;No;;auto-extracted from references;;;FALSE;;external
Veenhof2003_Archivesof;Veenhof;Archives of Old Assyrian Traders;2003;;;;;;;;;No;No;;auto-extracted from references;;;FALSE;;external
Veenhof2003_TradeandPo;Veenhof;Trade and Politics in Ancient Assur;2003;;;;;;;;;No;No;;auto-extracted from references;;;FALSE;;external
Veenhof2005_Lettersint;Veenhof;Letters in the Louvre. Altbabylonische Briefe 14;2005;;;;;;;;;No;No;;auto-extracted from references;;;FALSE;;external
Veenhof2008_Communicat;Veenhof;Communication in the Old Assyrian Trading Society;2008;;;;;;;;;No;No;;auto-extracted from references;;;FALSE;;external
Veenhof2010_KultepeTab;Veenhof;Kültepe Tabletleri V: The Archive of Kuliya;2010;;;;;;;;;No;No;;auto-extracted from references;;;FALSE;;external
Veenhof2013_TheArchive;Veenhof;The Archives of Old Assyrian Traders;2013;;;;;;;;;No;No;;auto-extracted from references;;;FALSE;;external
Veenhof2013_NewMesopot;Veenhof;New Mesopotamian Treaties;2013;;;;;;;;;No;No;;auto-extracted from references;;;FALSE;;external
Veenhof2015_TheArchive;Veenhof;The Archive of Elamma son of Iddin-Suen;2015;;;;;;;;;No;No;;auto-extracted from references;;;FALSE;;external
Veenhof0_KultepeTab;Veenhof;Kültepe Tabletleri V: The Archive of Elamma, son of Iddin-Suen;0000;;;;;;;;;No;No;;auto-extracted from references;;;FALSE;;external
Bass1987_OldestKnow;Bass;Oldest Known Shipwreck Reveals Splendors of the Bronze Age;1987;;;;;;;;;No;No;;auto-extracted from references;;;FALSE;;external
Dalley1976_TheOldBaby;Dalley;The Old Babylonian Tablets from Tell al-Rimah;1976;;;;;;;;;No;No;;auto-extracted from references;;;FALSE;;external
Hallo1976_WomenofSum;Hallo;Women of Sumer;1976;;;;;;;;;No;No;;auto-extracted from references;;;FALSE;;external
Harris1990_TheFemaleS;Harris;The Female ‘Sage’ in Mesopotamian Literature (with an Appendix on Egypt;1990;;;;;;;;;No;No;;auto-extracted from references;;;FALSE;;external
Kramer1959_HistoryBeg;Kramer;History Begins at Sumer;1959;;;;;;;;;No;No;;auto-extracted from references;;;FALSE;;external
Laessoe1953_Literacyan;Laessøe;Literacy and Oral Tradition;1953;;;;;;;;;No;No;;auto-extracted from references;;;FALSE;;external
Landsberger1954_Babylonian;Landsberger;Babylonian Scribal Craft and Its Terminology;1954;;;;;;;;;No;No;;auto-extracted from references;;;FALSE;;external
Landsberger1960_ScribalCon;Landsberger;Scribal Concepts of Education;1960;;;;;;;;;No;No;;auto-extracted from references;;;FALSE;;external
Livingstone1986_Mysticalan;Livingstone;Mystical and Mythological Explanatory Works of Assyrian and Babylonian Scholars;1986;;;;;;;;;No;No;;auto-extracted from references;;;FALSE;;external
Nemet-Nejat1988_CuneiformM;Nemet-Nejat;Cuneiform Mathematical Tests as Training for Scribal Professions;1988;;;;;;;;;No;No;;auto-extracted from references;;;FALSE;;external
Oppenheim1964_AncientMes;Oppenheim;Ancient Mesopotamia: Portrait of a Dead Civilization;1964;;;;;;;;;No;No;;auto-extracted from references;;;FALSE;;external
Oppenheim1975_TheIntelle;Oppenheim;The Intellectual in Mesopotamian Society;1975;;;;;;;;;No;No;;auto-extracted from references;;;FALSE;;external
Otten1988_DieBronzet;Otten;Die Bronzetafel aus Boğazköy: Ein Staatsvertrag Tuthalijas IV;1988;;;;;;;;;No;No;;auto-extracted from references;;;FALSE;;external
Parpola1971_Lettersfro;Parpola;Letters from Assyrian Scholars to the Kings Esarhaddon and Assurbanipal;1971;;;;;;;;;No;No;;auto-extracted from references;;;FALSE;;external
Rochberg-Halton1984_Canonicity;Rochberg-Halton;Canonicity in Cuneiform Texts;1984;;;;;;;;;No;No;;auto-extracted from references;;;FALSE;;external
Streck1916_Assurbanip;Streck;Assurbanipal und die letzten assyrischen Könige bis zum Untergang Ninivehs;1916;;;;;;;;;No;No;;auto-extracted from references;;;FALSE;;external
Barnett0_TheAssyria;Barnett;The Assyrian Palace Reliefs and Their Relation to the Sculpture of Babylonia and Persia;0000;;;;;;;;;No;No;;auto-extracted from references;;;FALSE;;external
Black1992_GodsDemons;Black;Gods, Demons and Symbols of Ancient Mesopotamia: An Illustrated Dictionary;1992;;;;;;;;;No;No;;auto-extracted from references;;;FALSE;;external
Green1983_NeoAssyria;Green;Neo-Assyrian Apotropaic Figures;1983;;;;;;;;;No;No;;auto-extracted from references;;;FALSE;;external
Maxwell-Hyslop1971_WesternAsi;Maxwell-Hyslop;Western Asiatic Jewellery c. 3000–612 B.C;1971;;;;;;;;;No;No;;auto-extracted from references;;;FALSE;;external
Madhloum1966_Foreword;Madhloum;Foreword;1966;;;;;;;;;No;No;;auto-extracted from references;;;FALSE;;external
Madhloum1968_NinevehThe;Madhloum;Nineveh: The 1967–1968 Campaign;1968;;;;;;;;;No;No;;auto-extracted from references;;;FALSE;;external
Madhloum1969_NinevehThe;Madhloum;Nineveh: The 1968–1969 Campaign;1969;;;;;;;;;No;No;;auto-extracted from references;;;FALSE;;external
Madhloum1972_NinevehHis;Madhloum;Nineveh. Historical Monuments in Iraq 1;1972;;;;;;;;;No;No;;auto-extracted from references;;;FALSE;;external
Madhloum1976_NinevehHis;Madhloum;Nineveh. Historical Monuments in Iraq 1;1976;;;;;;;;;No;No;;auto-extracted from references;;;FALSE;;external
Parker1961_Administra;Parker;Administrative Tablets from the North-West Palace, Nimrud;1961;;;;;;;;;No;No;;auto-extracted from references;;;FALSE;;external
Parpola1970_NeoAssyria;Parpola;Neo-Assyrian Toponyms. Alter Orient und Altes Testament 6;1970;;;;;;;;;No;No;;auto-extracted from references;;;FALSE;;external
Reade2002_TheZiggura;Reade;The Ziggurat and Temples of Nimrud;2002;;;;;;;;;No;No;;auto-extracted from references;;;FALSE;;external
Scott1990_NotesonNin;Scott;Notes on Nineveh;1990;;;;;;;;;No;No;;auto-extracted from references;;;FALSE;;external
Stronach1989_WhenAssyri;Stronach;When Assyria Fell: New Light on the Last Days of Nineveh;1989;;;;;;;;;No;No;;auto-extracted from references;;;FALSE;;external
Stronach1994_VillagetoM;Stronach;Village to Metropolis: Nineveh and the Beginning of Urbanism in Northern Mesopotamia;1994;;;;;;;;;No;No;;auto-extracted from references;;;FALSE;;external
Stronach1997_Notesonthe;Stronach;Notes on the Fall of Nineveh;1997;;;;;;;;;No;No;;auto-extracted from references;;;FALSE;;external
Stronach1992_UCBerkeley;Stronach;UC Berkeley’s Excavations at Nineveh;1992;;;;;;;;;No;No;;auto-extracted from references;;;FALSE;;external
Sulaiman1971_AdabalRafa;Sulaiman;Adab al-Rafadan;1971;;;;;;;;;No;No;;auto-extracted from references;;;FALSE;;external
Thompson1929_ACenturyof;Thompson;A Century of Exploration at Nineveh;1929;;;;;;;;;No;No;;auto-extracted from references;;;FALSE;;external
Wiggermann1992_Mesopotami;Wiggermann;Mesopotamian Protective Spirits: The Ritual Texts;1992;;;;;;;;;No;No;;auto-extracted from references;;;FALSE;;external
Astour1981_Ugaritandt;Astour;Ugarit and the Great Powers;1981;;;;;;;;;No;No;;auto-extracted from references;;;FALSE;;external
Curtis1985_UgaritRasS;Curtis;Ugarit (Ras Shamra;1985;;;;;;;;;No;No;;auto-extracted from references;;;FALSE;;external
Garr1987_APopulatio;Garr;A Population Estimate of Ancient Ugarit;1987;;;;;;;;;No;No;;auto-extracted from references;;;FALSE;;external
Al-Fouadi1979_Lenticular;Al-Fouadi;Lenticular Exercise School Texts, I (Texts in the Iraq Museum 10/1;1979;;;;;;;;;No;No;;auto-extracted from references;;;FALSE;;external
Baqir1951_SomeMoreMa;Baqir;Some More Mathematical Texts from Tell Harmal;1951;;;;;;;;;No;No;;auto-extracted from references;;;FALSE;;external
Bregstein1992_NippurBibl;Bregstein;Nippur Bibliography;1992;;;;;;;;;No;No;;auto-extracted from references;;;FALSE;;external
Duchesne-Guillemin1984_AHurrianMu;Duchesne-Guillemin;A Hurrian Musical Score from Ugarit: The Discovery of Mesopotamian Music. Sources from the Ancient Near East 2/2;1984;;;;;;;;;No;No;;auto-extracted from references;;;FALSE;;external
Friberg1983_OntheBig6P;Friberg;On the Big 6-Place Tables of Reciprocals and Squares from Seleucid Babylon and Uruk and Their Old Babylonian and Sumerian Predecessors;1983;;;;;;;;;No;No;;auto-extracted from references;;;FALSE;;external
Geere1904_ByNileandE;Geere;By Nile and Euphrates: A Record of Discovery and Adventure;1904;;;;;;;;;No;No;;auto-extracted from references;;;FALSE;;external
Gerardi1984_ABibliogra;Gerardi;A Bibliography of the Tablet Collections of the University Museum;1984;;;;;;;;;No;No;;auto-extracted from references;;;FALSE;;external
Goetze1951_AMathemati;Goetze;A Mathematical Compendium from Tell Harmal;1951;;;;;;;;;No;No;;auto-extracted from references;;;FALSE;;external
Gordon1959_SumerianPr;Gordon;Sumerian Proverbs: Glimpses of Everyday Life in Ancient Mesopotamia;1959;;;;;;;;;No;No;;auto-extracted from references;;;FALSE;;external
Hilprecht1903_DieAusgrab;Hilprecht;Die Ausgrabungen der Universität von Pennsylvania im Bel-Tempel zu Nippur: Ein Vortrag;1903;;;;;;;;;No;No;;auto-extracted from references;;;FALSE;;external
Hilprecht1906_Mathematic;Hilprecht;Mathematical, Metrological and Chronological Tablets from the Temple Library of Nippur;1906;;;;;;;;;No;No;;auto-extracted from references;;;FALSE;;external
Hilprecht1908_TheSoCalle;Hilprecht;The So-Called Peters–Hilprecht Controversy;1908;;;;;;;;;No;No;;auto-extracted from references;;;FALSE;;external
Horowitz1993_TheReverse;Horowitz;The Reverse of the Neo-Assyrian Planisphere CT 33, 11;1993;;;;;;;;;No;No;;auto-extracted from references;;;FALSE;;external
Hoyrup1990_Algebraand;Høyrup;Algebra and Naive Geometry;1990;;;;;;;;;No;No;;auto-extracted from references;;;FALSE;;external
Hoyrup1999_TheFinerSt;Høyrup;The Finer Structure of the Old Babylonian Mathematical Corpus;1999;;;;;;;;;No;No;;auto-extracted from references;;;FALSE;;external
Hoyrup0_LengthsWid;Høyrup;Lengths, Widths, Surfaces: A Portrait of Old Babylonian Algebra and Its Kin;0000;;;;;;;;;No;No;;auto-extracted from references;;;FALSE;;external
Kilmer1960_TwoNewList;Kilmer;Two New Lists of Key Numbers for Mathematical Operations;1960;;;;;;;;;No;No;;auto-extracted from references;;;FALSE;;external
Kilmer1980_Leier;Kilmer;Leier;1980;;;;;;;;;No;No;;auto-extracted from references;;;FALSE;;external
Kuklick1996_Puritansin;Kuklick;Puritans in Babylon: The Ancient Near East and American Intellectual Life, 1880–1930;1996;;;;;;;;;No;No;;auto-extracted from references;;;FALSE;;external
Liverani1990_TheShapeof;Liverani;The Shape of Neo-Sumerian Fields;1990;;;;;;;;;No;No;;auto-extracted from references;;;FALSE;;external
McCown1967_NippurITem;McCown;Nippur I: Temple of Enlil, Scribal Quarter and Soundings;1967;;;;;;;;;No;No;;auto-extracted from references;;;FALSE;;external
Muroi1988_Extraction;Muroi;Extraction of Cube Roots in Babylonian Mathematics;1988;;;;;;;;;No;No;;auto-extracted from references;;;FALSE;;external
Myer1992_JosephAndr;Myer;Joseph Andrew Meyer, Jr.: Architect at Niffer;1992;;;;;;;;;No;No;;auto-extracted from references;;;FALSE;;external
Neugebauer1935_Mathematis;Neugebauer;Mathematische Keilschrift-Texte I–III;1935;;;;;;;;;No;No;;auto-extracted from references;;;FALSE;;external
Neugebauer1984_Mathematic;Neugebauer;Mathematical and Metrological Texts;1984;;;;;;;;;No;No;;auto-extracted from references;;;FALSE;;external
Nissen1993_ArchaicBoo;Nissen;Archaic Bookkeeping;1993;;;;;;;;;No;No;;auto-extracted from references;;;FALSE;;external
Peters1897_NippurorEx;Peters;Nippur, or Explorations and Adventures on the Euphrates;1897;;;;;;;;;No;No;;auto-extracted from references;;;FALSE;;external
Powell1987_MasseundGe;Powell;Maße und Gewichte;1987;;;;;;;;;No;No;;auto-extracted from references;;;FALSE;;external
Robson1998_Countingin;Robson;Counting in Cuneiform;1998;;;;;;;;;No;No;;auto-extracted from references;;;FALSE;;external
Rochberg-Halton1983_StellarDis;Rochberg-Halton;Stellar Distances in Early Babylonian Astronomy;1983;;;;;;;;;No;No;;auto-extracted from references;;;FALSE;;external
Sachs1947_Babylonian;Sachs;Babylonian Mathematical Texts I;1947;;;;;;;;;No;No;;auto-extracted from references;;;FALSE;;external
Steele1951_Writingand;Steele;Writing and History: The New Tablets from Nippur;1951;;;;;;;;;No;No;;auto-extracted from references;;;FALSE;;external
Westenholz1992_TheEarlyEx;Westenholz;The Early Excavators of Nippur;1992;;;;;;;;;No;No;;auto-extracted from references;;;FALSE;;external
Ali1964_SumerianLe;Ali;Sumerian Letters: Two Collections from the Old Babylonian Schools;1964;;;;;;;;;No;No;;auto-extracted from references;;;FALSE;;external
Black1998_TheElectro;Black;The Electronic Text Corpus of Sumerian Literature;1998;;;;;;;;;No;No;;auto-extracted from references;;;FALSE;;external
Cavigneaux1999_AScholarsL;Cavigneaux;A Scholar’s Library in Meturan? With an Edition of the Tablet H 72 (Textes de Tell Haddad VII;1999;;;;;;;;;No;No;;auto-extracted from references;;;FALSE;;external
Cavigneaux2000_Einaltbaby;Cavigneaux;Ein altbabylonischer Gilgameš-Text aus Nippur;2000;;;;;;;;;No;No;;auto-extracted from references;;;FALSE;;external
Dekiere1994_Lagenealog;Dekiere;La généalogie d’Ur-Utu, gala-mah à Sippar-Amnanum;1994;;;;;;;;;No;No;;auto-extracted from references;;;FALSE;;external
Gadd1966_Literaryan;Gadd;Literary and Religious Texts: Second Part;1966;;;;;;;;;No;No;;auto-extracted from references;;;FALSE;;external
Gasche1998_DatingtheF;Gasche;Dating the Fall of Babylon: A Reappraisal of Second-Millennium Chronology;1998;;;;;;;;;No;No;;auto-extracted from references;;;FALSE;;external
Gasche1991_Aproposdel;Gasche;À propos de la durée de vie d’une maison paléo-babylonienne en briques crues;1991;;;;;;;;;No;No;;auto-extracted from references;;;FALSE;;external
Gibson2001_NippurBArc;Gibson;Nippur B. Archäologisch;2001;;;;;;;;;No;No;;auto-extracted from references;;;FALSE;;external
Heimerdinger1979_SumerianLi;Heimerdinger;Sumerian Literary Fragments from Nippur. Occasional Publications of the Babylonian Fund 4;1979;;;;;;;;;No;No;;auto-extracted from references;;;FALSE;;external
Janssen1991_eiltampata;Janssen;e’iltam patarum: awat hade!;1991;;;;;;;;;No;No;;auto-extracted from references;;;FALSE;;external
Janssen1992_Inannamans;Janssen;Inanna-mansum et ses fils;1992;;;;;;;;;No;No;;auto-extracted from references;;;FALSE;;external
Janssen1996_WhentheHou;Janssen;When the House Is on Fire and the Children Are Gone;1996;;;;;;;;;No;No;;auto-extracted from references;;;FALSE;;external
Janssen1994_Duchantier;Janssen;Du chantier à la tablette;1994;;;;;;;;;No;No;;auto-extracted from references;;;FALSE;;external
Postgate1990_Archaeolog;Postgate;Archaeology and the Texts—Bridging the Gap;1990;;;;;;;;;No;No;;auto-extracted from references;;;FALSE;;external
Tanret1993_Ritualsand;Tanret;Rituals and Profits in the Ur-Utu Archive;1993;;;;;;;;;No;No;;auto-extracted from references;;;FALSE;;external
Lerberghe1991_SipparAmna;Lerberghe;Sippar-Amnanum: The Ur-Utu Archive. Mesopotamian History and Environment, Series III, Texts 1;1991;;;;;;;;;No;No;;auto-extracted from references;;;FALSE;;external
Veldhuis1997_ReviewofCa;Veldhuis;Review of Cavigneaux 1996;1997;;;;;;;;;No;No;;auto-extracted from references;;;FALSE;;external
Walker1995_Mesopotami;Walker;Mesopotamian Chronology;1995;;;;;;;;;No;No;;auto-extracted from references;;;FALSE;;external
Wilcke2000_Werlasunds;Wilcke;Wer las und schrieb in Babylonien und Assyrien;2000;;;;;;;;;No;No;;auto-extracted from references;;;FALSE;;external
Unknown1991_PrincesPat;Unknown;Princes, Patronage, and the Nobility: The Court at the Beginning of the Modern Age;1991;;;;;;;;;No;No;;auto-extracted from references;;;FALSE;;external
Unknown2001_TheProsopo;Unknown;The Prosopography of the Neo-Assyrian Empire;2001;;;;;;;;;No;No;;auto-extracted from references;;;FALSE;;external
Unknown2005_Patronatea;Unknown;Patronate and Patronage in Early and Classical Islam;2005;;;;;;;;;No;No;;auto-extracted from references;;;FALSE;;external
Bottero1992_Mesopotami;Bottéro;Mesopotamia: Writing, Reasoning, and the Gods;1992;;;;;;;;;No;No;;auto-extracted from references;;;FALSE;;external
Brentjes2009_Patronageo;Brentjes;Patronage of the Mathematical Sciences in Islamic Societies;2009;;;;;;;;;No;No;;auto-extracted from references;;;FALSE;;external
Unknown2001_ChangingIm;Unknown;Changing Images of Mathematics in History: From the French Revolution to the New Millennium;2001;;;;;;;;;No;No;;auto-extracted from references;;;FALSE;;external
Fales1997_TheImpacto;Fales;The Impact of Oracular Materials on the Political Utterances and Political Actions of the Sargonid Dynasty;1997;;;;;;;;;No;No;;auto-extracted from references;;;FALSE;;external
Fincke2004_TheBritish;Fincke;The British Museum’s Ashurbanipal Library Project;2004;;;;;;;;;No;No;;auto-extracted from references;;;FALSE;;external
Hardwig1991_TheRoleofT;Hardwig;The Role of Trust in Knowledge;1991;;;;;;;;;No;No;;auto-extracted from references;;;FALSE;;external
Heessel2000_Babylonisc;Heeßel;Babylonisch-assyrische Diagnostik. Alter Orient und Altes Testament 43;2000;;;;;;;;;No;No;;auto-extracted from references;;;FALSE;;external
Hunger1992_Astrologic;Hunger;Astrological Reports to Assyrian Kings. State Archives of Assyria 8;1992;;;;;;;;;No;No;;auto-extracted from references;;;FALSE;;external
Jean2006_Lamagieneo;Jean;La magie néo-assyrienne en contexte. State Archives of Assyria Studies 17;2006;;;;;;;;;No;No;;auto-extracted from references;;;FALSE;;external
Jeyes1991_Divination;Jeyes;Divination as a Science in Ancient Mesopotamia;1991;;;;;;;;;No;No;;auto-extracted from references;;;FALSE;;external
Jeyes1997_Assurbanip;Jeyes;Assurbanipal’s bārûtu;1997;;;;;;;;;No;No;;auto-extracted from references;;;FALSE;;external
Koch-Westenholz1995_Mesopotami;Koch-Westenholz;Mesopotamian Astrology: An Introduction to Babylonian and Assyrian Celestial Divination;1995;;;;;;;;;No;No;;auto-extracted from references;;;FALSE;;external
Koch-Westenholz2000_Babylonian;Koch-Westenholz;Babylonian Liver Omens;2000;;;;;;;;;No;No;;auto-extracted from references;;;FALSE;;external
Koch2005_SecretsofE;Koch;Secrets of Extispicy;2005;;;;;;;;;No;No;;auto-extracted from references;;;FALSE;;external
Lambert1997_QuestionsA;Lambert;Questions Addressed to the Babylonian Oracle: The tāmītu Texts;1997;;;;;;;;;No;No;;auto-extracted from references;;;FALSE;;external
Lambert1998_TheQualifi;Lambert;The Qualifications of Babylonian Diviners;1998;;;;;;;;;No;No;;auto-extracted from references;;;FALSE;;external
Lambert2007_Babylonian;Lambert;Babylonian Oracle Questions;2007;;;;;;;;;No;No;;auto-extracted from references;;;FALSE;;external
Larsen1987_TheMesopot;Larsen;The Mesopotamian Lukewarm Mind;1987;;;;;;;;;No;No;;auto-extracted from references;;;FALSE;;external
Leichty1970_TheOmenSer;Leichty;The Omen Series Šumma Izbu. Texts from Cuneiform Sources 4;1970;;;;;;;;;No;No;;auto-extracted from references;;;FALSE;;external
Lipton1998_TheEpistem;Lipton;The Epistemology of Testimony;1998;;;;;;;;;No;No;;auto-extracted from references;;;FALSE;;external
Lohnert2007_TheInstall;Löhnert;The Installation of Priests According to Neo-Assyrian Documents;2007;;;;;;;;;No;No;;auto-extracted from references;;;FALSE;;external
Maul1994_Zukunftsbe;Maul;Zukunftsbewältigung. Baghdader Forschungen 18;1994;;;;;;;;;No;No;;auto-extracted from references;;;FALSE;;external
Maul2003_OminaundOr;Maul;Omina und Orakel;2003;;;;;;;;;No;No;;auto-extracted from references;;;FALSE;;external
Oppenheim1977_AncientMes;Oppenheim;Ancient Mesopotamia: Portrait of a Dead Civilization;1977;;;;;;;;;No;No;;auto-extracted from references;;;FALSE;;external
Park1963_Divination;Park;Divination and Its Social Contexts;1963;;;;;;;;;No;No;;auto-extracted from references;;;FALSE;;external
Parpola1970_Lettersfro;Parpola;Letters from Assyrian Scholars to the Kings Esarhaddon and Assurbanipal;1970;;;;;;;;;No;No;;auto-extracted from references;;;FALSE;;external
Parpola1993_Lettersfro;Parpola;Letters from Assyrian and Babylonian Scholars;1993;;;;;;;;;No;No;;auto-extracted from references;;;FALSE;;external
Pecirkova1985_Divination;Pečírková;Divination and Politics in the Late Assyrian Empire;1985;;;;;;;;;No;No;;auto-extracted from references;;;FALSE;;external
Radner2007_Knowledgea;Radner;Knowledge and Power in the Neo-Assyrian Empire;2007;;;;;;;;;No;No;;auto-extracted from references;;;FALSE;;external
Robson2008_Mesopotami;Robson;Mesopotamian Medicine and Religion;2008;;;;;;;;;No;No;;auto-extracted from references;;;FALSE;;external
Rochberg2004_TheHeavenl;Rochberg;The Heavenly Writing;2004;;;;;;;;;No;No;;auto-extracted from references;;;FALSE;;external
Shapin1982_HistoryofS;Shapin;History of Science and Its Sociological Reconstruction;1982;;;;;;;;;No;No;;auto-extracted from references;;;FALSE;;external
Shapin1989_TheInvisib;Shapin;The Invisible Technician;1989;;;;;;;;;No;No;;auto-extracted from references;;;FALSE;;external
Shapin1994_ASocialHis;Shapin;A Social History of Truth;1994;;;;;;;;;No;No;;auto-extracted from references;;;FALSE;;external
Starr1990_Queriestot;Starr;Queries to the Sungod. State Archives of Assyria 4;1990;;;;;;;;;No;No;;auto-extracted from references;;;FALSE;;external
Starr1992_Chapters1a;Starr;Chapters 1 and 2 of the bārûtu;1992;;;;;;;;;No;No;;auto-extracted from references;;;FALSE;;external
Steinkeller2005_OfStarsand;Steinkeller;Of Stars and Men;2005;;;;;;;;;No;No;;auto-extracted from references;;;FALSE;;external
Traweek1988_Beamtimesa;Traweek;Beamtimes and Lifetimes;1988;;;;;;;;;No;No;;auto-extracted from references;;;FALSE;;external
Veldhuis1995_OnInterpre;Veldhuis;On Interpreting Mesopotamian Namburbi Rituals;1995;;;;;;;;;No;No;;auto-extracted from references;;;FALSE;;external
Unknown1989_Patronagei;Unknown;Patronage in Ancient Society;1989;;;;;;;;;No;No;;auto-extracted from references;;;FALSE;;external
Westbrook2005_Patronagei;Westbrook;Patronage in the Ancient Near East;2005;;;;;;;;;No;No;;auto-extracted from references;;;FALSE;;external
Adams1993_ANewModelf;Adams;A New Model for the Study of the Book;1993;;;;;;;;;No;No;;auto-extracted from references;;;FALSE;;external
Unknown1987_Excavation;Unknown;Excavations in Iraq, 1985–86;1987;;;;;;;;;No;No;;auto-extracted from references;;;FALSE;;external
Beaulieu2006_TheAstrono;Beaulieu;The Astronomers of the Esagil Temple in the Fourth Century BC;2006;;;;;;;;;No;No;;auto-extracted from references;;;FALSE;;external
Black2009_TheLibrari;Black;The Libraries of Kalḫu;2009;;;;;;;;;No;No;;auto-extracted from references;;;FALSE;;external
Britton1993_Scientific;Britton;Scientific Astronomy in Pre-Seleucid Babylon;1993;;;;;;;;;No;No;;auto-extracted from references;;;FALSE;;external
Cavigneaux1981_Textesscol;Cavigneaux;Textes scolaires du temple de Nabû ša ḫarê. Texts from Babylon 1;1981;;;;;;;;;No;No;;auto-extracted from references;;;FALSE;;external
Darnton1982_WhatIstheH;Darnton;What Is the History of Books?;1982;;;;;;;;;No;No;;auto-extracted from references;;;FALSE;;external
Darnton2007_WhatIstheH;Darnton;‘What Is the History of Books?’ Revisited;2007;;;;;;;;;No;No;;auto-extracted from references;;;FALSE;;external
Dijk1980_Texteausde;Dijk;Texte aus dem Rēš-Heiligtum in Uruk-Warka;1980;;;;;;;;;No;No;;auto-extracted from references;;;FALSE;;external
Edzard1997_GudeaandHi;Edzard;Gudea and His Dynasty;1997;;;;;;;;;No;No;;auto-extracted from references;;;FALSE;;external
Fahdil1998_DerPrologd;Fahdil;Der Prolog des Kodex Hammurabi in einer Abschrift aus Sippar;1998;;;;;;;;;No;No;;auto-extracted from references;;;FALSE;;external
Fahdil2008_TheCulticL;Fahdil;The Cultic Lament ‘a gal-gal buru14 su-su’ in a Manuscript from the Sippar Library;2008;;;;;;;;;No;No;;auto-extracted from references;;;FALSE;;external
Frahm2004_RoyalHerme;Frahm;Royal Hermeneutics: Observations on the Commentaries from Assurbanipal’s Libraries at Nineveh;2004;;;;;;;;;No;No;;auto-extracted from references;;;FALSE;;external
Frayne1997_UrIIIPerio;Frayne;Ur III Period (2112–2004 BC;1997;;;;;;;;;No;No;;auto-extracted from references;;;FALSE;;external
Freedman2006_IfaCityIsS;Freedman;If a City Is Set on a Height: The Akkadian Omen Series Šumma ālu ina mēlê šakin;2006;;;;;;;;;No;No;;auto-extracted from references;;;FALSE;;external
George1986_TheTopogra;George;The Topography of Babylon Reconsidered;1986;;;;;;;;;No;No;;auto-extracted from references;;;FALSE;;external
Gesche2001_Schulunter;Gesche;Schulunterricht in Babylonien im ersten Jahrtausend v;2001;;;;;;;;;No;No;;auto-extracted from references;;;FALSE;;external
Gurney1997_ScribesatH;Gurney;Scribes at Ḫuzirina;1997;;;;;;;;;No;No;;auto-extracted from references;;;FALSE;;external
Gurney1957_TheSultant;Gurney;The Sultantepe Tablets;1957;;;;;;;;;No;No;;auto-extracted from references;;;FALSE;;external
Gurney1964_TheSultant;Gurney;The Sultantepe Tablets;1964;;;;;;;;;No;No;;auto-extracted from references;;;FALSE;;external
Heessel2008_Astrologic;Heeßel;Astrological Medicine in Babylonia;2008;;;;;;;;;No;No;;auto-extracted from references;;;FALSE;;external
Houston2009_Papyrologi;Houston;Papyrological Evidence for Book Collections and Libraries in the Roman Empire;2009;;;;;;;;;No;No;;auto-extracted from references;;;FALSE;;external
Hunger1976_Spatbabylo;Hunger;Spätbabylonische Texte aus Uruk;1976;;;;;;;;;No;No;;auto-extracted from references;;;FALSE;;external
Hunger2001_Astronomic;Hunger;Astronomical Diaries and Related Texts from Babylonia;2001;;;;;;;;;No;No;;auto-extracted from references;;;FALSE;;external
Ismail1999_Tabletfrom;Ismail;Tablet from the Sippar Library: Dating for Two Sumerian Kings;1999;;;;;;;;;No;No;;auto-extracted from references;;;FALSE;;external
Latour1987_ScienceinA;Latour;Science in Action;1987;;;;;;;;;No;No;;auto-extracted from references;;;FALSE;;external
Livingstone2003_PuttingSci;Livingstone;Putting Science in Its Place;2003;;;;;;;;;No;No;;auto-extracted from references;;;FALSE;;external
Lloyd1953_Sultantepe;Lloyd;Sultantepe: Anglo-Turkish Joint Excavations, 1952;1953;;;;;;;;;No;No;;auto-extracted from references;;;FALSE;;external
Maul2003_WiedieBibl;Maul;Wie die Bibliothek eines assyrischen Gelehrten wiederersteht;2003;;;;;;;;;No;No;;auto-extracted from references;;;FALSE;;external
Maul2010_DieTontafe;Maul;Die Tontafelbibliothek aus dem sogenannten ‘Haus des Beschwörungspriesters.’;2010;;;;;;;;;No;No;;auto-extracted from references;;;FALSE;;external
Michalowski1995_SailingtoB;Michalowski;Sailing to Babylon, Reading the Dark Side of the Moon;1995;;;;;;;;;No;No;;auto-extracted from references;;;FALSE;;external
Oppenheim1960_Assyriolog;Oppenheim;Assyriology: Why and How?;1960;;;;;;;;;No;No;;auto-extracted from references;;;FALSE;;external
Pedersen1985_Archivesan;Pedersen;Archives and Libraries in the City of Assur;1985;;;;;;;;;No;No;;auto-extracted from references;;;FALSE;;external
Robson2007_GenderedLi;Robson;Gendered Literacy and Numeracy in the Sumerian Literary Corpus;2007;;;;;;;;;No;No;;auto-extracted from references;;;FALSE;;external
Robson2007_Secretsdef;Robson;Secrets de famille;2007;;;;;;;;;No;No;;auto-extracted from references;;;FALSE;;external
Robson2009_ReviewofLa;Robson;Review of Lambert, Babylonian Oracle Questions;2009;;;;;;;;;No;No;;auto-extracted from references;;;FALSE;;external
Rochberg1984_Canonicity;Rochberg;Canonicity in Cuneiform Texts;1984;;;;;;;;;No;No;;auto-extracted from references;;;FALSE;;external
Rochberg1998_Babylonian;Rochberg;Babylonian Horoscopes;1998;;;;;;;;;No;No;;auto-extracted from references;;;FALSE;;external
Scurlock2005_Sorceryint;Scurlock;Sorcery in the Stars;2005;;;;;;;;;No;No;;auto-extracted from references;;;FALSE;;external
Soldt1995_SolarOmens;Soldt;Solar Omens of Enūma Anu Enlil;1995;;;;;;;;;No;No;;auto-extracted from references;;;FALSE;;external
Stevens2009_Secretsint;Stevens;Secrets in the Library;2009;;;;;;;;;No;No;;auto-extracted from references;;;FALSE;;external
Strassmaier1889_Inschrifte;Strassmaier;Inschriften von Nabuchodonosor;1889;;;;;;;;;No;No;;auto-extracted from references;;;FALSE;;external
Thureau-Dangin1922_Tablettesd;Thureau-Dangin;Tablettes d’Uruk. Textes Cunéiformes du Louvre 6;1922;;;;;;;;;No;No;;auto-extracted from references;;;FALSE;;external
Veldhuis1998_TINTIRBaby;Veldhuis;TIN.TIR = Babylon;1998;;;;;;;;;No;No;;auto-extracted from references;;;FALSE;;external
Weiher1982_Spatbabylo;Weiher;Spätbabylonische Texte aus Uruk;1982;;;;;;;;;No;No;;auto-extracted from references;;;FALSE;;external
Weiher1988_Spatbabylo;Weiher;Spätbabylonische Texte aus Uruk;1988;;;;;;;;;No;No;;auto-extracted from references;;;FALSE;;external
Weiher1993_Spatbabylo;Weiher;Spätbabylonische Texte aus dem Planquadrat U 18;1993;;;;;;;;;No;No;;auto-extracted from references;;;FALSE;;external
Weiher1998_Spatbabylo;Weiher;Spätbabylonische Texte aus dem Planquadrat U 18;1998;;;;;;;;;No;No;;auto-extracted from references;;;FALSE;;external
Wiseman1996_LiteraryTe;Wiseman;Literary Texts from the Temple of Nabû. Cuneiform Texts from Nimrud 4;1996;;;;;;;;;No;No;;auto-extracted from references;;;FALSE;;external
Anbar1975_Textesdele;Anbar;Textes de l’époque babylonienne ancienne;1975;;;;;;;;;No;No;;auto-extracted from references;;;FALSE;;external
Graef2002_AnAccounto;Graef;An Account of the Redistribution of Land to Soldiers in Late Old Babylonian Sippar Amnānum;2002;;;;;;;;;No;No;;auto-extracted from references;;;FALSE;;external
Edzard1971_Altbabylon;Edzard;Altbabylonische Rechts- und Wirtschaftsurkunden aus Tell ed-Dēr bei Sippar (BAW Abhandlungen NF 72;1971;;;;;;;;;No;No;;auto-extracted from references;;;FALSE;;external
Klengel1994_RichterSip;Klengel;Richter Sippars in der Zeit des Ammisaduqa: ein neuer Text;1994;;;;;;;;;No;No;;auto-extracted from references;;;FALSE;;external
Lion2001_DameInanna;Lion;Dame Inanna-ama-mu, scribe à Sippar;2001;;;;;;;;;No;No;;auto-extracted from references;;;FALSE;;external
Dekiere1994_OldBabylon;Dekiére;Old Babylonian Real Estate Documents from Sippar in the British Museum;1994;;;;;;;;;No;No;;auto-extracted from references;;;FALSE;;external
Gasche1993_Outilsbibl;Gasche;Outils bibliographiques;1993;;;;;;;;;No;No;;auto-extracted from references;;;FALSE;;external
Tanret2001_AsYearsWen;Tanret;As Years Went By in Sippar-Amnānum;2001;;;;;;;;;No;No;;auto-extracted from references;;;FALSE;;external
Tanret2004_Verbavolan;Tanret;Verba volant, scripta non manent. Tablettes nomades dans les archives des gala.mab à Sippar-Amnānum;2004;;;;;;;;;No;No;;auto-extracted from references;;;FALSE;;external
Tanret2004_Puzzlingwi;Tanret;Puzzling with Numbers. The Late Old Babylonian si.bi Clause;2004;;;;;;;;;No;No;;auto-extracted from references;;;FALSE;;external
Tanret1993_Priestsand;Tanret;Priests and Profits;1993;;;;;;;;;No;No;;auto-extracted from references;;;FALSE;;external
Yoffee1977_TheEconomi;Yoffee;The Economic Role of the Crown in the Old Babylonian Period (Bibliotheca Mesopotamica 5;1977;;;;;;;;;No;No;;auto-extracted from references;;;FALSE;;external
Barberon2005_Quandlamer;Barberon;Quand la mère est une religieuse;2005;;;;;;;;;No;No;;auto-extracted from references;;;FALSE;;external
Bourdieu1970_Lareproduc;Bourdieu;La reproduction: éléments pour une théorie du système d’enseignement;1970;;;;;;;;;No;No;;auto-extracted from references;;;FALSE;;external
Charpin1988_Sippardeux;Charpin;Sippar: deux villes jumelles;1988;;;;;;;;;No;No;;auto-extracted from references;;;FALSE;;external
Meyer1982_Deuxpriere;Meyer;Deux prières ikribu du temps d’Ammi-ṣaduqa;1982;;;;;;;;;No;No;;auto-extracted from references;;;FALSE;;external
Meyer1989_LedieuNins;Meyer;Le dieu Ninsianna ou l’art de transposer les logogrammes;1989;;;;;;;;;No;No;;auto-extracted from references;;;FALSE;;external
Meyer1989_Unelettred;Meyer;Une lettre d’Ur-Utu Galamah à une divinité;1989;;;;;;;;;No;No;;auto-extracted from references;;;FALSE;;external
Janssen1991_Eiltampata;Janssen;E’iltam paṭārum: awāt hadê!” In Mésopotamie et Elam: Actes de la XXXVIe Rencontre Assyriologique Internationale, Gand, 10–14 juillet 1989 (Mesopotamian History and Environment;1991;;;;;;;;;No;No;;auto-extracted from references;;;FALSE;;external
Janssen1993_Debrievenv;Janssen;De brieven van het Ur-Utu archief [The Letters from the Ur-Utu Archive;1993;;;;;;;;;No;No;;auto-extracted from references;;;FALSE;;external
Civil1975_Lexicograp;Civil;Lexicography;1975;;;;;;;;;No;No;;auto-extracted from references;;;FALSE;;external
Gadd1963_UrExcavati;Gadd;Ur Excavations Texts;1963;;;;;;;;;No;No;;auto-extracted from references;;;FALSE;;external
Ghirshman1965_Suseautemp;Ghirshman;Suse au temps des sukkalmah. Campagne des fouilles 1963–1964: Rapport préliminaire;1965;;;;;;;;;No;No;;auto-extracted from references;;;FALSE;;external
Hilprecht1903_Exploratio;Hilprecht;Exploration in Bible Lands during the Nineteenth Century;1903;;;;;;;;;No;No;;auto-extracted from references;;;FALSE;;external
Michalowski1995_SumerianLi;Michalowski;Sumerian Literature: An Overview;1995;;;;;;;;;No;No;;auto-extracted from references;;;FALSE;;external
Robson1995_ReviewofNe;Robson;Review of Nemet-Nejat, Cuneiform Mathematical Texts;1995;;;;;;;;;No;No;;auto-extracted from references;;;FALSE;;external
Tinney1995_OnthePoetr;Tinney;On the Poetry for King Ishme-Dagan;1995;;;;;;;;;No;No;;auto-extracted from references;;;FALSE;;external
Vanstiphout1978_LipitEshta;Vanstiphout;Lipit-Eshtar’s Praise in the Edubba;1978;;;;;;;;;No;No;;auto-extracted from references;;;FALSE;;external
Ambos2004_Mesopotami;Ambos;Mesopotamische Baurituale aus dem 1. Jahrtausend v;2004;;;;;;;;;No;No;;auto-extracted from references;;;FALSE;;external
Banks1912_Bismyaorth;Banks;Bismya or the Lost City of Adab;1912;;;;;;;;;No;No;;auto-extracted from references;;;FALSE;;external
Beaulieu1994_Antiquaria;Beaulieu;Antiquarianism and the Concern for the Past in the Neo-Babylonian Period;1994;;;;;;;;;No;No;;auto-extracted from references;;;FALSE;;external
Sarzec1884_Decouverte;Sarzec;Découvertes en Chaldée;1884;;;;;;;;;No;No;;auto-extracted from references;;;FALSE;;external
Dunham1986_SumerianWo;Dunham;Sumerian Words for Foundation;1986;;;;;;;;;No;No;;auto-extracted from references;;;FALSE;;external
Foucault1969_Larcheolog;Foucault;L’archéologie du savoir;1969;;;;;;;;;No;No;;auto-extracted from references;;;FALSE;;external
Frayne2008_Presargoni;Frayne;Presargonic Period (2700–2350 BC;2008;;;;;;;;;No;No;;auto-extracted from references;;;FALSE;;external
Haines1956_WhereaGodd;Haines;Where a Goddess of Love and War Was Worshipped 4000 Years Ago;1956;;;;;;;;;No;No;;auto-extracted from references;;;FALSE;;external
Haines1958_FurtherExc;Haines;Further Excavations at the Temple of Inanna;1958;;;;;;;;;No;No;;auto-extracted from references;;;FALSE;;external
Hallo1962_TheRoyalIn;Hallo;The Royal Inscriptions of Ur: A Typology;1962;;;;;;;;;No;No;;auto-extracted from references;;;FALSE;;external
Hansen1970_AlHiba1968;Hansen;Al-Hiba, 1968–1969, a Preliminary Report;1970;;;;;;;;;No;No;;auto-extracted from references;;;FALSE;;external
Hansen1992_RoyalBuild;Hansen;Royal Building Activity at Sumerian Lagash in the Early Dynastic Period;1992;;;;;;;;;No;No;;auto-extracted from references;;;FALSE;;external
Hilgert2010_TextAnthro;Hilgert;‘Text-Anthropologie’: Die Erforschung von Materialität und Präsenz des Geschriebenen als hermeneutische Strategie;2010;;;;;;;;;No;No;;auto-extracted from references;;;FALSE;;external
Mecquenem1911_Constructi;Mecquenem;Constructions élamites du Tell de l’Acropole de Suse;1911;;;;;;;;;No;No;;auto-extracted from references;;;FALSE;;external
Muscarella1988_BronzeandI;Muscarella;Bronze and Iron: Ancient Near Eastern Artifacts in the Metropolitan Museum of Art;1988;;;;;;;;;No;No;;auto-extracted from references;;;FALSE;;external
Parrot1948_TelloVingt;Parrot;Tello: Vingt campagnes de fouilles (1877–1933;1948;;;;;;;;;No;No;;auto-extracted from references;;;FALSE;;external
Pearce2010_Materialso;Pearce;Materials of Writing and Materiality of Knowledge;2010;;;;;;;;;No;No;;auto-extracted from references;;;FALSE;;external
Porter1993_ImagesPowe;Porter;Images, Power, and Politics: Figurative Aspects of Esarhaddon’s Babylonian Policy;1993;;;;;;;;;No;No;;auto-extracted from references;;;FALSE;;external
Rashid1983_Grundungsf;Rashid;Gründungsfiguren im Iraq. Prähistorische Bronzefunde 1/2. Munich;1983;;;;;;;;;No;No;;auto-extracted from references;;;FALSE;;external
Schaudig2003_Nabonidder;Schaudig;Nabonid, der ‘Archäologe auf dem Königsthron.’;2003;;;;;;;;;No;No;;auto-extracted from references;;;FALSE;;external
Suter2000_GudeasTemp;Suter;Gudea’s Temple Building: The Representation of an Early Mesopotamian Ruler in Text and Image;2000;;;;;;;;;No;No;;auto-extracted from references;;;FALSE;;external
Thomason2005_LuxuryandL;Thomason;Luxury and Legitimation: Royal Collecting in Ancient Mesopotamia;2005;;;;;;;;;No;No;;auto-extracted from references;;;FALSE;;external
Weisberg1998_TheAntiqua;Weisberg;The ‘Antiquarian’ Interests of the Neo-Babylonian Kings;1998;;;;;;;;;No;No;;auto-extracted from references;;;FALSE;;external
Wengrow2005_Violencein;Wengrow;Violence into Order: Materiality and Sacred Power in Ancient Iraq;2005;;;;;;;;;No;No;;auto-extracted from references;;;FALSE;;external
Wilson2012_BismayaRec;Wilson;Bismaya: Recovering the Lost City of Adab;2012;;;;;;;;;No;No;;auto-extracted from references;;;FALSE;;external
Winter2000_Babylonian;Winter;Babylonian Archaeologists of the(ir) Mesopotamian Past;2000;;;;;;;;;No;No;;auto-extracted from references;;;FALSE;;external
Woolley1926_TheExcavat;Woolley;The Excavations at Ur, 1925–26;1926;;;;;;;;;No;No;;auto-extracted from references;;;FALSE;;external
Woolley1939_TheZiggura;Woolley;The Ziggurat and Its Surroundings;1939;;;;;;;;;No;No;;auto-extracted from references;;;FALSE;;external
Woolley1962_TheNeoBaby;Woolley;The Neo-Babylonian and Persian Periods;1962;;;;;;;;;No;No;;auto-extracted from references;;;FALSE;;external
Woolley1974_TheBuildin;Woolley;The Buildings of the Third Dynasty;1974;;;;;;;;;No;No;;auto-extracted from references;;;FALSE;;external
Zettler1986_Frombeneat;Zettler;From beneath the Temple: Inscribed Objects from Ur;1986;;;;;;;;;No;No;;auto-extracted from references;;;FALSE;;external
Zettler1992_TheUrIIIIn;Zettler;The Ur III Inanna Temple at Nippur. Berliner Beiträge zum Vorderen Orient 11;1992;;;;;;;;;No;No;;auto-extracted from references;;;FALSE;;external
Alster1983_EnlilandNi;Alster;Enlil and Ninlil: The Marriage of Sud;1983;;;;;;;;;No;No;;auto-extracted from references;;;FALSE;;external
Andre-Salvini1999_Lestablett;André-Salvini;Les tablettes cunéiformes de Qalʿat al-Bahreïn;1999;;;;;;;;;No;No;;auto-extracted from references;;;FALSE;;external
Black1994_TheFarmers;Black;The Farmer’s Instructions;1994;;;;;;;;;No;No;;auto-extracted from references;;;FALSE;;external
Black1987_SumerianRi;Black;Sumerian Riddles: A Corpus;1987;;;;;;;;;No;No;;auto-extracted from references;;;FALSE;;external
Cole1996_NippurinLa;Cole;Nippur in Late Assyrian Times. State Archives of Assyria Studies 4;1996;;;;;;;;;No;No;;auto-extracted from references;;;FALSE;;external
Cooper1996_Miettesdel;Cooper;Miettes de l’edubba;1996;;;;;;;;;No;No;;auto-extracted from references;;;FALSE;;external
Cooper1978_TheReturno;Cooper;The Return of Ninurta to Nippur;1978;;;;;;;;;No;No;;auto-extracted from references;;;FALSE;;external
Dijk1983_LUGALUDMEL;Dijk;LUGAL UD ME-LAM-bi NIR-GAL: Le récit épique et didactique des Travaux de Ninurta, du Déluge et de la Nouvelle Création;1983;;;;;;;;;No;No;;auto-extracted from references;;;FALSE;;external
Eidem1997_CuneiformI;Eidem;Cuneiform Inscriptions;1997;;;;;;;;;No;No;;auto-extracted from references;;;FALSE;;external
Finkel1986_OntheSerie;Finkel;On the Series of Sidu;1986;;;;;;;;;No;No;;auto-extracted from references;;;FALSE;;external
George1999_TheEpicofG;George;The Epic of Gilgamesh;1999;;;;;;;;;No;No;;auto-extracted from references;;;FALSE;;external
Hilgert1998_DrehemAdmi;Hilgert;Drehem Administrative Documents from the Reign of Šulgi;1998;;;;;;;;;No;No;;auto-extracted from references;;;FALSE;;external
Koldewey1908_AusdenBeri;Koldewey;Aus den Berichten Professor Dr. Koldeweys aus Babylon;1908;;;;;;;;;No;No;;auto-extracted from references;;;FALSE;;external
Kraus1985_Mittelbaby;Kraus;Mittelbabylonische Opferschauprotokolle;1985;;;;;;;;;No;No;;auto-extracted from references;;;FALSE;;external
McEwan1986_ReviewofJe;McEwan;Review of Jean-Marie Durand, Textes babyloniens d’époque récente;1986;;;;;;;;;No;No;;auto-extracted from references;;;FALSE;;external
Reiner1987_OntheEarly;Reiner;On the Early History of the Eršahunga Prayer;1987;;;;;;;;;No;No;;auto-extracted from references;;;FALSE;;external
Reiner1998_Literature;Reiner;Literature as a Source of Lexical Inspiration: Some Notes on a Hymn to the Goddess Inanna;1998;;;;;;;;;No;No;;auto-extracted from references;;;FALSE;;external
Sassmannshausen1994_Einungewoh;Sassmannshausen;Ein ungewöhnliches mittelbabylonisches Urkundenfragment aus Nippur;1994;;;;;;;;;No;No;;auto-extracted from references;;;FALSE;;external
Sjoberg1975_Inninmagur;Sjöberg;In-nin ma-gur4-ra: A Hymn to the Goddess Inanna by the En-Priestess Enheduanna;1975;;;;;;;;;No;No;;auto-extracted from references;;;FALSE;;external
Stol1980_Lederindus;Stol;Leder(industrie;1980;;;;;;;;;No;No;;auto-extracted from references;;;FALSE;;external
Tigay1982_TheEvoluti;Tigay;The Evolution of the Gilgamesh Epic;1982;;;;;;;;;No;No;;auto-extracted from references;;;FALSE;;external
Veldhuis1999_ReviewofSi;Veldhuis;Review of Simo Parpola, The Standard Babylonian Epic of Gilgamesh;1999;;;;;;;;;No;No;;auto-extracted from references;;;FALSE;;external
Archi1973_FromEnkisH;Archi;From Enki’s Headaches to Phonology;1973;;;;;;;;;No;No;;auto-extracted from references;;;FALSE;;external
Archi1987_TheSignlis;Archi;The ‘Sign-list’ from Ebla;1987;;;;;;;;;No;No;;auto-extracted from references;;;FALSE;;external
Bauer1994_TheFarmers;Bauer;The Farmer’s Instructions: A Sumerian Agricultural Manual;1994;;;;;;;;;No;No;;auto-extracted from references;;;FALSE;;external
Bauer1998_Dervorsarg;Bauer;Der vorsargonische Abschnitt der mesopotamischen Geschichte;1998;;;;;;;;;No;No;;auto-extracted from references;;;FALSE;;external
Bauer2002_TheForerun;Bauer;The Forerunners of Maru and Hamtu in Old Babylonian;2002;;;;;;;;;No;No;;auto-extracted from references;;;FALSE;;external
Civil1961_TheHomeoft;Civil;The Home of the Fish: A New Sumerian Literary Composition;1961;;;;;;;;;No;No;;auto-extracted from references;;;FALSE;;external
Cohen1988_TheCanonic;Cohen;The Canonical Lamentations of Ancient Mesopotamia;1988;;;;;;;;;No;No;;auto-extracted from references;;;FALSE;;external
Maaijer1999_IBTURTumma;Maaijer;IB.TUR = Tummal;1999;;;;;;;;;No;No;;auto-extracted from references;;;FALSE;;external
Englund1995_TheresaRat;Englund;There’s a Rat in My Soup!;1995;;;;;;;;;No;No;;auto-extracted from references;;;FALSE;;external
Farber1977_Beschworun;Farber;Beschwörungsrituale an Ištar und Dumuzi;1977;;;;;;;;;No;No;;auto-extracted from references;;;FALSE;;external
Finkel1998_AStudyinSc;Finkel;A Study in Scarlet: Incantations against Samana;1998;;;;;;;;;No;No;;auto-extracted from references;;;FALSE;;external
Geller1985_Forerunner;Geller;Forerunners to Udug-Hul: Sumerian Exorcistic Incantations;1985;;;;;;;;;No;No;;auto-extracted from references;;;FALSE;;external
George1999_TheDogsofN;George;The Dogs of Ninkilim: Magic against Field Pests in Ancient Mesopotamia;1999;;;;;;;;;No;No;;auto-extracted from references;;;FALSE;;external
Hallo1970_TheCulticS;Hallo;The Cultic Setting of Sumerian Poetry;1970;;;;;;;;;No;No;;auto-extracted from references;;;FALSE;;external
Heimpel1968_Tierbilder;Heimpel;Tierbilder in der sumerischen Literatur;1968;;;;;;;;;No;No;;auto-extracted from references;;;FALSE;;external
Jacobsen2000_Ningiszida;Jacobsen;Ningiszida’s Boat-Ride to Hades;2000;;;;;;;;;No;No;;auto-extracted from references;;;FALSE;;external
Krebernik1983_ZuSyllabar;Krebernik;Zu Syllabar und Orthographie der lexikalischen Texte aus Ebla. Teil 2 (Glossar;1983;;;;;;;;;No;No;;auto-extracted from references;;;FALSE;;external
Krebernik1984_DieBeschwo;Krebernik;Die Beschwörungen aus Fara und Ebla: Untersuchungen zur ältesten keilschriftlichen Beschwörungsliteratur;1984;;;;;;;;;No;No;;auto-extracted from references;;;FALSE;;external
Krecher1983_Eineunorth;Krecher;Eine unorthographische sumerische Wortliste aus Ebla;1983;;;;;;;;;No;No;;auto-extracted from references;;;FALSE;;external
Krispijn1981_DieIdentif;Krispijn;Die Identifikation zweier lexikalischen Texte aus Ebla MEE III Nr. 62 und 63;1981;;;;;;;;;No;No;;auto-extracted from references;;;FALSE;;external
Landsberger1934_DieFaunade;Landsberger;Die Fauna des alten Mesopotamien nach der 14. Tafel der Serie Har-ra = hubullu;1934;;;;;;;;;No;No;;auto-extracted from references;;;FALSE;;external
Owen1981_OfBirdsEgg;Owen;Of Birds, Eggs and Turtles;1981;;;;;;;;;No;No;;auto-extracted from references;;;FALSE;;external
Rubio0_Orthograph;Rubio;Orthography and Grammar of the Ur III Sumerian Literary Texts;0000;;;;;;;;;No;No;;auto-extracted from references;;;FALSE;;external
Salonen1973_VogelundVo;Salonen;Vögel und Vogelfang im alten Mesopotamien. AASF B 180;1973;;;;;;;;;No;No;;auto-extracted from references;;;FALSE;;external
Schretter1990_EmesalStud;Schretter;Emesal-Studien: Sprach- und literaturgeschichtliche Untersuchungen zur sogenannten Frauensprache des Sumerischen. Innsbrucker Beiträge zur Kulturwissenschaft, Sonderheft 69;1990;;;;;;;;;No;No;;auto-extracted from references;;;FALSE;;external
Sjoberg1969_TheCollect;Sjӧberg;The Collection of the Sumerian Temple Hymns;1969;;;;;;;;;No;No;;auto-extracted from references;;;FALSE;;external
Steinkeller1984_TheSumeria;Steinkeller;The Sumerian Verb lugx (LUL;1984;;;;;;;;;No;No;;auto-extracted from references;;;FALSE;;external
Steinkeller2001_NewLighton;Steinkeller;New Light on the Hydrology and Topography of Southern Babylonia in the Third Millennium;2001;;;;;;;;;No;No;;auto-extracted from references;;;FALSE;;external
Veldhuis1996_ANippurEme;Veldhuis;A Nippur Emesal Vocabulary;1996;;;;;;;;;No;No;;auto-extracted from references;;;FALSE;;external
Horowitz1988_AnAssurSou;Horowitz;An Assur Source for Urra 21;1988;;;;;;;;;No;No;;auto-extracted from references;;;FALSE;;external
Biggs1974_Inscriptio;Biggs;Inscriptions from Tell Abū Ṣalābīkh;1974;;;;;;;;;No;No;;auto-extracted from references;;;FALSE;;external
Civil1983_TheSignLAK;Civil;The Sign LAK 384;1983;;;;;;;;;No;No;;auto-extracted from references;;;FALSE;;external
Cohen1976_TheNameNin;Cohen;The Name Nintinugga with a Note on the Possible Identification of Tell Abu Salabikh;1976;;;;;;;;;No;No;;auto-extracted from references;;;FALSE;;external
Englund1998_Textsfromt;Englund;Texts from the Late Uruk Period;1998;;;;;;;;;No;No;;auto-extracted from references;;;FALSE;;external
Englund1993_Dielexikal;Englund;Die lexikalischen Listen der archaischen Texte aus Uruk;1993;;;;;;;;;No;No;;auto-extracted from references;;;FALSE;;external
Farber-Flugge1999_KleinerLei;Farber-Flügge;Kleiner Leitfaden zum Silbenvokabular A;1999;;;;;;;;;No;No;;auto-extracted from references;;;FALSE;;external
Gelb1991_EarliestLa;Gelb;Earliest Land Tenure Systems in the Near East: Ancient Kudurrus;1991;;;;;;;;;No;No;;auto-extracted from references;;;FALSE;;external
Green1981_TheConstru;Green;The Construction and Implementation of the Cuneiform Writing System;1981;;;;;;;;;No;No;;auto-extracted from references;;;FALSE;;external
Green1987_Zeichenlis;Green;Zeichenliste der archaischen Texte aus Uruk;1987;;;;;;;;;No;No;;auto-extracted from references;;;FALSE;;external
Krispijn1992_TheEarlyMe;Krispijn;The Early Mesopotamian Lexical Lists and the Dawn of Linguistics;1992;;;;;;;;;No;No;;auto-extracted from references;;;FALSE;;external
Michalowski1994_Writingand;Michalowski;Writing and Literacy in Early States: A Mesopotamianist Perspective;1994;;;;;;;;;No;No;;auto-extracted from references;;;FALSE;;external
Nissen2004_DieVerwend;Nissen;Die Verwendung der Schrift im frühen Babylonien;2004;;;;;;;;;No;No;;auto-extracted from references;;;FALSE;;external
Pearce1996_TheNumberS;Pearce;The Number-Syllabary Texts;1996;;;;;;;;;No;No;;auto-extracted from references;;;FALSE;;external
Steinkeller1990_TheValuesu;Steinkeller;The Value sur of ÉREN in Third Millennium Sources;1990;;;;;;;;;No;No;;auto-extracted from references;;;FALSE;;external
Steinkeller1995_ReviewofZe;Steinkeller;Review of Zeichenliste der archaischen Texte aus Uruk, by Margaret W;1995;;;;;;;;;No;No;;auto-extracted from references;;;FALSE;;external
Steinkeller2004_ABuildingI;Steinkeller;A Building Inscription of Sîn-iddinam and Other Inscribed Materials from Abu Duwari;2004;;;;;;;;;No;No;;auto-extracted from references;;;FALSE;;external
Steinkeller2004_StudiesinT;Steinkeller;Studies in Third Millennium Paleography, 4: Sign KI;2004;;;;;;;;;No;No;;auto-extracted from references;;;FALSE;;external
Vanstiphout1992_Repetition;Vanstiphout;Repetition and Structure in the Aratta Cycle;1992;;;;;;;;;No;No;;auto-extracted from references;;;FALSE;;external
Soden1936_Leistungun;Soden;Leistung und Grenze sumerischer und babylonischer Wissenschaft;1936;;;;;;;;;No;No;;auto-extracted from references;;;FALSE;;external
Westenholz1998_Thoughtson;Westenholz;Thoughts on Esoteric Knowledge and Secret Lore;1998;;;;;;;;;No;No;;auto-extracted from references;;;FALSE;;external
Wilcke1995_DieInschri;Wilcke;Die Inschrift der ‘Figure aux plumes’;1995;;;;;;;;;No;No;;auto-extracted from references;;;FALSE;;external
Wilcke2003_EarlyAncie;Wilcke;Early Ancient Near Eastern Law: A History of Its Beginnings;2003;;;;;;;;;No;No;;auto-extracted from references;;;FALSE;;external
Bock2004_Uberlegung;Böck;Überlegungen zu einem Kultfest der altmesopotamischen Göttin Inanna;2004;;;;;;;;;No;No;;auto-extracted from references;;;FALSE;;external
Clayden1996_KurigalzuI;Clayden;Kurigalzu I and the Restoration of Babylonia;1996;;;;;;;;;No;No;;auto-extracted from references;;;FALSE;;external
Feldman2006_Diplomacyb;Feldman;Diplomacy by Design: Luxury Arts and an ‘International Style’ in the Ancient Near East, 1400–1200 BCE;2006;;;;;;;;;No;No;;auto-extracted from references;;;FALSE;;external
Finkelstein1953_CuneiformT;Finkelstein;Cuneiform Texts from Tell Billa;1953;;;;;;;;;No;No;;auto-extracted from references;;;FALSE;;external
Fleming1992_TheInstall;Fleming;The Installation of Baal’s High Priestess at Emar: A Window on Ancient Syrian Religion;1992;;;;;;;;;No;No;;auto-extracted from references;;;FALSE;;external
Foster1993_BeforetheM;Foster;Before the Muses: An Anthology of Akkadian Literature;1993;;;;;;;;;No;No;;auto-extracted from references;;;FALSE;;external
Izre'el1997_TheAmarnaS;Izre’el;The Amarna Scholarly Tablets;1997;;;;;;;;;No;No;;auto-extracted from references;;;FALSE;;external
Kramer1948_Fragmentso;Kramer;Fragments of a Diorite Statue of Kurigalzu in the Iraq Museum;1948;;;;;;;;;No;No;;auto-extracted from references;;;FALSE;;external
Lenzi2008_Secrecyand;Lenzi;Secrecy and the Gods: Secret Knowledge in Ancient Mesopotamia and Biblical Israel;2008;;;;;;;;;No;No;;auto-extracted from references;;;FALSE;;external
Machinist1984_TheAssyria;Machinist;The Assyrians and Their Babylonian Problem: Some Reflections;1984;;;;;;;;;No;No;;auto-extracted from references;;;FALSE;;external
Maul1998_MardukNabu;Maul;Marduk, Nabû und der assyrische Fall: Die Geschichte eines sumerischen Šuʾilas;1998;;;;;;;;;No;No;;auto-extracted from references;;;FALSE;;external
Myhrman1911_Babylonian;Myhrman;Babylonian Hymns and Prayers. Publications of the Babylonian Section 1/1;1911;;;;;;;;;No;No;;auto-extracted from references;;;FALSE;;external
Sallaberger1996_ReviewofFl;Sallaberger;Review of Fleming 1992;1996;;;;;;;;;No;No;;auto-extracted from references;;;FALSE;;external
Slanski2000_Classifica;Slanski;Classification, Historiography and Monumental Authority: The Babylonian Entitlement narû (kudurrus;2000;;;;;;;;;No;No;;auto-extracted from references;;;FALSE;;external
Mieroop2007_AHistoryof;Mieroop;A History of the Ancient Near East;2007;;;;;;;;;No;No;;auto-extracted from references;;;FALSE;;external
Soldt2001_Nabusallim;Soldt;Nabû-šallim, an Assyrian Scribe Working in the ‘Southern Palace’ at Ugarit;2001;;;;;;;;;No;No;;auto-extracted from references;;;FALSE;;external
Veldhuis2008_Kurigalzus;Veldhuis;Kurigalzu’s Statue Inscription;2008;;;;;;;;;No;No;;auto-extracted from references;;;FALSE;;external
Weidner1952_DieBibliot;Weidner;Die Bibliothek Tiglatpilesers I;1952;;;;;;;;;No;No;;auto-extracted from references;;;FALSE;;external
Westenholz2005_SingaSongf;Westenholz;Sing a Song for Šulgi;2005;;;;;;;;;No;No;;auto-extracted from references;;;FALSE;;external
Cavigneaux1980_DieFragmen;Cavigneaux;Die Fragmente der sumerisch-akkadischen Wortliste ‘ERIMḫuš’ im Vorderasiatischen Museum zu Berlin;1980;;;;;;;;;No;No;;auto-extracted from references;;;FALSE;;external
Cavigneaux1981_TextsfromB;Cavigneaux;Texts from Babylon: Textes scolaires du Temple de Nabû ša Harê;1981;;;;;;;;;No;No;;auto-extracted from references;;;FALSE;;external
Cavigneaux1996_Uncolophon;Cavigneaux;Un colophon de type Nabû ša Harê;1996;;;;;;;;;No;No;;auto-extracted from references;;;FALSE;;external
Cavigneaux1999_Nabusahare;Cavigneaux;Nabû ša harê und die Kinder von Babylon;1999;;;;;;;;;No;No;;auto-extracted from references;;;FALSE;;external
Civil2010_TheLexical;Civil;The Lexical Texts in the Schøyen Collection;2010;;;;;;;;;No;No;;auto-extracted from references;;;FALSE;;external
Frahm1995_TonvomTond;Frahm;Ton vom Ton des heiligen Hügels;1995;;;;;;;;;No;No;;auto-extracted from references;;;FALSE;;external
Frahm2002_Assur2001D;Frahm;Assur 2001: Die Schriftfunde;2002;;;;;;;;;No;No;;auto-extracted from references;;;FALSE;;external
Frahm2011_Babylonian;Frahm;Babylonian and Assyrian Text Commentaries: Origins of Interpretation;2011;;;;;;;;;No;No;;auto-extracted from references;;;FALSE;;external
George1992_Babylonian;George;Babylonian Topographical Texts;1992;;;;;;;;;No;No;;auto-extracted from references;;;FALSE;;external
George2010_TheColopho;George;The Colophon of MS 5007;2010;;;;;;;;;No;No;;auto-extracted from references;;;FALSE;;external
Gesche1995_TonvomTond;Gesche;Ton vom Ton des heiligen Hügels – woher stammt der Ton wirklich?;1995;;;;;;;;;No;No;;auto-extracted from references;;;FALSE;;external
Hrusa2010_Dieakkadis;Hruša;Die akkadische Synonymenliste malku = šarru: Eine Textedition mit Übersetzung und Kommentar;2010;;;;;;;;;No;No;;auto-extracted from references;;;FALSE;;external
Maul1998_Tikipsanta;Maul;Tikip santakki mala bašmu ... Anstelle eines Vorwortes;1998;;;;;;;;;No;No;;auto-extracted from references;;;FALSE;;external
Ossendrijver2011_Exzellente;Ossendrijver;Exzellente Netzwerke: Die Astronomen von Uruk;2011;;;;;;;;;No;No;;auto-extracted from references;;;FALSE;;external
Ossendrijver2011_ScienceinA;Ossendrijver;Science in Action: Networks in Babylonian Astronomy;2011;;;;;;;;;No;No;;auto-extracted from references;;;FALSE;;external
Pearce1993_Statements;Pearce;Statements of Purpose: Why the Scribes Wrote;1993;;;;;;;;;No;No;;auto-extracted from references;;;FALSE;;external
Peterson2007_ANewSource;Peterson;A New Source for Diri Tablet 7;2007;;;;;;;;;No;No;;auto-extracted from references;;;FALSE;;external
Snell1994_ANeoBabylo;Snell;A Neo-Babylonian Colophon;1994;;;;;;;;;No;No;;auto-extracted from references;;;FALSE;;external
Waerzeggers2010_TheEzidaTe;Waerzeggers;The Ezida Temple of Borsippa: Priesthood, Cult, Archives;2010;;;;;;;;;No;No;;auto-extracted from references;;;FALSE;;external
Waerzeggers2011_TheBabylon;Waerzeggers;The Babylonian Priesthood in the Long Sixth Century BC;2011;;;;;;;;;No;No;;auto-extracted from references;;;FALSE;;external
Wagensonner2011_AScribalFa;Wagensonner;A Scribal Family and Its Orthographic Peculiarities;2011;;;;;;;;;No;No;;auto-extracted from references;;;FALSE;;external
Cohen1973_Enmerkaran;Cohen;Enmerkar and the Lord of Aratta;1973;;;;;;;;;No;No;;auto-extracted from references;;;FALSE;;external
Glassner2003_TheInventi;Glassner;The Invention of Cuneiform Writing in Sumer;2003;;;;;;;;;No;No;;auto-extracted from references;;;FALSE;;external
Green1980_AnimalHusb;Green;Animal Husbandry at Uruk in the Archaic Period;1980;;;;;;;;;No;No;;auto-extracted from references;;;FALSE;;external
Jacobsen1939_TheSumeria;Jacobsen;The Sumerian King List;1939;;;;;;;;;No;No;;auto-extracted from references;;;FALSE;;external
Jacobsen1987_TheHarpsTh;Jacobsen;The Harps That Once... Sumerian Poetry in Translation;1987;;;;;;;;;No;No;;auto-extracted from references;;;FALSE;;external
Komoroczy1975_ZurAtiolog;Komoróczy;Zur Ätiologie der Schrifterfindung im Enmerkar-Epos;1975;;;;;;;;;No;No;;auto-extracted from references;;;FALSE;;external
Kramer1952_Enmerkaran;Kramer;Enmerkar and the Lord of Aratta;1952;;;;;;;;;No;No;;auto-extracted from references;;;FALSE;;external
Lieberman1980_OfClayPebb;Lieberman;Of Clay Pebbles, Hollow Clay Balls, and Writing: A Sumerian View;1980;;;;;;;;;No;No;;auto-extracted from references;;;FALSE;;external
Michalowski1986_MentalMaps;Michalowski;Mental Maps and Ideology: Reflections on Subartu;1986;;;;;;;;;No;No;;auto-extracted from references;;;FALSE;;external
Nissen1990_FruheSchri;Nissen;Frühe Schrift und Techniken der Wirtschaftsverwaltung im Alten Vorderen Orient;1990;;;;;;;;;No;No;;auto-extracted from references;;;FALSE;;external
Pallis1956_TheAntiqui;Pallis;The Antiquity of Iraq: A Handbook of Assyriology;1956;;;;;;;;;No;No;;auto-extracted from references;;;FALSE;;external
Rogers1915_AHistoryof;Rogers;A History of Babylonia and Assyria;1915;;;;;;;;;No;No;;auto-extracted from references;;;FALSE;;external
Schmandt-Besserat1977_AnArchaicR;Schmandt-Besserat;An Archaic Recording System and the Origin of Writing;1977;;;;;;;;;No;No;;auto-extracted from references;;;FALSE;;external
Schmandt-Besserat1979_AnArchaicR;Schmandt-Besserat;An Archaic Recording System in the Uruk–Jemdet Nasr Period;1979;;;;;;;;;No;No;;auto-extracted from references;;;FALSE;;external
Schmandt-Besserat1992_BeforeWrit;Schmandt-Besserat;Before Writing;1992;;;;;;;;;No;No;;auto-extracted from references;;;FALSE;;external
Steinkeller2004_TheFunctio;Steinkeller;The Function of Written Documentation in the Administrative Praxis of Early Babylonia;2004;;;;;;;;;No;No;;auto-extracted from references;;;FALSE;;external
Vanstiphout1989_EnmerkarsI;Vanstiphout;Enmerkar’s Invention of Writing Revisited;1989;;;;;;;;;No;No;;auto-extracted from references;;;FALSE;;external
Vanstiphout1994_AnotherAtt;Vanstiphout;Another Attempt at the Spell of Nudimmud;1994;;;;;;;;;No;No;;auto-extracted from references;;;FALSE;;external
Whittaker2001_TheDawnofW;Whittaker;The Dawn of Writing and Phoneticism;2001;;;;;;;;;No;No;;auto-extracted from references;;;FALSE;;external
Abraham2004_Businessan;Abraham;Business and Politics under the Persian Empire: The Financial Dealings of Marduk-nasir-apli of the House of Egibi (521–487 B.C.E;2004;;;;;;;;;No;No;;auto-extracted from references;;;FALSE;;external
Abrahami2008_Delusageet;Abrahami;De l’usage et de l’archivage des tablettes cunéiformes d’Amarna;2008;;;;;;;;;No;No;;auto-extracted from references;;;FALSE;;external
Abusch2002_Mesopotami;Abusch;Mesopotamian Witchcraft;2002;;;;;;;;;No;No;;auto-extracted from references;;;FALSE;;external
Unknown2002_RichesHidd;Unknown;Riches Hidden in Secret Places: Ancient Near Eastern Studies in Memory of Thorkild Jacobsen;2002;;;;;;;;;No;No;;auto-extracted from references;;;FALSE;;external
Unknown1999_Mesopotami;Unknown;Mesopotamian Magic: Textual, Historical, and Interpretative Perspectives;1999;;;;;;;;;No;No;;auto-extracted from references;;;FALSE;;external
Unknown2001_Historiogr;Unknown;Historiography in the Cuneiform World: Proceedings of the XLVe Rencontre Assyriologique Internationale, Part I;2001;;;;;;;;;No;No;;auto-extracted from references;;;FALSE;;external
Al-Jadir1998_Decouverte;Al-Jadir;Découverte d’une bibliothèque dans le temple de la ville de Sippar (Abu Habbah;1998;;;;;;;;;No;No;;auto-extracted from references;;;FALSE;;external
Alster1987_ANoteonthe;Alster;A Note on the Uriah Letter in the Sumerian Sargon Legend;1987;;;;;;;;;No;No;;auto-extracted from references;;;FALSE;;external
Unknown1982_Naissanced;Unknown;Naissance de l’écriture;1982;;;;;;;;;No;No;;auto-extracted from references;;;FALSE;;external
Archi1992_Transmissi;Archi;Transmission of the Mesopotamian Lexical and Literary Texts;1992;;;;;;;;;No;No;;auto-extracted from references;;;FALSE;;external
Arnaud1980_Labiblioth;Arnaud;La bibliothèque d’un devin syrien à Meskene-Emar (Syrie;1980;;;;;;;;;No;No;;auto-extracted from references;;;FALSE;;external
Arnaud1987_LaSyrieduM;Arnaud;La Syrie du Moyen-Euphrate sous le protectorat hittite: Contrats de droit privé;1987;;;;;;;;;No;No;;auto-extracted from references;;;FALSE;;external
Unknown2009_Advancesin;Unknown;Advances in Mesopotamian Medicine from Hammurabi to Hippocrates;2009;;;;;;;;;No;No;;auto-extracted from references;;;FALSE;;external
Baker2003_RecordKeep;Baker;Record-Keeping Practices as Revealed by the Neo-Babylonian Private Archival Documents;2003;;;;;;;;;No;No;;auto-extracted from references;;;FALSE;;external
Battini1996_Lalocalisa;Battini;La localisation des archives du palais sud-ouest de Ninive;1996;;;;;;;;;No;No;;auto-extracted from references;;;FALSE;;external
Bauer1998_Mesopotami;Bauer;Mesopotamien: Späturuk-Zeit und Frühdynastische Zeit;1998;;;;;;;;;No;No;;auto-extracted from references;;;FALSE;;external
Beaulieu1989_TheReignof;Beaulieu;The Reign of Nabonidus, King of Babylon (556–539 B.C;1989;;;;;;;;;No;No;;auto-extracted from references;;;FALSE;;external
Beaulieu1993_TheHistori;Beaulieu;The Historical Background of the Uruk Prophecy;1993;;;;;;;;;No;No;;auto-extracted from references;;;FALSE;;external
Beaulieu2000_TheDescend;Beaulieu;The Descendants of Sîn-lēqi-unninni;2000;;;;;;;;;No;No;;auto-extracted from references;;;FALSE;;external
Beaulieu2007_LateBabylo;Beaulieu;Late Babylonian Intellectual Life;2007;;;;;;;;;No;No;;auto-extracted from references;;;FALSE;;external
Unknown1989_DUMUEDUBBA;Unknown;DUMU-E-DUB-BA-A: Studies in Honor of Åke W. Sjöberg;1989;;;;;;;;;No;No;;auto-extracted from references;;;FALSE;;external
Bezold1889_Catalogueo;Bezold;Catalogue of the Cuneiform Tablets in the Kouyunjik Collection of the British Museum;1889;;;;;;;;;No;No;;auto-extracted from references;;;FALSE;;external
Biga2003_TheReconst;Biga;The Reconstruction of a Relative Chronology for the Ebla Texts;2003;;;;;;;;;No;No;;auto-extracted from references;;;FALSE;;external
Biggs1973_RegionalCu;Biggs;Regional Cuneiform Handwritings in Third Millennium Mesopotamia;1973;;;;;;;;;No;No;;auto-extracted from references;;;FALSE;;external
Birot1985_Leschroniq;Birot;Les chroniques ‘assyriennes’ de Mari;1985;;;;;;;;;No;No;;auto-extracted from references;;;FALSE;;external
Black2008_TextsfromU;Black;Texts from Ur Kept in the Iraq Museum and in the British Museum;2008;;;;;;;;;No;No;;auto-extracted from references;;;FALSE;;external
Bleibtreu2003_Bemerkunge;Bleibtreu;Bemerkungen zum Griffel des Tontafelschreibers;2003;;;;;;;;;No;No;;auto-extracted from references;;;FALSE;;external
Bock1996_WennduzuNi;Böck;‘Wenn du zu Nintinuga gesprochen hast ...’: Untersuchungen zu Aufbau, Inhalt, Sitz-im-Leben und Funktion sumerischer Gottesbriefe;1996;;;;;;;;;No;No;;auto-extracted from references;;;FALSE;;external
Bock2000_Mesopotami;Böck;Mesopotamische Morphoskopie;2000;;;;;;;;;No;No;;auto-extracted from references;;;FALSE;;external
Bonechi1992_Relationsa;Bonechi;Relations amicales syro-palestiniennes: Mari et Hasor au XVIIIe siècle av. J.-C;1992;;;;;;;;;No;No;;auto-extracted from references;;;FALSE;;external
Bonneterre1988_Pouruneetu;Bonneterre;Pour une étude des dermatoglyphes digitaux sur des tablettes cunéiformes;1988;;;;;;;;;No;No;;auto-extracted from references;;;FALSE;;external
Unknown1991_Unebibliot;Unknown;Une bibliothèque au sud de la ville: Les textes de la 34e campagne (1973;1991;;;;;;;;;No;No;;auto-extracted from references;;;FALSE;;external
Borger1957_Geheimwiss;Borger;Geheimwissen;1957;;;;;;;;;No;No;;auto-extracted from references;;;FALSE;;external
Borger1990_Schlusselz;Borger;Schlüssel zu M;1990;;;;;;;;;No;No;;auto-extracted from references;;;FALSE;;external
Borger1996_Beitragezu;Borger;Beiträge zum Inschriftenwerk Assurbanipals;1996;;;;;;;;;No;No;;auto-extracted from references;;;FALSE;;external
Bottero1974_Symptomess;Bottéro;Symptômes, signes, écritures en Mésopotamie ancienne;1974;;;;;;;;;No;No;;auto-extracted from references;;;FALSE;;external
Bottero1985_Mythesetri;Bottéro;Mythes et rites de Babylone;1985;;;;;;;;;No;No;;auto-extracted from references;;;FALSE;;external
Bottero1987_LaMesopota;Bottéro;La Mésopotamie: L’écriture, la raison et les dieux;1987;;;;;;;;;No;No;;auto-extracted from references;;;FALSE;;external
Boyer1958_Textesjuri;Boyer;Textes juridiques;1958;;;;;;;;;No;No;;auto-extracted from references;;;FALSE;;external
Brinkman2006_Babylonian;Brinkman;Babylonian Royal and Land Grants, Memorials of Financial Interest, and Invocation of the Divine;2006;;;;;;;;;No;No;;auto-extracted from references;;;FALSE;;external
Brosius2003_AncientArc;Brosius;Ancient Archives and Concepts of Record-Keeping: An Introduction;2003;;;;;;;;;No;No;;auto-extracted from references;;;FALSE;;external
Buccellati1993_ThroughaTa;Buccellati;Through a Tablet Darkly: A Reconstruction of Old Akkadian Monuments Described in Old Babylonian Copies;1993;;;;;;;;;No;No;;auto-extracted from references;;;FALSE;;external
Butler1998_Mesopotami;Butler;Mesopotamian Conceptions of Dreams and Dream Rituals;1998;;;;;;;;;No;No;;auto-extracted from references;;;FALSE;;external
Cancik-Kirschbaum1996_Diemittela;Cancik-Kirschbaum;Die mittelassyrischen Briefe aus Tall Šēḫ Ḥamad;1996;;;;;;;;;No;No;;auto-extracted from references;;;FALSE;;external
Cancik-Kirschbaum2006_Lescaracte;Cancik-Kirschbaum;Les caractères en forme de coins: Le cas du cunéiforme;2006;;;;;;;;;No;No;;auto-extracted from references;;;FALSE;;external
Caquot1989_Textesreli;Caquot;Textes religieux, rituels, correspondance;1989;;;;;;;;;No;No;;auto-extracted from references;;;FALSE;;external
Cassin1987_Lesemblabl;Cassin;Le semblable et le différent: Symbolismes du pouvoir dans le Proche-Orient ancien;1987;;;;;;;;;No;No;;auto-extracted from references;;;FALSE;;external
Castel1995_Contextear;Castel;Contexte archéologique et statut des documents: Les textes retrouvés dans les maisons mésopotamiennes du Ier millénaire av;1995;;;;;;;;;No;No;;auto-extracted from references;;;FALSE;;external
Cavigneaux1996_URUKAltbab;Cavigneaux;URUK: Altbabylonische Texte aus dem Planquadrat Pe XVI4/5 nach Kopien von Adam Falkenstein;1996;;;;;;;;;No;No;;auto-extracted from references;;;FALSE;;external
Cecen1995_Inamatikae;Ceçen;Ina matika eblum;1995;;;;;;;;;No;No;;auto-extracted from references;;;FALSE;;external
Chamaza1992_Syntactica;Chamaza;Syntactical and Stylistic Observations on the Text of the Eighth Campaign of Sargon II;1992;;;;;;;;;No;No;;auto-extracted from references;;;FALSE;;external
Charpin1980_Archivesfa;Charpin;Archives familiales et propriété privée en Babylonie ancienne: Étude des documents de Tell Sifr;1980;;;;;;;;;No;No;;auto-extracted from references;;;FALSE;;external
Charpin1983_Uninventai;Charpin;Un inventaire général des trésors du palais de Mari;1983;;;;;;;;;No;No;;auto-extracted from references;;;FALSE;;external
Charpin1989_Correction;Charpin;Corrections, ratures, annulations;1989;;;;;;;;;No;No;;auto-extracted from references;;;FALSE;;external
Charpin1990_Uneallianc;Charpin;Une alliance contre l’Elam;1990;;;;;;;;;No;No;;auto-extracted from references;;;FALSE;;external
Charpin1991_Untraiteen;Charpin;Un traité entre Zimri-Lim et Ibal-pi-El II;1991;;;;;;;;;No;No;;auto-extracted from references;;;FALSE;;external
Charpin1992_Lesmalheur;Charpin;Les malheurs d’un scribe;1992;;;;;;;;;No;No;;auto-extracted from references;;;FALSE;;external
Charpin1992_Leslegende;Charpin;Les légendes de sceaux de Mari;1992;;;;;;;;;No;No;;auto-extracted from references;;;FALSE;;external
Charpin1993_Unsouverai;Charpin;Un souverain éphémère;1993;;;;;;;;;No;No;;auto-extracted from references;;;FALSE;;external
Charpin1994_Lesumerien;Charpin;Le sumérien, langue morte parlée;1994;;;;;;;;;No;No;;auto-extracted from references;;;FALSE;;external
Charpin1995_Leserreurs;Charpin;Les erreurs de scribes;1995;;;;;;;;;No;No;;auto-extracted from references;;;FALSE;;external
Charpin1997_Sapiratumv;Charpin;Sapiratum, ville du Suḫûm;1997;;;;;;;;;No;No;;auto-extracted from references;;;FALSE;;external
Charpin1999_SumerIIIEc;Charpin;Sumer III: Écoles et éducation;1999;;;;;;;;;No;No;;auto-extracted from references;;;FALSE;;external
Charpin2002_Esquissedu;Charpin;Esquisse d’une diplomatique des documents mésopotamiens;2002;;;;;;;;;No;No;;auto-extracted from references;;;FALSE;;external
Charpin2002_Lacommemor;Charpin;La commémoration d’actes juridiques;2002;;;;;;;;;No;No;;auto-extracted from references;;;FALSE;;external
Charpin2003_Lesacrific;Charpin;Le sacrifice de chèvres lors d’alliances;2003;;;;;;;;;No;No;;auto-extracted from references;;;FALSE;;external
Charpin2004_Histoirepo;Charpin;Histoire politique du Proche-Orient amorrite;2004;;;;;;;;;No;No;;auto-extracted from references;;;FALSE;;external
Civil1979_TheSeriesl;Civil;The Series lu = ša and Related Texts;1979;;;;;;;;;No;No;;auto-extracted from references;;;FALSE;;external
Civil1983_AnEarlyDyn;Civil;An Early Dynastic School Exercise from Lagaš;1983;;;;;;;;;No;No;;auto-extracted from references;;;FALSE;;external
Civil1987_UrIIIBurea;Civil;Ur III Bureaucracy: Quantitative Aspects;1987;;;;;;;;;No;No;;auto-extracted from references;;;FALSE;;external
Civil2008_TheEarlyDy;Civil;The Early Dynastic Practical Vocabulary A (Archaic HAR-RA A;2008;;;;;;;;;No;No;;auto-extracted from references;;;FALSE;;external
Clancier2005_Lesbibliot;Clancier;Les bibliothèques en Babylonie dans la deuxième moitié du Ier millénaire av;2005;;;;;;;;;No;No;;auto-extracted from references;;;FALSE;;external
Unknown1993_TheTableta;Unknown;The Tablet and the Scroll: Near Eastern Studies in Honor of W;1993;;;;;;;;;No;No;;auto-extracted from references;;;FALSE;;external
Cole1996_TheEarlyNe;Cole;The Early Neo-Babylonian Governor’s Archive from Nippur;1996;;;;;;;;;No;No;;auto-extracted from references;;;FALSE;;external
Cooper2006_Responsefo;Cooper;Response for the First Session;2006;;;;;;;;;No;No;;auto-extracted from references;;;FALSE;;external
Cooper1983_TheSumeria;Cooper;The Sumerian Sargon Legend;1983;;;;;;;;;No;No;;auto-extracted from references;;;FALSE;;external
Dain1961_Introducti;Dain;Introduction à la paléographie;1961;;;;;;;;;No;No;;auto-extracted from references;;;FALSE;;external
Unknown2008_TheCityofE;Unknown;The City of Emar among the Late Bronze Age Empires;2008;;;;;;;;;No;No;;auto-extracted from references;;;FALSE;;external
Dalley1973_OldBabylon;Dalley;Old Babylonian Greeting Formulae and the Iltani’s Archive from Rimah;1973;;;;;;;;;No;No;;auto-extracted from references;;;FALSE;;external
Daniels1995_TheDeciphe;Daniels;The Decipherment of Ancient Near Eastern Scripts;1995;;;;;;;;;No;No;;auto-extracted from references;;;FALSE;;external
Daniels1995_CuneiformC;Daniels;Cuneiform Calligraphy;1995;;;;;;;;;No;No;;auto-extracted from references;;;FALSE;;external
Dassow2009_NaramSinof;Dassow;Naram-Sîn of Uruk: A New King in an Old Shoebox;2009;;;;;;;;;No;No;;auto-extracted from references;;;FALSE;;external
Riva2008_TheNeoBaby;Riva;The Neo-Babylonian Royal Inscriptions: An Introduction;2008;;;;;;;;;No;No;;auto-extracted from references;;;FALSE;;external
Demare-Lafont1987_Linterpret;Demare-Lafont;L’interprétation de Nb 5,31 à la lumière des droits cunéiformes;1987;;;;;;;;;No;No;;auto-extracted from references;;;FALSE;;external
Unknown2004_Assyriaand;Unknown;Assyria and Beyond: Studies Presented to Mogens Trolle Larsen;2004;;;;;;;;;No;No;;auto-extracted from references;;;FALSE;;external
Unknown1999_BorninHeav;Unknown;Born in Heaven, Made on Earth: The Making of the Cult Image in the Ancient Near East;1999;;;;;;;;;No;No;;auto-extracted from references;;;FALSE;;external
Dietrich1990_Dieakkadis;Dietrich;Die akkadischen Texte der Archive und Bibliotheken von Emar;1990;;;;;;;;;No;No;;auto-extracted from references;;;FALSE;;external
Dietrich2001_Babylonisc;Dietrich;Babylonische Sklaven auf der Schreiberschule;2001;;;;;;;;;No;No;;auto-extracted from references;;;FALSE;;external
Unknown1995_VomAltenOr;Unknown;Vom Alten Orient zum Alten Testament: Festschrift für Wolfram Freiherrn von Soden zum 85. Geburtstag;1995;;;;;;;;;No;No;;auto-extracted from references;;;FALSE;;external
Dombradi1996_DieDarstel;Dombradi;Die Darstellung des Rechtsaustrags in den altbabylonischen Prozessurkunden;1996;;;;;;;;;No;No;;auto-extracted from references;;;FALSE;;external
Donbaz1997_IstanbulMu;Donbaz;Istanbul Murashu Texts;1997;;;;;;;;;No;No;;auto-extracted from references;;;FALSE;;external
Unknown2003_CulturalRe;Unknown;Cultural Repertoires: Structure, Function, and Dynamics;2003;;;;;;;;;No;No;;auto-extracted from references;;;FALSE;;external
Durand1982_Sumerienet;Durand;Sumérien et akkadien en pays amorrite I;1982;;;;;;;;;No;No;;auto-extracted from references;;;FALSE;;external
Durand1984_Troisetude;Durand;Trois études sur Mari;1984;;;;;;;;;No;No;;auto-extracted from references;;;FALSE;;external
Durand1985_Lasituatio;Durand;La situation historique des Šakkanakku;1985;;;;;;;;;No;No;;auto-extracted from references;;;FALSE;;external
Durand1985_Lesdamesdu;Durand;Les dames du palais de Mari;1985;;;;;;;;;No;No;;auto-extracted from references;;;FALSE;;external
Durand1987_Documentsp;Durand;Documents pour l’histoire du royaume de Haute-Mésopotamie (I;1987;;;;;;;;;No;No;;auto-extracted from references;;;FALSE;;external
Durand1988_Archivesep;Durand;Archives épistolaires de Mari;1988;;;;;;;;;No;No;;auto-extracted from references;;;FALSE;;external
Durand1988_Lecturedun;Durand;Lecture d’un texte divinatoire babylonien;1988;;;;;;;;;No;No;;auto-extracted from references;;;FALSE;;external
Durand1991_Precurseur;Durand;Précurseurs syriens aux protocoles néo-assyriens;1991;;;;;;;;;No;No;;auto-extracted from references;;;FALSE;;external
Durand1992_Uniteetdiv;Durand;Unité et diversités au Proche-Orient à l’époque amorrite;1992;;;;;;;;;No;No;;auto-extracted from references;;;FALSE;;external
Durand1998_Lesdocumen;Durand;Les documents épistolaires du palais de Mari;1998;;;;;;;;;No;No;;auto-extracted from references;;;FALSE;;external
Durand2000_Assyriolog;Durand;Assyriologie;2000;;;;;;;;;No;No;;auto-extracted from references;;;FALSE;;external
Durand2003_Laconscien;Durand;La conscience du temps et sa commémoration en Mésopotamie;2003;;;;;;;;;No;No;;auto-extracted from references;;;FALSE;;external
Durand2006_Lalettrede;Durand;La lettre de Labarna au roi de Tigunanum;2006;;;;;;;;;No;No;;auto-extracted from references;;;FALSE;;external
Durand2008_Lareligion;Durand;La religion à l’époque amorrite d’après les archives de Mari;2008;;;;;;;;;No;No;;auto-extracted from references;;;FALSE;;external
Durand1997_Lesrituels;Durand;Les rituels de Mari;1997;;;;;;;;;No;No;;auto-extracted from references;;;FALSE;;external
Unknown1985_Miscellane;Unknown;Miscellanea babylonica;1985;;;;;;;;;No;No;;auto-extracted from references;;;FALSE;;external
Edel1994_Dieagyptis;Edel;Die ägyptisch-hethitische Korrespondenz aus Boğazköy;1994;;;;;;;;;No;No;;auto-extracted from references;;;FALSE;;external
Edel1997_DerVertrag;Edel;Der Vertrag zwischen Ramses II;1997;;;;;;;;;No;No;;auto-extracted from references;;;FALSE;;external
Edzard1976_Keilschrif;Edzard;Keilschrift;1976;;;;;;;;;No;No;;auto-extracted from references;;;FALSE;;external
Edzard1997_Ledevelopp;Edzard;Le développement de l’écriture cunéiforme;1997;;;;;;;;;No;No;;auto-extracted from references;;;FALSE;;external
Eidem2000_NorthernJe;Eidem;Northern Jezirah in the Eighteenth Century B.C;2000;;;;;;;;;No;No;;auto-extracted from references;;;FALSE;;external
Eidem2002_TheClayThe;Eidem;The Clay They Wrote On;2002;;;;;;;;;No;No;;auto-extracted from references;;;FALSE;;external
Eidem2008_ApumAKingd;Eidem;Apum: A Kingdom on the Old Assyrian Route;2008;;;;;;;;;No;No;;auto-extracted from references;;;FALSE;;external
Unknown1992_Nippuratth;Unknown;Nippur at the Centennial;1992;;;;;;;;;No;No;;auto-extracted from references;;;FALSE;;external
Elsen-Novak2006_DerKonigde;Elsen-Novák;Der ‘König der Gerechtigkeit’;2006;;;;;;;;;No;No;;auto-extracted from references;;;FALSE;;external
Eph'al2006_Observatio;Ephʿal;Observations on Two Inscriptions of Esarhaddon;2006;;;;;;;;;No;No;;auto-extracted from references;;;FALSE;;external
Fales1986_AramaicEpi;Fales;Aramaic Epigraphs on Clay Tablets of the Neo-Assyrian Period;1986;;;;;;;;;No;No;;auto-extracted from references;;;FALSE;;external
Fales1991_Narrativea;Fales;Narrative and Ideological Variations in the Account of Sargon’s Eighth Campaign;1991;;;;;;;;;No;No;;auto-extracted from references;;;FALSE;;external
Fales1999_AssyrianRo;Fales;Assyrian Royal Inscriptions: Newer Horizons;1999;;;;;;;;;No;No;;auto-extracted from references;;;FALSE;;external
Fales2007_Multilingu;Fales;Multilingualism on Multiple Media in the Neo-Assyrian Period;2007;;;;;;;;;No;No;;auto-extracted from references;;;FALSE;;external
Figulla1953_AccountsCo;Figulla;Accounts Concerning Allocation of Provisions for Offerings in the Ningal Temple at Ur;1953;;;;;;;;;No;No;;auto-extracted from references;;;FALSE;;external
Fincke2006_Ominadiego;Fincke;Omina, die göttlichen ‘Gesetze’ der Divination;2006;;;;;;;;;No;No;;auto-extracted from references;;;FALSE;;external
Finet1969_Lessymbole;Finet;Les symboles du cheveu, du bord du vêtement et de l’ongle en Mésopotamie;1969;;;;;;;;;No;No;;auto-extracted from references;;;FALSE;;external
Finkel1988_Adadaplaid;Finkel;Adad-apla-iddina, Esagil-kin-apli, and the Series SA.GIG;1988;;;;;;;;;No;No;;auto-extracted from references;;;FALSE;;external
Finkel2006_OnanIzbuVI;Finkel;On an Izbu VII Commentary;2006;;;;;;;;;No;No;;auto-extracted from references;;;FALSE;;external
Foster1986_Archivesan;Foster;Archives and Empire in Sargonic Mesopotamia;1986;;;;;;;;;No;No;;auto-extracted from references;;;FALSE;;external
Foster1991_OnAuthorsh;Foster;On Authorship in Akkadian Literature;1991;;;;;;;;;No;No;;auto-extracted from references;;;FALSE;;external
Foster1993_Lettersand;Foster;Letters and Literature: A Ghost’s Entreaty;1993;;;;;;;;;No;No;;auto-extracted from references;;;FALSE;;external
Foster2005_Shuruppaka;Foster;Shuruppak and the Sumerian City State;2005;;;;;;;;;No;No;;auto-extracted from references;;;FALSE;;external
Foster2005_BeforetheM;Foster;Before the Muses: An Anthology of Akkadian Literature;2005;;;;;;;;;No;No;;auto-extracted from references;;;FALSE;;external
Foster2007_AkkadianLi;Foster;Akkadian Literature of the Late Period;2007;;;;;;;;;No;No;;auto-extracted from references;;;FALSE;;external
Frahm1997_Einleitung;Frahm;Einleitung in die Sanherib-Inschriften;1997;;;;;;;;;No;No;;auto-extracted from references;;;FALSE;;external
Frahm0_Forthcomin;Frahm;Forthcoming;0000;;;;;;;;;No;No;;auto-extracted from references;;;FALSE;;external
Frake1983_DidLiterac;Frake;Did Literacy Cause the Great Cognitive Divide?;1983;;;;;;;;;No;No;;auto-extracted from references;;;FALSE;;external
Freedman1998_IfaCityIsS;Freedman;If a City Is Set on a Height;1998;;;;;;;;;No;No;;auto-extracted from references;;;FALSE;;external
Freedman2006_BM129092;Freedman;BM 129092;2006;;;;;;;;;No;No;;auto-extracted from references;;;FALSE;;external
Friberg1987_Mathematik;Friberg;Mathematik;1987;;;;;;;;;No;No;;auto-extracted from references;;;FALSE;;external
Fronzaroli2003_Testidican;Fronzaroli;Testi di cancelleria: I rapporti con le città;2003;;;;;;;;;No;No;;auto-extracted from references;;;FALSE;;external
Galter1997_Assyrische;Galter;Assyrische Königsinschriften des 2. Jahrtausends v. Chr;1997;;;;;;;;;No;No;;auto-extracted from references;;;FALSE;;external
Garfinkle2004_ShepherdsM;Garfinkle;Shepherds, Merchants, and Credit;2004;;;;;;;;;No;No;;auto-extracted from references;;;FALSE;;external
Gasche2006_Lieudensei;Gasche;Lieu d’enseignement ou atelier de recyclage;2006;;;;;;;;;No;No;;auto-extracted from references;;;FALSE;;external
Unknown1994_Cinquanted;Unknown;Cinquante-deux réflexions sur le Proche-Orient ancien;1994;;;;;;;;;No;No;;auto-extracted from references;;;FALSE;;external
Gavrilov1997_Techniques;Gavrilov;Techniques of Reading in Classical Antiquity;1997;;;;;;;;;No;No;;auto-extracted from references;;;FALSE;;external
Gelb1977_Typologyof;Gelb;Typology of Mesopotamian Seal Inscriptions;1977;;;;;;;;;No;No;;auto-extracted from references;;;FALSE;;external
Geller1997_TheLastWed;Geller;The Last Wedge;1997;;;;;;;;;No;No;;auto-extracted from references;;;FALSE;;external
Geller2005_RenalandRe;Geller;Renal and Rectal Disease Texts;2005;;;;;;;;;No;No;;auto-extracted from references;;;FALSE;;external
George2003_ReviewofGe;George;Review of Gesche 2001;2003;;;;;;;;;No;No;;auto-extracted from references;;;FALSE;;external
George2005_InSearchof;George;In Search of the e.dub.ba.a;2005;;;;;;;;;No;No;;auto-extracted from references;;;FALSE;;external
George2007_TheEpicofG;George;The Epic of Gilgamesh;2007;;;;;;;;;No;No;;auto-extracted from references;;;FALSE;;external
George2007_Gilgamesha;George;Gilgamesh and the Literary Traditions of Ancient Mesopotamia;2007;;;;;;;;;No;No;;auto-extracted from references;;;FALSE;;external
George2007_TheGilgame;George;The Gilgamesh Epic at Ugarit;2007;;;;;;;;;No;No;;auto-extracted from references;;;FALSE;;external
Unknown2000_WisdomGods;Unknown;Wisdom, Gods, and Literature;2000;;;;;;;;;No;No;;auto-extracted from references;;;FALSE;;external
Unknown1977_SealsandSe;Unknown;Seals and Sealing in the Ancient Near East;1977;;;;;;;;;No;No;;auto-extracted from references;;;FALSE;;external
Glassner2004_Mesopotami;Glassner;Mesopotamian Chronicles;2004;;;;;;;;;No;No;;auto-extracted from references;;;FALSE;;external
Godard1990_Lepouvoird;Godard;Le pouvoir de l’écrit;1990;;;;;;;;;No;No;;auto-extracted from references;;;FALSE;;external
Goddeeris2002_Economyand;Goddeeris;Economy and Society in Northern Babylonia in the Early Old Babylonian Period;2002;;;;;;;;;No;No;;auto-extracted from references;;;FALSE;;external
Goetze1947_OldBabylon;Goetze;Old Babylonian Omen Texts;1947;;;;;;;;;No;No;;auto-extracted from references;;;FALSE;;external
Goossens1952_Introducti;Goossens;Introduction à l’archivéconomie de l’Asie antérieure;1952;;;;;;;;;No;No;;auto-extracted from references;;;FALSE;;external
Grayson1980_Historiesa;Grayson;Histories and Historians of the Ancient Near East;1980;;;;;;;;;No;No;;auto-extracted from references;;;FALSE;;external
Grayson1991_AssyrianRu;Grayson;Assyrian Rulers of the Early First Millennium B.C;1991;;;;;;;;;No;No;;auto-extracted from references;;;FALSE;;external
Grayson1996_AssyrianRu;Grayson;Assyrian Rulers of the Early First Millennium B.C;1996;;;;;;;;;No;No;;auto-extracted from references;;;FALSE;;external
Grayson2000_Murmuringi;Grayson;Murmuring in Mesopotamia;2000;;;;;;;;;No;No;;auto-extracted from references;;;FALSE;;external
Greengus1969_OldBabylon;Greengus;Old Babylonian Marriage Contracts;1969;;;;;;;;;No;No;;auto-extracted from references;;;FALSE;;external
Guichard1994_Aupaysdela;Guichard;Au pays de la Dame de Nagar;1994;;;;;;;;;No;No;;auto-extracted from references;;;FALSE;;external
Guichard1997_Violationd;Guichard;Violation du serment et casuistique à Mari;1997;;;;;;;;;No;No;;auto-extracted from references;;;FALSE;;external
Guichard1999_Lesmention;Guichard;Les mentions de la Crète à Mari;1999;;;;;;;;;No;No;;auto-extracted from references;;;FALSE;;external
Guichard2004_Lamaledict;Guichard;La malédiction de cette tablette est très dure!;2004;;;;;;;;;No;No;;auto-extracted from references;;;FALSE;;external
Unknown2006_IfaManBuil;Unknown;If a Man Builds a Joyful House;2006;;;;;;;;;No;No;;auto-extracted from references;;;FALSE;;external
Gunbatti2001_TheRiverOr;Günbattı;The River Ordeal in Ancient Anatolia;2001;;;;;;;;;No;No;;auto-extracted from references;;;FALSE;;external
Gurney1989_Literaryan;Gurney;Literary and Miscellaneous Texts in the Ashmolean Museum;1989;;;;;;;;;No;No;;auto-extracted from references;;;FALSE;;external
Hackl2007_Dersubordi;Hackl;Der subordinierte Satz in den spätbabylonischen Briefen;2007;;;;;;;;;No;No;;auto-extracted from references;;;FALSE;;external
Hagenbuchner1989_DieKorresp;Hagenbuchner;Die Korrespondenz der Hethiter;1989;;;;;;;;;No;No;;auto-extracted from references;;;FALSE;;external
Hallo1977_SealsLosta;Hallo;Seals Lost and Found;1977;;;;;;;;;No;No;;auto-extracted from references;;;FALSE;;external
Hallo2002_AModelCour;Hallo;A Model Court Case Concerning Inheritance;2002;;;;;;;;;No;No;;auto-extracted from references;;;FALSE;;external
Unknown2001_SealsandSe;Unknown;Seals and Seal Impressions;2001;;;;;;;;;No;No;;auto-extracted from references;;;FALSE;;external
Hattori2001_SealPracti;Hattori;Seal Practices in Ur III Nippur;2001;;;;;;;;;No;No;;auto-extracted from references;;;FALSE;;external
Heesel2000_Babylonisc;Heesel;Babylonisch-assyrische Diagnostik;2000;;;;;;;;;No;No;;auto-extracted from references;;;FALSE;;external
Heimpel2003_Letterstot;Heimpel;Letters to the King of Mari;2003;;;;;;;;;No;No;;auto-extracted from references;;;FALSE;;external
Hilprecht1910_TheEarlies;Hilprecht;The Earliest Version of the Babylonian Deluge Story and the Temple Library of Nippur;1910;;;;;;;;;No;No;;auto-extracted from references;;;FALSE;;external
Horowitz2004_FromHazort;Horowitz;From Hazor to Mari and Ekallatum;2004;;;;;;;;;No;No;;auto-extracted from references;;;FALSE;;external
Horsnell1999_TheYearNam;Horsnell;The Year Names of the First Dynasty of Babylon;1999;;;;;;;;;No;No;;auto-extracted from references;;;FALSE;;external
Horsnell2004_OntheUseof;Horsnell;On the Use of Year Names;2004;;;;;;;;;No;No;;auto-extracted from references;;;FALSE;;external
Huber2001_Lacorrespo;Huber;La correspondance royale d’Ur, un corpus apocryphe;2001;;;;;;;;;No;No;;auto-extracted from references;;;FALSE;;external
Unknown1987_Larsa10eca;Unknown;Larsa 10e campagne... Rapport préliminaire;1987;;;;;;;;;No;No;;auto-extracted from references;;;FALSE;;external
Ichisar1981_Lesarchive;Ichisar;Les archives cappadociennes du marchand Imdilum;1981;;;;;;;;;No;No;;auto-extracted from references;;;FALSE;;external
Ikeda1999_ScribesinE;Ikeda;Scribes in Emar;1999;;;;;;;;;No;No;;auto-extracted from references;;;FALSE;;external
Janssen1991_Samsuiluna;Janssen;Samsu-iluna and the Hungry nadītums;1991;;;;;;;;;No;No;;auto-extracted from references;;;FALSE;;external
Joannes1984_Textesnos9;Joannès;Textes nos. 91 à 245;1984;;;;;;;;;No;No;;auto-extracted from references;;;FALSE;;external
Joannes1985_Nouveauxme;Joannès;Nouveaux memorandums;1985;;;;;;;;;No;No;;auto-extracted from references;;;FALSE;;external
Joannes1990_Lestablett;Joannès;Les tablettes néo-babyloniennes de la Bodleian Library;1990;;;;;;;;;No;No;;auto-extracted from references;;;FALSE;;external
Joannes1992_Lesarchive;Joannès;Les archives de Ninurta-ahhē-bullit;1992;;;;;;;;;No;No;;auto-extracted from references;;;FALSE;;external
Joannes1994_Unprecurse;Joannès;Un précurseur paléo-babylonien de la série Šumma ālu;1994;;;;;;;;;No;No;;auto-extracted from references;;;FALSE;;external
Joannes1997_Palmyreetl;Joannès;Palmyre et les routes du désert;1997;;;;;;;;;No;No;;auto-extracted from references;;;FALSE;;external
Unknown2000_Rendrelaju;Unknown;Rendre la justice en Mésopotamie;2000;;;;;;;;;No;No;;auto-extracted from references;;;FALSE;;external
Jonker1995_TheTopogra;Jonker;The Topography of Remembrance;1995;;;;;;;;;No;No;;auto-extracted from references;;;FALSE;;external
Jursa1997_Einebemerk;Jursa;Eine bemerkenswerte altbabylonische Prozessurkunde;1997;;;;;;;;;No;No;;auto-extracted from references;;;FALSE;;external
Kataja1987_ANeoAssyri;Kataja;A Neo-Assyrian Document on Two Cases of River Ordeal;1987;;;;;;;;;No;No;;auto-extracted from references;;;FALSE;;external
Kessler1980_Untersuchu;Kessler;Untersuchungen zur historischen Topographie Nordmesopotamiens;1980;;;;;;;;;No;No;;auto-extracted from references;;;FALSE;;external
Kestemont1974_Diplomatiq;Kestemont;Diplomatique et droit international en Asie occidentale;1974;;;;;;;;;No;No;;auto-extracted from references;;;FALSE;;external
Kienast1996_Mundlichke;Kienast;Mündlichkeit und Schriftlichkeit im keilschriftlichen Rechtswesen;1996;;;;;;;;;No;No;;auto-extracted from references;;;FALSE;;external
Kienast1995_Diesumeris;Kienast;Die sumerischen und akkadischen Briefe des III;1995;;;;;;;;;No;No;;auto-extracted from references;;;FALSE;;external
Kilmer1974_SymbolicGe;Kilmer;Symbolic Gestures in Akkadian Contracts from Alalakh;1974;;;;;;;;;No;No;;auto-extracted from references;;;FALSE;;external
King1914_Supplement;King;Supplement to the Catalogue of the Cuneiform Tablets in the Kouyunjik Collection;1914;;;;;;;;;No;No;;auto-extracted from references;;;FALSE;;external
Kitz2004_AnOathItsC;Kitz;An Oath, Its Curse and Anointing Ritual;2004;;;;;;;;;No;No;;auto-extracted from references;;;FALSE;;external
Klein1986_OnWritingM;Klein;On Writing Monumental Inscriptions in Ur III Scribal Curriculum;1986;;;;;;;;;No;No;;auto-extracted from references;;;FALSE;;external
Klein2000_TheOrigina;Klein;The Original Development of Language on Earth;2000;;;;;;;;;No;No;;auto-extracted from references;;;FALSE;;external
Klein2007_ACollectio;Klein;A Collection of Model Court Cases from Old Babylonian Nippur;2007;;;;;;;;;No;No;;auto-extracted from references;;;FALSE;;external
Klengel1968_Einealtbab;Klengel;Eine altbabylonische Verlustanzeige;1968;;;;;;;;;No;No;;auto-extracted from references;;;FALSE;;external
Koppen2002_Redeeminga;Koppen;Redeeming a Father’s Seal;2002;;;;;;;;;No;No;;auto-extracted from references;;;FALSE;;external
Kraus1985_Altbabylon;Kraus;Altbabylonische Briefe mit Siegelabrollungen;1985;;;;;;;;;No;No;;auto-extracted from references;;;FALSE;;external
Kraus1985_Einealtbab;Kraus;Eine altbabylonische Buchhaltung;1985;;;;;;;;;No;No;;auto-extracted from references;;;FALSE;;external
Krebernik2001_TallBiaTut;Krebernik;Tall Biʿa/Tuttul;2001;;;;;;;;;No;No;;auto-extracted from references;;;FALSE;;external
Kryszat2008_TheUseofWr;Kryszat;The Use of Writing among the Anatolians;2008;;;;;;;;;No;No;;auto-extracted from references;;;FALSE;;external
Labat1988_Manueldepi;Labat;Manuel d’épigraphie akkadienne;1988;;;;;;;;;No;No;;auto-extracted from references;;;FALSE;;external
Lackenbacher1990_Lepalaissa;Lackenbacher;Le palais sans rival;1990;;;;;;;;;No;No;;auto-extracted from references;;;FALSE;;external
Lackenbacher2002_Textesakka;Lackenbacher;Textes akkadiens d’Ugarit;2002;;;;;;;;;No;No;;auto-extracted from references;;;FALSE;;external
Lafont1990_Nouvellesl;Lafont;Nouvelles lettres du temps des rois d’Ur;1990;;;;;;;;;No;No;;auto-extracted from references;;;FALSE;;external
Lafont1992_Messagerse;Lafont;Messagers et ambassadeurs dans les archives de Mari;1992;;;;;;;;;No;No;;auto-extracted from references;;;FALSE;;external
Lafont1997_Lefonction;Lafont;Le fonctionnement de la poste;1997;;;;;;;;;No;No;;auto-extracted from references;;;FALSE;;external
Lafont2000_Lestextesj;Lafont;Les textes judiciaires sumériens;2000;;;;;;;;;No;No;;auto-extracted from references;;;FALSE;;external
Lafont2001_Relationsi;Lafont;Relations internationales;2001;;;;;;;;;No;No;;auto-extracted from references;;;FALSE;;external
Unknown1997_Jureretmau;Unknown;Jurer et maudire;1997;;;;;;;;;No;No;;auto-extracted from references;;;FALSE;;external
Lafont1999_Femmesdroi;Lafont;Femmes, droit et justice dans l’Antiquité orientale;1999;;;;;;;;;No;No;;auto-extracted from references;;;FALSE;;external
Lambert1960_Babylonian;Lambert;Babylonian Wisdom Literature;1960;;;;;;;;;No;No;;auto-extracted from references;;;FALSE;;external
Lambert1967_Enmedurank;Lambert;Enmeduranki and Related Matters;1967;;;;;;;;;No;No;;auto-extracted from references;;;FALSE;;external
Lambert1989_TheLawsofH;Lambert;The Laws of Hammurabi in the First Millennium;1989;;;;;;;;;No;No;;auto-extracted from references;;;FALSE;;external
Lambert1992_Catalogueo;Lambert;Catalogue of the Cuneiform Tablets... Third Supplement;1992;;;;;;;;;No;No;;auto-extracted from references;;;FALSE;;external
Lambert1999_LiteraryTe;Lambert;Literary Texts from Nimrud;1999;;;;;;;;;No;No;;auto-extracted from references;;;FALSE;;external
Lambert1968_SecondSupp;Lambert;Second Supplement to Catalogue;1968;;;;;;;;;No;No;;auto-extracted from references;;;FALSE;;external
Landsberger1937_DieSeriean;Landsberger;Die Serie ana ittišu;1937;;;;;;;;;No;No;;auto-extracted from references;;;FALSE;;external
Larsen1987_TheBabylon;Larsen;The Babylonian Lukewarm Mind;1987;;;;;;;;;No;No;;auto-extracted from references;;;FALSE;;external
Larsen1988_TheRoleofW;Larsen;The Role of Writing and Literacy;1988;;;;;;;;;No;No;;auto-extracted from references;;;FALSE;;external
Larsen1989_WhatTheyWr;Larsen;What They Wrote on Clay;1989;;;;;;;;;No;No;;auto-extracted from references;;;FALSE;;external
Larsen1996_TheConques;Larsen;The Conquest of Assyria;1996;;;;;;;;;No;No;;auto-extracted from references;;;FALSE;;external
Leemans1960_ForeignTra;Leemans;Foreign Trade in the Old Babylonian Period;1960;;;;;;;;;No;No;;auto-extracted from references;;;FALSE;;external
Leemans1982_Lafonction;Leemans;La fonction des sceaux;1982;;;;;;;;;No;No;;auto-extracted from references;;;FALSE;;external
Leemans1991_Textespale;Leemans;Textes paléo-babyloniens;1991;;;;;;;;;No;No;;auto-extracted from references;;;FALSE;;external
Unknown1988_AScientifi;Unknown;A Scientific Humanist;1988;;;;;;;;;No;No;;auto-extracted from references;;;FALSE;;external
Unknown2007_TheBabylon;Unknown;The Babylonian World;2007;;;;;;;;;No;No;;auto-extracted from references;;;FALSE;;external
Leiderer1990_Anatomiede;Leiderer;Anatomie der Schafsleber im babylonischen Leberorakel;1990;;;;;;;;;No;No;;auto-extracted from references;;;FALSE;;external
Lemaire2001_Nouvellest;Lemaire;Nouvelles tablettes araméennes;2001;;;;;;;;;No;No;;auto-extracted from references;;;FALSE;;external
Lieberman1992_NippurCity;Lieberman;Nippur: City of Decisions;1992;;;;;;;;;No;No;;auto-extracted from references;;;FALSE;;external
Linssen2003_TheCultsof;Linssen;The Cults of Uruk and Babylon;2003;;;;;;;;;No;No;;auto-extracted from references;;;FALSE;;external
Lion2001_Lesgouvern;Lion;Les gouverneurs provinciaux;2001;;;;;;;;;No;No;;auto-extracted from references;;;FALSE;;external
Liverani1973_Memorandum;Liverani;Memorandum on the Approach to Historiographic Texts;1973;;;;;;;;;No;No;;auto-extracted from references;;;FALSE;;external
Liverani2001_Mesopotami;Liverani;Mesopotamian Historiography and the Amarna Letters;2001;;;;;;;;;No;No;;auto-extracted from references;;;FALSE;;external
Livingstone1999_TheMagicof;Livingstone;The Magic of Time;1999;;;;;;;;;No;No;;auto-extracted from references;;;FALSE;;external
Luckenbill1924_Inscriptio;Luckenbill;Inscriptions of Sennacherib;1924;;;;;;;;;No;No;;auto-extracted from references;;;FALSE;;external
Luukko2007_TheAdminis;Luukko;The Administrative Roles of the Chief Scribe;2007;;;;;;;;;No;No;;auto-extracted from references;;;FALSE;;external
Luukko2002_ThePolitic;Luukko;The Political Correspondence of Esarhaddon;2002;;;;;;;;;No;No;;auto-extracted from references;;;FALSE;;external
Machinist1993_HeavenlyWi;Machinist;Heavenly Wisdom;1993;;;;;;;;;No;No;;auto-extracted from references;;;FALSE;;external
Malbran-Labat1995_Lesinscrip;Malbran-Labat;Les inscriptions royales de Suse: Briques de l’époque paléo-élamite à l’Empire néo-élamite;1995;;;;;;;;;No;No;;auto-extracted from references;;;FALSE;;external
Marazzi1994_MagliIttit;Marazzi;Ma gli Ittiti scrivevano veramente su ‘legno’?;1994;;;;;;;;;No;No;;auto-extracted from references;;;FALSE;;external
Margueron1986_Quelquesre;Margueron;Quelques remarques concernant les archives retrouvées dans le palais de Mari;1986;;;;;;;;;No;No;;auto-extracted from references;;;FALSE;;external
Margueron1995_Notesdarch;Margueron;Notes d’archéologie et d’architecture orientales 7: Le four à tablettes de l’ancienne ‘cour V’ du palais d’Ugarit;1995;;;;;;;;;No;No;;auto-extracted from references;;;FALSE;;external
Unknown2000_Assyriolog;Unknown;Assyriologica et Semitica: Festschrift für Joachim Oelsner anlässlich seines 65. Geburtstages am 18;2000;;;;;;;;;No;No;;auto-extracted from references;;;FALSE;;external
Matthiae1986_TheArchive;Matthiae;The Archives of the Royal Palace G of Ebla;1986;;;;;;;;;No;No;;auto-extracted from references;;;FALSE;;external
Matthiae2008_Gliarchivi;Matthiae;Gli archivi reali di Ebla: La scoperta, i testi, il significato;2008;;;;;;;;;No;No;;auto-extracted from references;;;FALSE;;external
Unknown1995_Nineveh612;Unknown;Nineveh 612 BC: The Glory and Fall of the Assyrian Empire;1995;;;;;;;;;No;No;;auto-extracted from references;;;FALSE;;external
Maul1991_ReviewofGu;Maul;Review of Gurney 1989;1991;;;;;;;;;No;No;;auto-extracted from references;;;FALSE;;external
Maul1994_DieKorresp;Maul;Die Korrespondenz des Iasim-Sime;1994;;;;;;;;;No;No;;auto-extracted from references;;;FALSE;;external
Unknown1998_Festschrif;Unknown;Festschrift für Rykle Borger;1998;;;;;;;;;No;No;;auto-extracted from references;;;FALSE;;external
Maul1999_HowtheBaby;Maul;How the Babylonians Protected Themselves against Calamities Announced by Omens;1999;;;;;;;;;No;No;;auto-extracted from references;;;FALSE;;external
Maul2003_DieResteei;Maul;Die Reste einer mittelassyrischen Beschwörerbibliothek;2003;;;;;;;;;No;No;;auto-extracted from references;;;FALSE;;external
Maul2005_BilingualH;Maul;Bilingual Hymns from the Seleucid–Arsacid Period;2005;;;;;;;;;No;No;;auto-extracted from references;;;FALSE;;external
Metman1961_Sigillogra;Metman;Sigillographie;1961;;;;;;;;;No;No;;auto-extracted from references;;;FALSE;;external
Michalowski1981_Konigsbrie;Michalowski;Königsbriefe;1981;;;;;;;;;No;No;;auto-extracted from references;;;FALSE;;external
Michalowski1983_ReviewofLC;Michalowski;Review of L. Cagni, Briefe aus dem Iraq Museum;1983;;;;;;;;;No;No;;auto-extracted from references;;;FALSE;;external
Michalowski1993_Lettersfro;Michalowski;Letters from Early Mesopotamia;1993;;;;;;;;;No;No;;auto-extracted from references;;;FALSE;;external
Michalowski1994_TheDrinkin;Michalowski;The Drinking of Gods;1994;;;;;;;;;No;No;;auto-extracted from references;;;FALSE;;external
Michalowski2003_TheLibrari;Michalowski;The Libraries of Babel;2003;;;;;;;;;No;No;;auto-extracted from references;;;FALSE;;external
Michalowski0_Forthcomin;Michalowski;Forthcoming;0000;;;;;;;;;No;No;;auto-extracted from references;;;FALSE;;external
Miller2001_HattusiliI;Miller;Hattusili I’s Expansion into Northern Syria;2001;;;;;;;;;No;No;;auto-extracted from references;;;FALSE;;external
Mittermayer2006_Altbabylon;Mittermayer;Altbabylonische Zeichenliste der sumerisch-literarischen Texte;2006;;;;;;;;;No;No;;auto-extracted from references;;;FALSE;;external
Mora2004_Leletteret;Mora;Le lettere tra i re ittiti e i re assiri ritrovate a Hattuša;2004;;;;;;;;;No;No;;auto-extracted from references;;;FALSE;;external
Moran2003_AmarnaStud;Moran;Amarna Studies: Collected Writings;2003;;;;;;;;;No;No;;auto-extracted from references;;;FALSE;;external
Morandi1988_Steleestat;Morandi;Stele e statue reali assire;1988;;;;;;;;;No;No;;auto-extracted from references;;;FALSE;;external
Scafa1999_TheScribes;Scafa;The Scribes of Nuzi;1999;;;;;;;;;No;No;;auto-extracted from references;;;FALSE;;external
Nougayrol1955_Textesacca;Nougayrol;Textes accadiens et hourrites des archives est, ouest et centrales;1955;;;;;;;;;No;No;;auto-extracted from references;;;FALSE;;external
Nougayrol1956_Textesacca;Nougayrol;Textes accadiens des archives sud;1956;;;;;;;;;No;No;;auto-extracted from references;;;FALSE;;external
Oettinger1976_Diemilitar;Oettinger;Die militärischen Eide der Hethiter;1976;;;;;;;;;No;No;;auto-extracted from references;;;FALSE;;external
Offner1950_Aproposdel;Offner;À propos de la sauvegarde des tablettes;1950;;;;;;;;;No;No;;auto-extracted from references;;;FALSE;;external
Oppenheim1960_TheCityofA;Oppenheim;The City of Assur in 714 BC;1960;;;;;;;;;No;No;;auto-extracted from references;;;FALSE;;external
Ouy1961_Lesbibliot;Ouy;Les bibliothèques;1961;;;;;;;;;No;No;;auto-extracted from references;;;FALSE;;external
Palaima2003_Archivesan;Palaima;‘Archives’ and ‘Scribes’ in Mycenaean Linear B Records;2003;;;;;;;;;No;No;;auto-extracted from references;;;FALSE;;external
Unknown2008_Lalettreda;Unknown;La lettre d’archive;2008;;;;;;;;;No;No;;auto-extracted from references;;;FALSE;;external
Pantalacci2008_Archivagee;Pantalacci;Archivage et scribes dans l’oasis de Dakhla;2008;;;;;;;;;No;No;;auto-extracted from references;;;FALSE;;external
Parpola1987_TheForlorn;Parpola;The Forlorn Scholar;1987;;;;;;;;;No;No;;auto-extracted from references;;;FALSE;;external
Unknown1987_StateArchi;Unknown;State Archives of Assyria;1987;;;;;;;;;No;No;;auto-extracted from references;;;FALSE;;external
Parpola1993_Mesopotami;Parpola;Mesopotamian Astrology and Astronomy;1993;;;;;;;;;No;No;;auto-extracted from references;;;FALSE;;external
Parpola1995_TheImperia;Parpola;The Imperial Archives of Nineveh;1995;;;;;;;;;No;No;;auto-extracted from references;;;FALSE;;external
Parpola1997_TheManwith;Parpola;The Man without a Scribe;1997;;;;;;;;;No;No;;auto-extracted from references;;;FALSE;;external
Parpola1988_NeoAssyria;Parpola;Neo-Assyrian Treaties and Loyalty Oaths;1988;;;;;;;;;No;No;;auto-extracted from references;;;FALSE;;external
Parrot1954_Lesfouille;Parrot;Les fouilles de Mari;1954;;;;;;;;;No;No;;auto-extracted from references;;;FALSE;;external
Pearce1998_Babylonian;Pearce;Babylonian Commentaries and Intellectual Innovation;1998;;;;;;;;;No;No;;auto-extracted from references;;;FALSE;;external
Poebel1909_Babylonian;Poebel;Babylonian Legal and Business Documents;1909;;;;;;;;;No;No;;auto-extracted from references;;;FALSE;;external
Pongratz-Leisten1999_Herrschaft;Pongratz-Leisten;Herrschaftswissen in Mesopotamien;1999;;;;;;;;;No;No;;auto-extracted from references;;;FALSE;;external
Postgate1976_FiftyNeoAs;Postgate;Fifty Neo-Assyrian Legal Documents;1976;;;;;;;;;No;No;;auto-extracted from references;;;FALSE;;external
Postgate1986_Administra;Postgate;Administrative Archives from the City of Assur;1986;;;;;;;;;No;No;;auto-extracted from references;;;FALSE;;external
Postgate2003_Documentsi;Postgate;Documents in Government under the Middle Assyrian Kingdom;2003;;;;;;;;;No;No;;auto-extracted from references;;;FALSE;;external
Potts1990_LockandKey;Potts;Lock and Key in Ancient Mesopotamia;1990;;;;;;;;;No;No;;auto-extracted from references;;;FALSE;;external
Powell1991_NaramSinSo;Powell;Naram-Sin, Son of Sargon;1991;;;;;;;;;No;No;;auto-extracted from references;;;FALSE;;external
Prang1981_Sonderbest;Prang;Sonderbestimmungen in altbabylonischen Erbteilungsurkunden;1981;;;;;;;;;No;No;;auto-extracted from references;;;FALSE;;external
Radner1995_TheRelatio;Radner;The Relation between Format and Content of Neo-Assyrian Texts;1995;;;;;;;;;No;No;;auto-extracted from references;;;FALSE;;external
Radner2005_DieMachtde;Radner;Die Macht des Namens;2005;;;;;;;;;No;No;;auto-extracted from references;;;FALSE;;external
Reade1998_NiniveNine;Reade;Ninive (Nineveh;1998;;;;;;;;;No;No;;auto-extracted from references;;;FALSE;;external
Reiner1960_PlagueAmul;Reiner;Plague Amulets and House Blessings;1960;;;;;;;;;No;No;;auto-extracted from references;;;FALSE;;external
Reiner1961_TheEtiolog;Reiner;The Etiological Myth of the Seven Sages;1961;;;;;;;;;No;No;;auto-extracted from references;;;FALSE;;external
Reiner2004_RunawaySei;Reiner;Runaway—Seize Him;2004;;;;;;;;;No;No;;auto-extracted from references;;;FALSE;;external
Reiner2005_Babylonian;Reiner;Babylonian Planetary Omens;2005;;;;;;;;;No;No;;auto-extracted from references;;;FALSE;;external
Renger1971_Uberlegung;Renger;Überlegungen zum akkadischen Syllabar;1971;;;;;;;;;No;No;;auto-extracted from references;;;FALSE;;external
Richardson2006_gir2gennaa;Richardson;gir2-gen-na and Šulgi’s ‘Library.’;2006;;;;;;;;;No;No;;auto-extracted from references;;;FALSE;;external
Richter2005_Qatnainthe;Richter;Qatna in the Late Bronze Age;2005;;;;;;;;;No;No;;auto-extracted from references;;;FALSE;;external
Unknown1987_LanguageLi;Unknown;Language, Literature and History: Studies Presented to Erica Reiner;1987;;;;;;;;;No;No;;auto-extracted from references;;;FALSE;;external
Robson2004_TheHeavenl;Robson;The Heavenly Writing;2004;;;;;;;;;No;No;;auto-extracted from references;;;FALSE;;external
Robson2006_OldBabylon;Robson;Old Babylonian Celestial Divination;2006;;;;;;;;;No;No;;auto-extracted from references;;;FALSE;;external
Rubio2000_OntheOrtho;Rubio;On the Orthography of Sumerian Literary Texts from the Ur III Period;2000;;;;;;;;;No;No;;auto-extracted from references;;;FALSE;;external
Russell1999_TheWriting;Russell;The Writing on the Wall;1999;;;;;;;;;No;No;;auto-extracted from references;;;FALSE;;external
Ruster1972_Hethitisch;Rüster;Hethitische Keilschrift-Paläographie;1972;;;;;;;;;No;No;;auto-extracted from references;;;FALSE;;external
Ruster1975_Hethitisch;Rüster;Hethitische Keilschrift-Paläographie II;1975;;;;;;;;;No;No;;auto-extracted from references;;;FALSE;;external
Sachs1976_TheLatestD;Sachs;The Latest Datable Cuneiform Tablets;1976;;;;;;;;;No;No;;auto-extracted from references;;;FALSE;;external
Sallaberger1996_ZueinigenJ;Sallaberger;Zu einigen Jahresdaten Enlil-banis von Isin;1996;;;;;;;;;No;No;;auto-extracted from references;;;FALSE;;external
Sallaberger1999_Wenndumein;Sallaberger;Wenn du mein Bruder bist ...: Interaktion und Textgestaltung in altbabylonischen Alltagsbriefen;1999;;;;;;;;;No;No;;auto-extracted from references;;;FALSE;;external
Sallaberger2001_DieEntwick;Sallaberger;Die Entwicklung der Keilschrift in Ebla;2001;;;;;;;;;No;No;;auto-extracted from references;;;FALSE;;external
Sallaberger2004_DasEndedes;Sallaberger;Das Ende des Sumerischen: Tod und Nachleben einer altmesopotamischen Sprache;2004;;;;;;;;;No;No;;auto-extracted from references;;;FALSE;;external
Sallaberger2008_DasGilgame;Sallaberger;Das Gilgamesch-Epos: Mythos, Werk und Tradition;2008;;;;;;;;;No;No;;auto-extracted from references;;;FALSE;;external
Unknown2003_LiteraturP;Unknown;Literatur, Politik und Recht in Mesopotamien: Festschrift für Claus Wilcke;2003;;;;;;;;;No;No;;auto-extracted from references;;;FALSE;;external
Salvini1994_Unalettera;Salvini;Una lettera di Ḫattušili I relativa alla spedizione contro Hahhum;1994;;;;;;;;;No;No;;auto-extracted from references;;;FALSE;;external
Unknown1961_Lhistoiree;Unknown;L’histoire et ses méthodes;1961;;;;;;;;;No;No;;auto-extracted from references;;;FALSE;;external
Unknown2006_MarginsofW;Unknown;Margins of Writing, Origins of Culture: New Approaches to Writing and Reading in the Ancient Near East;2006;;;;;;;;;No;No;;auto-extracted from references;;;FALSE;;external
Nicolo1922_DieSchluss;Nicolò;Die Schlussklauseln der altbabylonischen Kauf- und Tauschverträge;1922;;;;;;;;;No;No;;auto-extracted from references;;;FALSE;;external
Sasson1981_OnIdrimian;Sasson;On Idrimi and Sarruwa, the Scribe;1981;;;;;;;;;No;No;;auto-extracted from references;;;FALSE;;external
Sasson1988_ShunuhraHa;Sasson;Shunuhra-Ḫalu;1988;;;;;;;;;No;No;;auto-extracted from references;;;FALSE;;external
Sasson1995_Waterbenea;Sasson;Water beneath Straw: Adventures of a Prophetic Phrase in the Mari Archives;1995;;;;;;;;;No;No;;auto-extracted from references;;;FALSE;;external
Sasson1997_TheVowofMu;Sasson;The Vow of Mutiya, King of Shekhna;1997;;;;;;;;;No;No;;auto-extracted from references;;;FALSE;;external
Sasson1998_TheKingand;Sasson;The King and I: A Mari King in Changing Perception;1998;;;;;;;;;No;No;;auto-extracted from references;;;FALSE;;external
Sasson2002_TheBurdeno;Sasson;The Burden of Scribes;2002;;;;;;;;;No;No;;auto-extracted from references;;;FALSE;;external
Unknown1995_Civilizati;Unknown;Civilizations of the Ancient Near East;1995;;;;;;;;;No;No;;auto-extracted from references;;;FALSE;;external
Schaudig2002_DieInschri;Schaudig;Die Inschriften Nabonids von Babylon und Kyros’ des Großen;2002;;;;;;;;;No;No;;auto-extracted from references;;;FALSE;;external
Scheil1937_Auserviced;Scheil;Au service de Clio: Notices diverses;1937;;;;;;;;;No;No;;auto-extracted from references;;;FALSE;;external
Seidl2007_Assurbanip;Seidl;Assurbanipals Griffel;2007;;;;;;;;;No;No;;auto-extracted from references;;;FALSE;;external
Unknown2003_Festschrif;Unknown;Festschrift für Burkhart Kienast zum 70;2003;;;;;;;;;No;No;;auto-extracted from references;;;FALSE;;external
Seminara2004_Leiscrizio;Seminara;Le iscrizioni reali sumero-accadiche d’età paleobabilonese;2004;;;;;;;;;No;No;;auto-extracted from references;;;FALSE;;external
Seux1976_Hymnesetpr;Seux;Hymnes et prières aux dieux de Babylonie et d’Assyrie;1976;;;;;;;;;No;No;;auto-extracted from references;;;FALSE;;external
Shaffer2000_ANewLookat;Shaffer;A New Look at Some Old Catalogues;2000;;;;;;;;;No;No;;auto-extracted from references;;;FALSE;;external
Sigrist1984_Lessattukk;Sigrist;Les šattukku dans l’Ešumeša durant la période d’Isin et Larsa;1984;;;;;;;;;No;No;;auto-extracted from references;;;FALSE;;external
Singer2003_TheGreatSc;Singer;The Great Scribe Taki-Šarruma;2003;;;;;;;;;No;No;;auto-extracted from references;;;FALSE;;external
Sjoberg1972_InPraiseof;Sjöberg;In Praise of the Scribal Art;1972;;;;;;;;;No;No;;auto-extracted from references;;;FALSE;;external
Sjoberg1973_DerVaterun;Sjöberg;Der Vater und sein missratener Sohn;1973;;;;;;;;;No;No;;auto-extracted from references;;;FALSE;;external
Skaist1990_TheSaleCon;Skaist;The Sale Contracts from Khafajah;1990;;;;;;;;;No;No;;auto-extracted from references;;;FALSE;;external
Slanski2003_TheBabylon;Slanski;The Babylonian Entitlement narû (Kudurrus;2003;;;;;;;;;No;No;;auto-extracted from references;;;FALSE;;external
Slanski2003_Representa;Slanski;Representation of the Divine on the Babylonian Entitlement Monuments;2003;;;;;;;;;No;No;;auto-extracted from references;;;FALSE;;external
Smith1876_TheChaldea;Smith;The Chaldean Account of Genesis;1876;;;;;;;;;No;No;;auto-extracted from references;;;FALSE;;external
Sollberger1966_Businessan;Sollberger;Business and Administrative Correspondence under the Kings of Ur;1966;;;;;;;;;No;No;;auto-extracted from references;;;FALSE;;external
Sollberger1968_TheCrucifo;Sollberger;The Cruciform Monument;1968;;;;;;;;;No;No;;auto-extracted from references;;;FALSE;;external
Sollberger1971_Inscriptio;Sollberger;Inscriptions royales sumériennes et akkadiennes;1971;;;;;;;;;No;No;;auto-extracted from references;;;FALSE;;external
Spada2007_Testiecono;Spada;Testi economici da Ur di periodo paleo-babilonese;2007;;;;;;;;;No;No;;auto-extracted from references;;;FALSE;;external
Spycket1981_Lastatuair;Spycket;La statuaire du Proche-Orient ancien;1981;;;;;;;;;No;No;;auto-extracted from references;;;FALSE;;external
Steinkeller2003_ArchivalPr;Steinkeller;Archival Practices at Babylonia in the Third Millennium;2003;;;;;;;;;No;No;;auto-extracted from references;;;FALSE;;external
Steve1992_Syllabaire;Steve;Syllabaire élamite: Histoire et paléographie;1992;;;;;;;;;No;No;;auto-extracted from references;;;FALSE;;external
Stol1981_Lettersfro;Stol;Letters from Yale;1981;;;;;;;;;No;No;;auto-extracted from references;;;FALSE;;external
Stol2001_ARescripto;Stol;A Rescript of an Old Babylonian Letter;2001;;;;;;;;;No;No;;auto-extracted from references;;;FALSE;;external
Stolper1998_Inscribedi;Stolper;Inscribed in Egyptian;1998;;;;;;;;;No;No;;auto-extracted from references;;;FALSE;;external
Streck2000_Dasamurrit;Streck;Das amurritische Onomastikon der altbabylonischen Zeit;2000;;;;;;;;;No;No;;auto-extracted from references;;;FALSE;;external
Svenbro1997_LaGrecearc;Svenbro;La Grèce archaïque et classique;1997;;;;;;;;;No;No;;auto-extracted from references;;;FALSE;;external
Tadmor1997_Propaganda;Tadmor;Propaganda, Literature, Historiography;1997;;;;;;;;;No;No;;auto-extracted from references;;;FALSE;;external
Unknown1998_EnSyrieaux;Unknown;En Syrie aux origines de l’écriture;1998;;;;;;;;;No;No;;auto-extracted from references;;;FALSE;;external
Tanret2005_Shekelsfor;Tanret;Shekels for the Scribe;2005;;;;;;;;;No;No;;auto-extracted from references;;;FALSE;;external
Tanret2003_Puzzlingwi;Tanret;Puzzling with Numbers;2003;;;;;;;;;No;No;;auto-extracted from references;;;FALSE;;external
Teissier1961_Diplomatiq;Teissier;Diplomatique;1961;;;;;;;;;No;No;;auto-extracted from references;;;FALSE;;external
Unknown1950_TheHistory;Unknown;The History of the Peloponnesian War;1950;;;;;;;;;No;No;;auto-extracted from references;;;FALSE;;external
Thureau-Dangin1912_Notesassyr;Thureau-Dangin;Notes assyriologiques XVI;1912;;;;;;;;;No;No;;auto-extracted from references;;;FALSE;;external
Ulshefer1995_Diealtassy;Ulshefer;Die altassyrischen Privaturkunden;1995;;;;;;;;;No;No;;auto-extracted from references;;;FALSE;;external
Mieroop1997_OnWritinga;Mieroop;On Writing a History of the Ancient Near East;1997;;;;;;;;;No;No;;auto-extracted from references;;;FALSE;;external
Mieroop1999_CuneiformT;Mieroop;Cuneiform Texts and the Writing of History;1999;;;;;;;;;No;No;;auto-extracted from references;;;FALSE;;external
Mieroop2000_SargonofAg;Mieroop;Sargon of Agade and His Successors in Anatolia;2000;;;;;;;;;No;No;;auto-extracted from references;;;FALSE;;external
Toorn2000_CuneiformD;Toorn;Cuneiform Documents from Syria-Palestine;2000;;;;;;;;;No;No;;auto-extracted from references;;;FALSE;;external
Toorn2007_WhyWisdomB;Toorn;Why Wisdom Became a Secret;2007;;;;;;;;;No;No;;auto-extracted from references;;;FALSE;;external
Dijk1965_Uneinsurre;Dijk;Une insurrection générale au pays de Larsa;1965;;;;;;;;;No;No;;auto-extracted from references;;;FALSE;;external
Driel1973_ReviewofEl;Driel;Review of Ellis 1968;1973;;;;;;;;;No;No;;auto-extracted from references;;;FALSE;;external
Unknown1982_Zikirsumim;Unknown;Zikir šumim;1982;;;;;;;;;No;No;;auto-extracted from references;;;FALSE;;external
Lerberghe1989_ALongLasti;Lerberghe;A Long Lasting Life;1989;;;;;;;;;No;No;;auto-extracted from references;;;FALSE;;external
Lerberghe1994_AnOldBabyl;Lerberghe;An Old Babylonian Clone;1994;;;;;;;;;No;No;;auto-extracted from references;;;FALSE;;external
Unknown2001_VeenhofAnn;Unknown;Veenhof Anniversary Volume;2001;;;;;;;;;No;No;;auto-extracted from references;;;FALSE;;external
Soldt2001_Nahissalmu;Soldt;Nahiššalmu;2001;;;;;;;;;No;No;;auto-extracted from references;;;FALSE;;external
Vanstiphout1978_LipitIstar;Vanstiphout;Lipit-Ištar’s Praise in Edubba;1978;;;;;;;;;No;No;;auto-extracted from references;;;FALSE;;external
Vanstiphout2003_EpicsofSum;Vanstiphout;Epics of Sumerian Kings: The Matter of Aratta;2003;;;;;;;;;No;No;;auto-extracted from references;;;FALSE;;external
Vanstiphout2003_TheOldBaby;Vanstiphout;The Old Babylonian Literary Canon;2003;;;;;;;;;No;No;;auto-extracted from references;;;FALSE;;external
Veenhof1966_ReviewofKu;Veenhof;Review of Kutsch 1963;1966;;;;;;;;;No;No;;auto-extracted from references;;;FALSE;;external
Veenhof1986_CuneiformA;Veenhof;Cuneiform Archives: An Introduction;1986;;;;;;;;;No;No;;auto-extracted from references;;;FALSE;;external
Veenhof2003_Fatherhood;Veenhof;Fatherhood Is a Matter of Opinion;2003;;;;;;;;;No;No;;auto-extracted from references;;;FALSE;;external
Veenhof2008_Mesopotami;Veenhof;Mesopotamia: The Old Assyrian Period;2008;;;;;;;;;No;No;;auto-extracted from references;;;FALSE;;external
Veldhuis1999_ThePoetryo;Veldhuis;The Poetry of Magic;1999;;;;;;;;;No;No;;auto-extracted from references;;;FALSE;;external
Verbrugghe1996_Berossosan;Verbrugghe;Berossos and Manetho;1996;;;;;;;;;No;No;;auto-extracted from references;;;FALSE;;external
Villard1992_Parademili;Villard;Parade militaire dans les jardins de Babylone;1992;;;;;;;;;No;No;;auto-extracted from references;;;FALSE;;external
Villard1995_Lesdernier;Villard;Les derniers rapports des devins néo-assyriens;1995;;;;;;;;;No;No;;auto-extracted from references;;;FALSE;;external
Villard2006_Achemineme;Villard;Acheminement et réception de la correspondance royale;2006;;;;;;;;;No;No;;auto-extracted from references;;;FALSE;;external
Villard2008_Leslettres;Villard;Les lettres du temple d’Aššur;2008;;;;;;;;;No;No;;auto-extracted from references;;;FALSE;;external
Vincente1995_TheTallLei;Vincente;The Tall Leilan Recension of the Sumerian King List;1995;;;;;;;;;No;No;;auto-extracted from references;;;FALSE;;external
Voet1993_SealinginP;Voet;Sealing in Philadelphia and Elsewhere;1993;;;;;;;;;No;No;;auto-extracted from references;;;FALSE;;external
Voet1994_Comments;Voet;Comments;1994;;;;;;;;;No;No;;auto-extracted from references;;;FALSE;;external
Weiher1983_Spatbabylo;Weiher;Spätbabylonische Texte aus Uruk;1983;;;;;;;;;No;No;;auto-extracted from references;;;FALSE;;external
Waetzoldt1991_ReviewofTh;Waetzoldt;Review of The Organization of Power;1991;;;;;;;;;No;No;;auto-extracted from references;;;FALSE;;external
Unknown1997_Assyrienim;Unknown;Assyrien im Wandel der Zeiten;1997;;;;;;;;;No;No;;auto-extracted from references;;;FALSE;;external
Walker1987_CuneiformR;Walker;Cuneiform: Reading the Past;1987;;;;;;;;;No;No;;auto-extracted from references;;;FALSE;;external
Walker1987_TheKouyunj;Walker;The Kouyunjik Collection;1987;;;;;;;;;No;No;;auto-extracted from references;;;FALSE;;external
Walker2001_TheInducti;Walker;The Induction of the Cult Image in Ancient Mesopotamia;2001;;;;;;;;;No;No;;auto-extracted from references;;;FALSE;;external
Watanabe1985_DieBriefed;Watanabe;Die Briefe der neuassyrischen Könige;1985;;;;;;;;;No;No;;auto-extracted from references;;;FALSE;;external
Weisberg1969_AnOldBabyl;Weisberg;An Old Babylonian Forerunner to šumma ālu;1969;;;;;;;;;No;No;;auto-extracted from references;;;FALSE;;external
Westbrook1988_OldBabylon;Westbrook;Old Babylonian Marriage Law;1988;;;;;;;;;No;No;;auto-extracted from references;;;FALSE;;external
Westenholz2007_TheGraecoB;Westenholz;The Graeco-Babyloniaca Once Again;2007;;;;;;;;;No;No;;auto-extracted from references;;;FALSE;;external
Westenholz1993_Writingfor;Westenholz;Writing for Posterity;1993;;;;;;;;;No;No;;auto-extracted from references;;;FALSE;;external
Westenholz1997_Legendsoft;Westenholz;Legends of the Kings of Akkade;1997;;;;;;;;;No;No;;auto-extracted from references;;;FALSE;;external
Westenholz2004_TheOldAkka;Westenholz;The Old Akkadian Presence at Nineveh;2004;;;;;;;;;No;No;;auto-extracted from references;;;FALSE;;external
Whiting1977_SealingPra;Whiting;Sealing Practices at Eshnunna;1977;;;;;;;;;No;No;;auto-extracted from references;;;FALSE;;external
Whiting1987_OldBabylon;Whiting;Old Babylonian Letters from Tell Asmar;1987;;;;;;;;;No;No;;auto-extracted from references;;;FALSE;;external
Wilcke2006_DieHymneau;Wilcke;Die Hymne auf das Heiligtum Keš;2006;;;;;;;;;No;No;;auto-extracted from references;;;FALSE;;external
Wilhelm1970_Untersuchu;Wilhelm;Untersuchungen zum Hurro-Akkadischen von Nuzi;1970;;;;;;;;;No;No;;auto-extracted from references;;;FALSE;;external
Wilhelm1991_AHurrianLe;Wilhelm;A Hurrian Letter from Tell Brak;1991;;;;;;;;;No;No;;auto-extracted from references;;;FALSE;;external
Unknown2004_TheCambrid;Unknown;The Cambridge Encyclopedia of the World’s Ancient Languages;2004;;;;;;;;;No;No;;auto-extracted from references;;;FALSE;;external
Unknown1914_Cyropaedia;Unknown;Cyropaedia;1914;;;;;;;;;No;No;;auto-extracted from references;;;FALSE;;external
Unknown2001_Etudesouga;Unknown;Études ougaritiques I;2001;;;;;;;;;No;No;;auto-extracted from references;;;FALSE;;external
Unknown1997_CrossingBo;Unknown;Crossing Boundaries and Linking Horizons;1997;;;;;;;;;No;No;;auto-extracted from references;;;FALSE;;external
Ziegler2000_Aspectseco;Ziegler;Aspects économiques des guerres de Šamši-Addu;2000;;;;;;;;;No;No;;auto-extracted from references;;;FALSE;;external
Unknown2006_Lamusiquea;Unknown;La musique au Proche-Orient ancien;2006;;;;;;;;;No;No;;auto-extracted from references;;;FALSE;;external
Ziegler2007_Florilegiu;Ziegler;Florilegium marianum IX;2007;;;;;;;;;No;No;;auto-extracted from references;;;FALSE;;external
Ziegler2004_Unelettred;Ziegler;Une lettre de Šamši-Addu découverte à Hazor?;2004;;;;;;;;;No;No;;auto-extracted from references;;;FALSE;;external
Ziegler2007_Amurritisc;Ziegler;Amurritisch lernen;2007;;;;;;;;;No;No;;auto-extracted from references;;;FALSE;;external
Barjamovic2008_AnOldAssyr;Barjamovic;An Old Assyrian Incantation against the Evil Eye;2008;;;;;;;;;No;No;;auto-extracted from references;;;FALSE;;external
Buccellati1993_ThroughaGl;Buccellati;Through a Glass Darkly: A Reconstruction of Old Babylonian Monuments Described in Old Babylonian Copies;1993;;;;;;;;;No;No;;auto-extracted from references;;;FALSE;;external
Cammarosano2019_TheyWroteo;Cammarosano;They Wrote on Wax: Wax Boards in the Ancient Near East;2019;;;;;;;;;No;No;;auto-extracted from references;;;FALSE;;external
Chiera1956_TheyWroteo;Chiera;They Wrote on Clay: The Babylonian Tablets Speak Today;1956;;;;;;;;;No;No;;auto-extracted from references;;;FALSE;;external
Dalley2020_TheFirstSe;Dalley;The First Sealand Dynasty: Literacy, Economy, and the Likely Location of Dur-Enlil(e;2020;;;;;;;;;No;No;;auto-extracted from references;;;FALSE;;external
Derksen2017_NewEvidenc;Derksen;New Evidence for Beeswax during the Old Assyrian Colony Period and the Ur III Period;2017;;;;;;;;;No;No;;auto-extracted from references;;;FALSE;;external
Devecchi2020_DallaMesop;Devecchi;Dalla Mesopotamia a Parigi, passando per Susa;2020;;;;;;;;;No;No;;auto-extracted from references;;;FALSE;;external
Eppihimer2010_Assembling;Eppihimer;Assembling King and State;2010;;;;;;;;;No;No;;auto-extracted from references;;;FALSE;;external
Fales2010_NewLighton;Fales;New Light on Assyro-Aramaic Interference: The Assur Ostracon;2010;;;;;;;;;No;No;;auto-extracted from references;;;FALSE;;external
Feldman2009_Knowledgea;Feldman;Knowledge as Cultural Biography;2009;;;;;;;;;No;No;;auto-extracted from references;;;FALSE;;external
Finkel2018_Amuletsaga;Finkel;Amulets against Fever;2018;;;;;;;;;No;No;;auto-extracted from references;;;FALSE;;external
Finkel2019_Assurbanip;Finkel;Assurbanipal’s Library: An Overview;2019;;;;;;;;;No;No;;auto-extracted from references;;;FALSE;;external
Franklin2019_ReviewofVo;Franklin;Review of Voices on Birchbark;2019;;;;;;;;;No;No;;auto-extracted from references;;;FALSE;;external
Friberg1990_SeedandRee;Friberg;‘Seed and Reeds’;1990;;;;;;;;;No;No;;auto-extracted from references;;;FALSE;;external
Greco2019_TheCodeofH;Greco;The Code of Hammurabi in Later Tradition;2019;;;;;;;;;No;No;;auto-extracted from references;;;FALSE;;external
Guterbock1934_Diehistori;Güterbock;Die historische Tradition;1934;;;;;;;;;No;No;;auto-extracted from references;;;FALSE;;external
Harper1993_TheRoyalCi;Harper;The Royal City of Susa;1993;;;;;;;;;No;No;;auto-extracted from references;;;FALSE;;external
Henkelman2012_SutrukNahh;Henkelman;Šutruk-Nahhunte;2012;;;;;;;;;No;No;;auto-extracted from references;;;FALSE;;external
Heessel2012_Amuletteun;Heeßel;Amulette und ‘Amulettform’;2012;;;;;;;;;No;No;;auto-extracted from references;;;FALSE;;external
Jendritzki2019_Rekonstruk;Jendritzki;Rekonstruktion einer Elfenbein-Klapptafel;2019;;;;;;;;;No;No;;auto-extracted from references;;;FALSE;;external
Jursa2004_Accounting;Jursa;Accounting in Neo-Babylonian Institutional Archives;2004;;;;;;;;;No;No;;auto-extracted from references;;;FALSE;;external
Konig1977_Dieelamisc;König;Die elamischen Königsinschriften;1977;;;;;;;;;No;No;;auto-extracted from references;;;FALSE;;external
Larsen2015_AncientKan;Larsen;Ancient Kanesh;2015;;;;;;;;;No;No;;auto-extracted from references;;;FALSE;;external
Maiocchi2012_Ildolcesap;Maiocchi;Il dolce sapore della morte;2012;;;;;;;;;No;No;;auto-extracted from references;;;FALSE;;external
Maul2012_Tontafelab;Maul;Tontafelabschriften des Kodex Hammurapi;2012;;;;;;;;;No;No;;auto-extracted from references;;;FALSE;;external
Michalowski1980_NewSources;Michalowski;New Sources Concerning Naram-Sin;1980;;;;;;;;;No;No;;auto-extracted from references;;;FALSE;;external
Michalowski2020_TheKingdom;Michalowski;The Kingdom of Akkad in Contact with the World;2020;;;;;;;;;No;No;;auto-extracted from references;;;FALSE;;external
Michel2020_WomenofAss;Michel;Women of Assur and Kanesh;2020;;;;;;;;;No;No;;auto-extracted from references;;;FALSE;;external
Nougayrol1958_Lesfragmen;Nougayrol;Les fragments en pierre du Code Hammourabien II;1958;;;;;;;;;No;No;;auto-extracted from references;;;FALSE;;external
Ornan2019_Unfinished;Ornan;Unfinished Business;2019;;;;;;;;;No;No;;auto-extracted from references;;;FALSE;;external
Panayotov2018_Magicomedi;Panayotov;Magico-medical Plants;2018;;;;;;;;;No;No;;auto-extracted from references;;;FALSE;;external
Paulus2017_Akkadeinmi;Paulus;Akkade in mittelbabylonischer Zeit;2017;;;;;;;;;No;No;;auto-extracted from references;;;FALSE;;external
Postgate2001_SystemandS;Postgate;System and Style in Three Near Eastern Bureaucracies;2001;;;;;;;;;No;No;;auto-extracted from references;;;FALSE;;external
Potts1999_TheArchaeo;Potts;The Archaeology of Elam;1999;;;;;;;;;No;No;;auto-extracted from references;;;FALSE;;external
Potts2006_Elamitesan;Potts;Elamites and Kassites in the Gulf;2006;;;;;;;;;No;No;;auto-extracted from references;;;FALSE;;external
Potts2018_Archaeolog;Potts;Archaeology and the Art of the Ancient Near East;2018;;;;;;;;;No;No;;auto-extracted from references;;;FALSE;;external
Powell1996_Wineandthe;Powell;Wine and the Vine in Ancient Mesopotamia;1996;;;;;;;;;No;No;;auto-extracted from references;;;FALSE;;external
Radner2014_AnImperial;Radner;An Imperial Communication Network;2014;;;;;;;;;No;No;;auto-extracted from references;;;FALSE;;external
Reichel2013_Eshnunna;Reichel;Eshnunna;2013;;;;;;;;;No;No;;auto-extracted from references;;;FALSE;;external
Rey2020_ASeleucidC;Rey;A Seleucid Cult of Royal Ancestors in Girsu;2020;;;;;;;;;No;No;;auto-extracted from references;;;FALSE;;external
Robson2019_ScholarlyT;Robson;Scholarly Tablet Collections;2019;;;;;;;;;No;No;;auto-extracted from references;;;FALSE;;external
Unknown2019_LibrariesB;Unknown;Libraries Before Alexandria;2019;;;;;;;;;No;No;;auto-extracted from references;;;FALSE;;external
Sallaberger2012_Bierbrauen;Sallaberger;Bierbrauen in Versen;2012;;;;;;;;;No;No;;auto-extracted from references;;;FALSE;;external
Thavapalan2019_Stonesfrom;Thavapalan;Stones from the Mountain;2019;;;;;;;;;No;No;;auto-extracted from references;;;FALSE;;external
Dijk1986_Diedynasti;Dijk;Die dynastischen Heiraten;1986;;;;;;;;;No;No;;auto-extracted from references;;;FALSE;;external
Veenhof2010_TheArchive;Veenhof;The Archive of Kuliya, son of Ali-abum;2010;;;;;;;;;No;No;;auto-extracted from references;;;FALSE;;external
Veenhof2020_OldAssyria;Veenhof;Old Assyrian Iṣurtum;2020;;;;;;;;;No;No;;auto-extracted from references;;;FALSE;;external
Volk1999_Imkereiima;Volk;Imkerei im alten Mesopotamien?;1999;;;;;;;;;No;No;;auto-extracted from references;;;FALSE;;external
Waal2012_WritinginA;Waal;Writing in Anatolia;2012;;;;;;;;;No;No;;auto-extracted from references;;;FALSE;;external
Wasserman1994_BM78613;Wasserman;BM 78613;1994;;;;;;;;;No;No;;auto-extracted from references;;;FALSE;;external
Winter1992_Idolsofthe;Winter;‘Idols of the King.’;1992;;;;;;;;;No;No;;auto-extracted from references;;;FALSE;;external
Winter1996_SexRhetori;Winter;Sex, Rhetoric and the Public Monument;1996;;;;;;;;;No;No;;auto-extracted from references;;;FALSE;;external
Winter2002_DefiningAe;Winter;Defining Aesthetics for Non-Western Studies;2002;;;;;;;;;No;No;;auto-extracted from references;;;FALSE;;external
Unknown2017_Entrelesfl;Unknown;Entre les fleuves II;2017;;;;;;;;;No;No;;auto-extracted from references;;;FALSE;;external
Abela-Ridder2010_Estimating;Abela-Ridder;Estimating the Burden of Human Leptospirosis;2010;;;;;;;;;No;No;;auto-extracted from references;;;FALSE;;external
Bandara2014_Globalizat;Bandara;Globalization of Leptospirosis through Travel and Migration;2014;;;;;;;;;No;No;;auto-extracted from references;;;FALSE;;external
Baermann1928_DiagnoseKl;Baermann;Diagnose, Klinik, Epidemiologie und Therapie der kurzfristigen Weilschen Erkrankung;1928;;;;;;;;;No;No;;auto-extracted from references;;;FALSE;;external
Berman1973_ScrubTyphu;Berman;Scrub Typhus in South Vietnam;1973;;;;;;;;;No;No;;auto-extracted from references;;;FALSE;;external
Borg-Petersen1949_Experience;Borg-Petersen;Experience of Leptospirosis in Denmark;1949;;;;;;;;;No;No;;auto-extracted from references;;;FALSE;;external
Borghouts1998_TheClinica;Borghouts;The Clinical Course and Prognostic Factors of Non-Specific Neck Pain: A Systematic Review;1998;;;;;;;;;No;No;;auto-extracted from references;;;FALSE;;external
Broom1951_Leptospiro;Broom;Leptospirosis in England and Wales;1951;;;;;;;;;No;No;;auto-extracted from references;;;FALSE;;external
Broom1948_WeilsDisea;Broom;Weil’s Disease;1948;;;;;;;;;No;No;;auto-extracted from references;;;FALSE;;external
Brown1997_BM13470119;Brown;BM 134701 = 1966-10-14, 1 and the Hellenistic Period Eclipse Ritual from Uruk;1997;;;;;;;;;No;No;;auto-extracted from references;;;FALSE;;external
Bulmer1945_WeilsDisea;Bulmer;Weil’s Disease in Normandy: Its Treatment with Penicillin;1945;;;;;;;;;No;No;;auto-extracted from references;;;FALSE;;external
Cavigneaux1948_CasesofLep;Cavigneaux;Cases of Leptospirosis Icterohaemorrhagica in the Paris District;1948;;;;;;;;;No;No;;auto-extracted from references;;;FALSE;;external
Daher2009_Predictors;Daher;Predictors of Oliguric Acute Kidney Injury in Leptospirosis;2009;;;;;;;;;No;No;;auto-extracted from references;;;FALSE;;external
Daher1999_RiskFactor;Daher;Risk Factors for Death and Changing Patterns in Leptospirosis Acute Renal Failure;1999;;;;;;;;;No;No;;auto-extracted from references;;;FALSE;;external
Dittrich2015_OrientiaRi;Dittrich;Orientia, Rickettsia, and Leptospira Pathogens as Causes of CNS Infections in Laos;2015;;;;;;;;;No;No;;auto-extracted from references;;;FALSE;;external
Edwards1960_HumanLepto;Edwards;Human Leptospirosis;1960;;;;;;;;;No;No;;auto-extracted from references;;;FALSE;;external
Fairburn1956_Chloramphe;Fairburn;Chloramphenicol and Penicillin in the Treatment of Leptospirosis among British Troops in Malaya;1956;;;;;;;;;No;No;;auto-extracted from references;;;FALSE;;external
Faine1982_Guidelines;Faine;Guidelines for the Control of Leptospirosis. WHO Offset Publication;1982;;;;;;;;;No;No;;auto-extracted from references;;;FALSE;;external
Fletcher1927_Leptospiro;Fletcher;Leptospirosis, Tsutsugamushi Disease and Tropical Typhus;1927;;;;;;;;;No;No;;auto-extracted from references;;;FALSE;;external
Gardner1946_Laboratory;Gardner;Laboratory Diagnosis of Weil’s Disease;1946;;;;;;;;;No;No;;auto-extracted from references;;;FALSE;;external
Hall1951_Evaluation;Hall;Evaluation of Antibiotic Therapy in Human Leptospirosis;1951;;;;;;;;;No;No;;auto-extracted from references;;;FALSE;;external
Hamilton1934_WeilsDisea;Hamilton Fairley;Weil’s Disease among Sewer Workers in London;1934;;;;;;;;;No;No;;auto-extracted from references;;;FALSE;;external
Hartskeerl2011_EmergenceC;Hartskeerl;Emergence, Control and Re-emerging Leptospirosis: Dynamics of Infection in the Changing World;2011;;;;;;;;;No;No;;auto-extracted from references;;;FALSE;;external
Ido1918_Spirochaet;Ido;Spirochaeta Hebdomadis, the Causative Agent of Seven Day Fever;1918;;;;;;;;;No;No;;auto-extracted from references;;;FALSE;;external
Ko1999_UrbanEpide;Ko;Urban Epidemic of Severe Leptospirosis in Brazil;1999;;;;;;;;;No;No;;auto-extracted from references;;;FALSE;;external
Kocen1962_Leptospiro;Kocen;Leptospirosis: A Comparison of Symptomatic and Penicillin Therapy;1962;;;;;;;;;No;No;;auto-extracted from references;;;FALSE;;external
Kristensen1935_OmWeilsSyg;Kristensen;Om Weil’s Sygdom i Danmark;1935;;;;;;;;;No;No;;auto-extracted from references;;;FALSE;;external
Limmathurotsakul2012_FoolsGoldW;Limmathurotsakul;Fool’s Gold: Why Imperfect Reference Tests Are Undermining the Evaluation of Novel Diagnostics;2012;;;;;;;;;No;No;;auto-extracted from references;;;FALSE;;external
Lopes2004_Comparativ;Lopes;Comparative Study of In-Hospital Case-Fatality Rate of Leptospirosis;2004;;;;;;;;;No;No;;auto-extracted from references;;;FALSE;;external
Mayxay2013_CausesofNo;Mayxay;Causes of Non-Malarial Fever in Laos;2013;;;;;;;;;No;No;;auto-extracted from references;;;FALSE;;external
McClain1984_Doxycyclin;McClain;Doxycycline Therapy for Leptospirosis;1984;;;;;;;;;No;No;;auto-extracted from references;;;FALSE;;external
Molner1948_Leptospira;Molner;Leptospiral Infections: A Survey;1948;;;;;;;;;No;No;;auto-extracted from references;;;FALSE;;external
Pappas2008_TheGlobali;Pappas;The Globalization of Leptospirosis;2008;;;;;;;;;No;No;;auto-extracted from references;;;FALSE;;external
Puliyath2012_Leptospiro;Puliyath;Leptospirosis in Pregnancy;2012;;;;;;;;;No;No;;auto-extracted from references;;;FALSE;;external
Reller2014_Unsuspecte;Reller;Unsuspected Leptospirosis Is a Cause of Acute Febrile Illness in Nicaragua;2014;;;;;;;;;No;No;;auto-extracted from references;;;FALSE;;external
Ross1958_Treatmento;Ross Russell;Treatment of Leptospirosis with Oxytetracycline;1958;;;;;;;;;No;No;;auto-extracted from references;;;FALSE;;external
Segura2005_ClinicalSp;Segura;Clinical Spectrum of Pulmonary Involvement in Leptospirosis;2005;;;;;;;;;No;No;;auto-extracted from references;;;FALSE;;external
Silva2011_RIFLEandAK;Silva Júnior;RIFLE and AKIN Classifications Predict Mortality in Leptospirosis;2011;;;;;;;;;No;No;;auto-extracted from references;;;FALSE;;external
Slot1932_Leptospiro;Slot;Leptospirosen in Bangkinang en Omgeving;1932;;;;;;;;;No;No;;auto-extracted from references;;;FALSE;;external
Smith1949_WeilsDisea;Smith;Weil’s Disease in the North-East of Scotland;1949;;;;;;;;;No;No;;auto-extracted from references;;;FALSE;;external
Smythe2009_TheMicrosc;Smythe;The Microscopic Agglutination Test Is an Unreliable Predictor;2009;;;;;;;;;No;No;;auto-extracted from references;;;FALSE;;external
Spichler2012_Comparativ;Spichler;Comparative Analysis of Severe Pediatric and Adult Leptospirosis;2012;;;;;;;;;No;No;;auto-extracted from references;;;FALSE;;external
Hooste2007_Leptospiro;Hooste;Leptospirosis: Review of the Literature;2007;;;;;;;;;No;No;;auto-extracted from references;;;FALSE;;external
Vervoort1923_Spirochaet;Vervoort;Spirochaeten bij Acute Koortsige Ziekten van Onbekende Oorsprong in de Tropen;1923;;;;;;;;;No;No;;auto-extracted from references;;;FALSE;;external
Vijayachari2004_Leptospiro;Vijayachari;Leptospirosis among Schoolchildren of the Andaman & Nicobar Islands;2004;;;;;;;;;No;No;;auto-extracted from references;;;FALSE;;external
Walch-Sorgdrager1939_Leptospiro;Walch-Sorgdrager;Leptospiroses;1939;;;;;;;;;No;No;;auto-extracted from references;;;FALSE;;external
Wilmaers1917_Quarantese;Wilmaers;Quarante-sept cas de spirochétose ictero-hémorragique;1917;;;;;;;;;No;No;;auto-extracted from references;;;FALSE;;external
Wilson1927_ProbableIn;Wilson;Probable Inference, the Law of Succession, and Statistical Inference;1927;;;;;;;;;No;No;;auto-extracted from references;;;FALSE;;external
Organization2010_Reportofth;Organization;Report of the First Meeting of the Leptospirosis Burden Epidemiology Reference Group;2010;;;;;;;;;No;No;;auto-extracted from references;;;FALSE;;external
Zaki1996_Leptospiro;Zaki;Leptospirosis Associated with Acute Febrile Illness and Pulmonary Hemorrhage;1996;;;;;;;;;No;No;;auto-extracted from references;;;FALSE;;external
Barberon2012_ArchibabIL;Barberon;Archibab I. Les religieuses et le culte de Marduk dans le royaume de Babylone;2012;;;;;;;;;No;No;;auto-extracted from references;;;FALSE;;external
Cohen1993_TheCulticC;Cohen;The Cultic Calendars of the Ancient Near East;1993;;;;;;;;;No;No;;auto-extracted from references;;;FALSE;;external
Graef2001_Unsceauave;Graef;Un sceau avec le kišib d’Ur-Utu, grand lamentateur d’Anunītum;2001;;;;;;;;;No;No;;auto-extracted from references;;;FALSE;;external
Meyer1982_Mubabbilut;Meyer;Mubabbilūtum dans une lettre paléo-babylonienne tardive;1982;;;;;;;;;No;No;;auto-extracted from references;;;FALSE;;external
Dresch1989_TribesGove;Dresch;Tribes, Government and History in Yemen;1989;;;;;;;;;No;No;;auto-extracted from references;;;FALSE;;external
Eidem2008_ApumaKingd;Eidem;Apum, a Kingdom on the Old Assyrian Route;2008;;;;;;;;;No;No;;auto-extracted from references;;;FALSE;;external
Janssen2012_OfWillsand;Janssen;Of Wills and Bills: On Inherited Debts in the Ur-Utu Archive;2012;;;;;;;;;No;No;;auto-extracted from references;;;FALSE;;external
Janssen2012_TheGuardWh;Janssen;The Guard Who Molested Gentlemen ... A Letter Ana Awīlē from the Ur-Utu Archive;2012;;;;;;;;;No;No;;auto-extracted from references;;;FALSE;;external
Kouwenberg2010_TheAkkadia;Kouwenberg;The Akkadian Verb and Its Semitic Background;2010;;;;;;;;;No;No;;auto-extracted from references;;;FALSE;;external
Landsberger1915_Derkultisc;Landsberger;Der kultische Kalender der Babylonier und Assyrer;1915;;;;;;;;;No;No;;auto-extracted from references;;;FALSE;;external
Saller1999_PaterFamil;Saller;Pater Familias, Mater Familias, and the Gendered Semantics of the Roman Household;1999;;;;;;;;;No;No;;auto-extracted from references;;;FALSE;;external
Tanret2005_Kubburumlo;Tanret;Kubburum loue une maison;2005;;;;;;;;;No;No;;auto-extracted from references;;;FALSE;;external
Tanret1992_Anaqabequi;Tanret;Ana qabê: qui remplace qui?;1992;;;;;;;;;No;No;;auto-extracted from references;;;FALSE;;external
Toorn1996_FamilyReli;Toorn;Family Religion in Babylonia, Syria and Israel: Continuity and Change in the Forms of Religious Life;1996;;;;;;;;;No;No;;auto-extracted from references;;;FALSE;;external
Veenhof1991_AssyrianCo;Veenhof;Assyrian Commercial Activities in Old Babylonian Sippar – Some New Evidence;1991;;;;;;;;;No;No;;auto-extracted from references;;;FALSE;;external
Veenhof2012_DasAnsehen;Veenhof;Das Ansehen eines altorientalischen Herrschers bei seinen Untertanen;2012;;;;;;;;;No;No;;auto-extracted from references;;;FALSE;;external
Unknown1996_HousesandH;Unknown;Houses and Households in Ancient Mesopotamia;1996;;;;;;;;;No;No;;auto-extracted from references;;;FALSE;;external
Albayrak2001_KultepeMet;Albayrak;Kültepe Metinlerinde Geçen mā’û ‘Su’ Kelimesi;2001;;;;;;;;;No;No;;auto-extracted from references;;;FALSE;;external
Alp1968_Zylinderun;Alp;Zylinder und Stempelsiegel aus Karahöyük bei Konya;1968;;;;;;;;;No;No;;auto-extracted from references;;;FALSE;;external
Balkan1957_LetterofKi;Balkan;Letter of King Anum-Hirbi of Mama to King Warshama of Kanish;1957;;;;;;;;;No;No;;auto-extracted from references;;;FALSE;;external
Barjamovic2011_AHistorica;Barjamovic;A Historical Geography of Ancient Anatolia in the Old Assyrian Colony Period;2011;;;;;;;;;No;No;;auto-extracted from references;;;FALSE;;external
Barjamovic2012_UpsandDown;Barjamovic;Ups and Downs at Kanesh: Chronology, History and Society in the Old Assyrian Period;2012;;;;;;;;;No;No;;auto-extracted from references;;;FALSE;;external
Bilgic1964_ThreeTable;Bilgiç;Three Tablets from the City Mound of Kültepe;1964;;;;;;;;;No;No;;auto-extracted from references;;;FALSE;;external
Bilgic1992_EblainCapp;Bilgiç;‘Ebla’ in Cappadocian Inscriptions;1992;;;;;;;;;No;No;;auto-extracted from references;;;FALSE;;external
Dassow2008_StateandSo;Dassow;State and Society in the Late Bronze Age Alalah under the Mittani Empire;2008;;;;;;;;;No;No;;auto-extracted from references;;;FALSE;;external
Dercksen1996_TheOldAssy;Dercksen;The Old Assyrian Copper Trade in Anatolia;1996;;;;;;;;;No;No;;auto-extracted from references;;;FALSE;;external
Dercksen2001_WhenWeMeti;Dercksen;‘When We Met in Hattuš.’ Trade according to Old Assyrian Texts from Alishar and Boğazköy;2001;;;;;;;;;No;No;;auto-extracted from references;;;FALSE;;external
Dercksen2002_Kulturelle;Dercksen;Kultureller und wirtschaftlicher Austausch zwischen Assyrern und Anatoliern;2002;;;;;;;;;No;No;;auto-extracted from references;;;FALSE;;external
Dercksen2004_OldAssyria;Dercksen;Old Assyrian Institutions;2004;;;;;;;;;No;No;;auto-extracted from references;;;FALSE;;external
Dercksen2004_SomeElemen;Dercksen;Some Elements of Old Anatolian Society in Kaniš;2004;;;;;;;;;No;No;;auto-extracted from references;;;FALSE;;external
Dercksen2005_MetalsAcco;Dercksen;Metals According to Documents from Kültepe-Kanish;2005;;;;;;;;;No;No;;auto-extracted from references;;;FALSE;;external
Dercksen2007_OnAnatolia;Dercksen;On Anatolian Loanwords in Akkadian Texts from Kültepe;2007;;;;;;;;;No;No;;auto-extracted from references;;;FALSE;;external
Dercksen2008_Subsistenc;Dercksen;Subsistence, Surplus and the Market for Grain and Meat at Ancient Kanesh;2008;;;;;;;;;No;No;;auto-extracted from references;;;FALSE;;external
Dercksen2008_Observatio;Dercksen;Observations on Land Use and Agriculture in Kaneš;2008;;;;;;;;;No;No;;auto-extracted from references;;;FALSE;;external
Donmez2008_AGeneralLo;Dönmez;A General Look at the Central Black Sea Region during the Middle Bronze Age;2008;;;;;;;;;No;No;;auto-extracted from references;;;FALSE;;external
Eidem1991_AnOldAssyr;Eidem;An Old Assyrian Treaty from Tell Leilan;1991;;;;;;;;;No;No;;auto-extracted from references;;;FALSE;;external
Eidem2011_TheRoyalAr;Eidem;The Royal Archives from Tell Leilan;2011;;;;;;;;;No;No;;auto-extracted from references;;;FALSE;;external
Emre1995_PilgrimFla;Emre;Pilgrim-Flasks from Level I of the Kārum of Kaniš;1995;;;;;;;;;No;No;;auto-extracted from references;;;FALSE;;external
Emre1999_SyrianBott;Emre;Syrian Bottles from the Kārum of Kaniš;1999;;;;;;;;;No;No;;auto-extracted from references;;;FALSE;;external
Fairbairn2006_Archaeobot;Fairbairn;Archaeobotany at Kaman Kalehöyük 2005;2006;;;;;;;;;No;No;;auto-extracted from references;;;FALSE;;external
Fairbairn2007_Archaeobot;Fairbairn;Archaeobotany at Kaman Kalehöyük (2006;2007;;;;;;;;;No;No;;auto-extracted from references;;;FALSE;;external
Forlanini1992_AmMittlere;Forlanini;Am Mittleren Kızılırmak;1992;;;;;;;;;No;No;;auto-extracted from references;;;FALSE;;external
Forlanini2006_Etapesetit;Forlanini;Étapes et itinéraires entre Aššur et l’Anatolie;2006;;;;;;;;;No;No;;auto-extracted from references;;;FALSE;;external
Garelli1963_LesAssyrie;Garelli;Les Assyriens en Cappadoce;1963;;;;;;;;;No;No;;auto-extracted from references;;;FALSE;;external
Garelli1989_Lemarchede;Garelli;Le marché de Burušhattum;1989;;;;;;;;;No;No;;auto-extracted from references;;;FALSE;;external
Gunbatti1987_YenidenIsl;Günbattı;Yeniden İşlenen Bir Kültepe Tableti;1987;;;;;;;;;No;No;;auto-extracted from references;;;FALSE;;external
Gunbatti2005_2000ve2001;Günbattı;2000 ve 2001 Yılı Kültepe Kazılarında Ele Geçen Bazı I-b Tabletleri;2005;;;;;;;;;No;No;;auto-extracted from references;;;FALSE;;external
Gunbatti2008_AnEponymLi;Günbattı;An Eponym List (KEL G) from Kültepe;2008;;;;;;;;;No;No;;auto-extracted from references;;;FALSE;;external
Hecker1991_ZurHerkunf;Hecker;Zur Herkunft der hethitischen Keilschrift;1991;;;;;;;;;No;No;;auto-extracted from references;;;FALSE;;external
Hecker1996_ZurHerkunf;Hecker;Zur Herkunft der hethitischen Keilschrift;1996;;;;;;;;;No;No;;auto-extracted from references;;;FALSE;;external
Hecker1997_UberdenEup;Hecker;Über den Euphrat;1997;;;;;;;;;No;No;;auto-extracted from references;;;FALSE;;external
Kryszat2003_ZurListede;Kryszat;Zur Liste der Schwurgötter im Assur-Apûm-Vertrag;2003;;;;;;;;;No;No;;auto-extracted from references;;;FALSE;;external
Kryszat2006_HerrscherH;Kryszat;Herrscher, Herrschaft und Kulttradition in Anatolien, Teil 2;2006;;;;;;;;;No;No;;auto-extracted from references;;;FALSE;;external
Kryszat2008_HerrscherK;Kryszat;Herrscher, Kult und Kulttradition ... Teil 3/1;2008;;;;;;;;;No;No;;auto-extracted from references;;;FALSE;;external
Larsen1972_ARevoltaga;Larsen;A Revolt against Hattuša;1972;;;;;;;;;No;No;;auto-extracted from references;;;FALSE;;external
Larsen2002_TheAssurna;Larsen;The Aššur-nādā Archive;2002;;;;;;;;;No;No;;auto-extracted from references;;;FALSE;;external
Lassen2010_TheTradein;Lassen;The Trade in Wool in Old Assyrian Anatolia;2010;;;;;;;;;No;No;;auto-extracted from references;;;FALSE;;external
Marro2004_UpperMesop;Marro;Upper Mesopotamia and the Caucasus;2004;;;;;;;;;No;No;;auto-extracted from references;;;FALSE;;external
Michel1991_Durhumidso;Michel;Durhumid, son commerce et ses marchands;1991;;;;;;;;;No;No;;auto-extracted from references;;;FALSE;;external
Michel1997_Atableavec;Michel;À table avec les marchands paléo-assyriens;1997;;;;;;;;;No;No;;auto-extracted from references;;;FALSE;;external
Michel2002_Nouvellesd;Michel;Nouvelles données pour la chronologie du IIe millénaire;2002;;;;;;;;;No;No;;auto-extracted from references;;;FALSE;;external
Michel2004_Theperdumm;Michel;Theperdum-mule;2004;;;;;;;;;No;No;;auto-extracted from references;;;FALSE;;external
Michel2006_Femmesetpr;Michel;Femmes et production textile à Aššur;2006;;;;;;;;;No;No;;auto-extracted from references;;;FALSE;;external
Michel2006_Lessuidesd;Michel;Les suidés dans la documentation de Kaniš;2006;;;;;;;;;No;No;;auto-extracted from references;;;FALSE;;external
Michel2008_Nouvellesd;Michel;Nouvelles données de géographie historique anatolienne;2008;;;;;;;;;No;No;;auto-extracted from references;;;FALSE;;external
Michel2008_Lesperegri;Michel;Les pérégrinations des marchands assyriens;2008;;;;;;;;;No;No;;auto-extracted from references;;;FALSE;;external
Michel2008_Etainetcui;Michel;Étain et cuivre dans les archives commerciales;2008;;;;;;;;;No;No;;auto-extracted from references;;;FALSE;;external
Michel2008_LesAssyrie;Michel;Les Assyriens et leurs femmes anatoliennes;2008;;;;;;;;;No;No;;auto-extracted from references;;;FALSE;;external
Michel2010_Lescomptoi;Michel;Les comptoirs de commerce assyriens en Anatolie;2010;;;;;;;;;No;No;;auto-extracted from references;;;FALSE;;external
Michel2010_Deuxtextes;Michel;Deux textes atypiques découverts à Kültepe;2010;;;;;;;;;No;No;;auto-extracted from references;;;FALSE;;external
Michel2012_Subartu;Michel;Subartu;2012;;;;;;;;;No;No;;auto-extracted from references;;;FALSE;;external
Michel1996_Heurtsavec;Michel;Heurts avec une principauté anatolienne;1996;;;;;;;;;No;No;;auto-extracted from references;;;FALSE;;external
Michel2010_TheTextile;Michel;The Textiles Traded by the Assyrians in Anatolia;2010;;;;;;;;;No;No;;auto-extracted from references;;;FALSE;;external
Miller2001_AnumHirbia;Miller;Anum-Hirbi and His Kingdom;2001;;;;;;;;;No;No;;auto-extracted from references;;;FALSE;;external
Muller-Karpe1994_Altanatoli;Müller-Karpe;Altanatolisches Metallhandwerk;1994;;;;;;;;;No;No;;auto-extracted from references;;;FALSE;;external
Nicola1999_AssyrianCo;Nicola;Assyrian Colony Period Fauna from Acemhöyük;1999;;;;;;;;;No;No;;auto-extracted from references;;;FALSE;;external
Ozguc1965_TheAnatoli;Özgüç;The Anatolian Group of Cylinder Seal Impressions from Kültepe;1965;;;;;;;;;No;No;;auto-extracted from references;;;FALSE;;external
Ozguc1986_KultepeKan;Özgüç;Kültepe-Kaniš II;1986;;;;;;;;;No;No;;auto-extracted from references;;;FALSE;;external
Ozguc2006_SealImpres;Özgüç;Seal Impressions on the Clay Envelopes from the Archives of Peruwa and Usur-ša-Ištar;2006;;;;;;;;;No;No;;auto-extracted from references;;;FALSE;;external
Sagona2009_AncientTur;Sagona;Ancient Turkey;2009;;;;;;;;;No;No;;auto-extracted from references;;;FALSE;;external
Sturm2001_PuzurAnnae;Sturm;Puzur-Annā – ein Schmied des Kārum Kaniš;2001;;;;;;;;;No;No;;auto-extracted from references;;;FALSE;;external
Sturm2008_AllanuHase;Sturm;Allanu – Haselnüsse als Delikatesse;2008;;;;;;;;;No;No;;auto-extracted from references;;;FALSE;;external
Veenhof2006_Travelingi;Veenhof;Traveling in Ancient Anatolia;2006;;;;;;;;;No;No;;auto-extracted from references;;;FALSE;;external
Veenhof2008_AcrosstheE;Veenhof;Across the Euphrates;2008;;;;;;;;;No;No;;auto-extracted from references;;;FALSE;;external
Veenhof2008_SomeDispla;Veenhof;Some Displaced Tablets from Kārum Kanesh;2008;;;;;;;;;No;No;;auto-extracted from references;;;FALSE;;external
Veenhof0_OldAssyria;Veenhof;Old Assyrian Traders in War and Peace;0000;;;;;;;;;No;No;;auto-extracted from references;;;FALSE;;external
Wilhelm2008_Hurriansin;Wilhelm;Hurrians in the Kültepe Texts;2008;;;;;;;;;No;No;;auto-extracted from references;;;FALSE;;external
Yakar1998_Environmen;Yakar;Environmental Factors Affecting Urbanisation in Bronze Age Anatolia;1998;;;;;;;;;No;No;;auto-extracted from references;;;FALSE;;external
Yakar2000_Ethnoarcha;Yakar;Ethnoarchaeology of Anatolia. Tel Aviv University Monograph Series 17;2000;;;;;;;;;No;No;;auto-extracted from references;;;FALSE;;external
Bennis1997_TheUnitedN;Bennis;The United Nations and Palestine: Partition and Its Aftermath;1997;;;;;;;;;No;No;;auto-extracted from references;;;FALSE;;external
Theobald2006_Incidentso;Theobald;Incidents on Mount Scopus: UNTSO Effectiveness and the 1958 Death of Lieutenant Colonel George Flint;2006;;;;;;;;;No;No;;auto-extracted from references;;;FALSE;;external
Urquhart1980_UnitedNati;Urquhart;United Nations Peace-Keeping in the Middle East;1980;;;;;;;;;No;No;;auto-extracted from references;;;FALSE;;external
al-Husseini2000_UNRWAandth;al-Husseini;UNRWA and the Palestinian Nation-Building Process;2000;;;;;;;;;No;No;;auto-extracted from references;;;FALSE;;external
Sinai1995_UnitedNati;Sinai;United Nations’ and Non-United Nations’ Peace-Keeping in the Arab-Israeli Sector: Five Scenarios;1995;;;;;;;;;No;No;;auto-extracted from references;;;FALSE;;external
Sharland2018_TheEmergin;Sharland;The Emerging Need for Peacekeeping Policy;2018;;;;;;;;;No;No;;auto-extracted from references;;;FALSE;;external
Srinivas2000_RoleofUnit;Srinivas;Role of United Nations in Conflict Resolutions: The Case of Middle East;2000;;;;;;;;;No;No;;auto-extracted from references;;;FALSE;;external
Binnendijk2016_InSearchof;Binnendijk;In Search of a Middle East Partnership Strategy;2016;;;;;;;;;No;No;;auto-extracted from references;;;FALSE;;external
Husain2007_TheUnitedS;Husain;The United States and the Failure of UN Collective Security: Palestine, Kashmir, and Indonesia, 1947–1948;2007;;;;;;;;;No;No;;auto-extracted from references;;;FALSE;;external
Alaaldin2019_Shapingthe;Alaaldin;Shaping the Political Order of the Middle East: Crisis and Opportunity;2019;;;;;;;;;No;No;;auto-extracted from references;;;FALSE;;external
Katz2019_WhentheFri;Katz;When the Friend of My Friends Is Not My Friend: The United States;2019;;;;;;;;;No;No;;auto-extracted from references;;;FALSE;;external
News2020_TheUnitedN;News;The United Nations Assistance Agency for Palestine Refugees Is on the Brink of a Cash Crisis;2020;;;;;;;;;No;No;;auto-extracted from references;;;FALSE;;external
Bedford2002_VinesANewG;Bedford;Vines: A New Graphical Model for Dependent Random Variables;2002;;;;;;;;;No;No;;auto-extracted from references;;;FALSE;;external
Cooke1997_MarkovandE;Cooke;Markov and Entropy Properties of Tree- and Vine-Dependent Variables;1997;;;;;;;;;No;No;;auto-extracted from references;;;FALSE;;external
Cooke2011_Microcorre;Cooke;Microcorrelations and Tail Dependence;2011;;;;;;;;;No;No;;auto-extracted from references;;;FALSE;;external
Hanea2016_TheAsympto;Hanea;The Asymptotic Distribution of the Determinant of a Random Correlation Matrix;2016;;;;;;;;;No;No;;auto-extracted from references;;;FALSE;;external
Holmes1991_OnRandomCo;Holmes;On Random Correlation Matrices;1991;;;;;;;;;No;No;;auto-extracted from references;;;FALSE;;external
Hotelling1936_Relationsb;Hotelling;Relations between Two Sets of Variates;1936;;;;;;;;;No;No;;auto-extracted from references;;;FALSE;;external
Houghton2009_Importance;Houghton;Importance of Biomass in the Global Carbon Cycle;2009;;;;;;;;;No;No;;auto-extracted from references;;;FALSE;;external
Joe2006_Generating;Joe;Generating Random Correlation Matrices Based on Partial Correlations;2006;;;;;;;;;No;No;;auto-extracted from references;;;FALSE;;external
Kendall1967_TheAdvance;Kendall;The Advanced Theory of Statistics;1967;;;;;;;;;No;No;;auto-extracted from references;;;FALSE;;external
Koch2006_Intraclass;Koch;Intraclass Correlation Coefficient;2006;;;;;;;;;No;No;;auto-extracted from references;;;FALSE;;external
Kousky2011_TheLimitso;Kousky;The Limits of Securitization: Micro-correlations, Fat Tails and Tail Dependence;2011;;;;;;;;;No;No;;auto-extracted from references;;;FALSE;;external
Lewandowski2009_Generating;Lewandowski;Generating Random Correlation Matrices Based on Vines and Extended Onion Method;2009;;;;;;;;;No;No;;auto-extracted from references;;;FALSE;;external
Nguyen2014_RandomMatr;Nguyen;Random Matrices: Law of the Determinant;2014;;;;;;;;;No;No;;auto-extracted from references;;;FALSE;;external
Weisbin2014_ASystemsEn;Weisbin;A Systems Engineering Approach to Estimating Uncertainty in Above-Ground Biomass Derived from Remote-Sensing Data;2014;;;;;;;;;No;No;;auto-extracted from references;;;FALSE;;external
Beaulieu1996_TheHorosco;Beaulieu;The Horoscope of Anu-bēlšunu;1996;;;;;;;;;No;No;;auto-extracted from references;;;FALSE;;external
Unknown1983_Lettersfro;Unknown;Letters from Assyrian Scholars to the Kings Esarhaddon and Assurbanipal. Part II: Commentary and Appendices;1983;;;;;;;;;No;No;;auto-extracted from references;;;FALSE;;external
Pearce2000_TheActivit;Pearce;The Activities of Anu-bēlšunu, Seleucid Scribe;2000;;;;;;;;;No;No;;auto-extracted from references;;;FALSE;;external
Steele2000_A3405AnUnu;Steele;A3405: An Unusual Astronomical Text from Uruk;2000;;;;;;;;;No;No;;auto-extracted from references;;;FALSE;;external
Ali-Yaseen2008_TheArchive;Ali-Yaseen;The Archive of a Palace Scribe and Other Officials in the Queen’s Household from the North-West Palace at Kalhu (Nimrud;2008;;;;;;;;;No;No;;auto-extracted from references;;;FALSE;;external
Al-Naqshbandi1973_TheIraqMus;Al-Naqshbandi;The Iraq Museum Laboratory, Baghdad;1973;;;;;;;;;No;No;;auto-extracted from references;;;FALSE;;external
Unknown1913_NoteSprech;Unknown;Note.” Sprechsaal für Keramik, Glas, Email;1913;;;;;;;;;No;No;;auto-extracted from references;;;FALSE;;external
Unknown2008_BeyondBaby;Unknown;Beyond Babylon: Art, Trade and Diplomacy in the Second Millennium B.C;2008;;;;;;;;;No;No;;auto-extracted from references;;;FALSE;;external
Bateman1966_TheTreatme;Bateman;The Treatment of Cuneiform Tablets in the British Museum;1966;;;;;;;;;No;No;;auto-extracted from references;;;FALSE;;external
Blackman2003_ChemicalCh;Blackman;Chemical Characterization of Tablets, Sealing Clays, and Clay Sources from Tell Leilan, Syria;2003;;;;;;;;;No;No;;auto-extracted from references;;;FALSE;;external
Borger1991_EinBriefSi;Borger;Ein Brief Sîn-idinnams von Larsa an den Sonnengott sowie Bemerkungen über ‘Joins’ und das ‘Joinen’;1991;;;;;;;;;No;No;;auto-extracted from references;;;FALSE;;external
Budge1920_ByNileandT;Budge;By Nile and Tigris;1920;;;;;;;;;No;No;;auto-extracted from references;;;FALSE;;external
Budge1925_TheRiseand;Budge;The Rise and Progress of Assyriology;1925;;;;;;;;;No;No;;auto-extracted from references;;;FALSE;;external
Thompson1933_TheBritish;Thompson;The British Museum Excavations at Nineveh, 1931–32;1933;;;;;;;;;No;No;;auto-extracted from references;;;FALSE;;external
Cartwright2011_Investigat;Cartwright;Investigating Technological and Environmental Evidence from Plant Remains and Molluscs in Cuneiform Tablets;2011;;;;;;;;;No;No;;auto-extracted from references;;;FALSE;;external
Crawford1966_Processing;Crawford;Processing Clay Tablets in the Field;1966;;;;;;;;;No;No;;auto-extracted from references;;;FALSE;;external
Unknown1995_ArtandEmpi;Unknown;Art and Empire: Treasures from Assyria in the British Museum;1995;;;;;;;;;No;No;;auto-extracted from references;;;FALSE;;external
Delougaz1933_PlanoConve;Delougaz;"Plano-Convex Bricks and the Methods of Their Employment; The Treatment of Clay Tablets in the Field";1933;;;;;;;;;No;No;;auto-extracted from references;;;FALSE;;external
Dowman1970_Conservati;Dowman;Conservation in Field Archaeology;1970;;;;;;;;;No;No;;auto-extracted from references;;;FALSE;;external
Evans1935_ThePalaceo;Evans;The Palace of Minos;1935;;;;;;;;;No;No;;auto-extracted from references;;;FALSE;;external
Fales1987_NeoAssyria;Fales;Neo-Assyrian Texts and Fragments from Copenhagen;1987;;;;;;;;;No;No;;auto-extracted from references;;;FALSE;;external
Fales2015_EditorialT;Fales;Editorial: Twenty Volumes of Neo-Assyrian Studies Later;2015;;;;;;;;;No;No;;auto-extracted from references;;;FALSE;;external
Field1929_TheFieldMu;Field;The Field Museum–Oxford University Expedition to Kish, Mesopotamia 1923–1929;1929;;;;;;;;;No;No;;auto-extracted from references;;;FALSE;;external
Finkel2013_TheCyrusCy;Finkel;The Cyrus Cylinder: The Babylonian Perspective;2013;;;;;;;;;No;No;;auto-extracted from references;;;FALSE;;external
Foster2006_TheBeginni;Foster;The Beginnings of Assyriology in the United States;2006;;;;;;;;;No;No;;auto-extracted from references;;;FALSE;;external
Foster2013_AlbertTCla;Foster;Albert T. Clay and His Babylonian Collection;2013;;;;;;;;;No;No;;auto-extracted from references;;;FALSE;;external
Gadd1926_Tabletsfro;Gadd;Tablets from Kirkuk;1926;;;;;;;;;No;No;;auto-extracted from references;;;FALSE;;external
Gibson1972_TheArchaeo;Gibson;The Archaeological Uses of Cuneiform Documents;1972;;;;;;;;;No;No;;auto-extracted from references;;;FALSE;;external
Gilberg1987_FriedrichR;Gilberg;Friedrich Rathgen: The Father of Modern Archaeological Conservation;1987;;;;;;;;;No;No;;auto-extracted from references;;;FALSE;;external
Goren2002_Petrograph;Goren;Petrographic Investigation of the Amarna Tablets;2002;;;;;;;;;No;No;;auto-extracted from references;;;FALSE;;external
Grayson2014_TheRoyalIn;Grayson;The Royal Inscriptions of Sennacherib, King of Assyria (704–681 BC;2014;;;;;;;;;No;No;;auto-extracted from references;;;FALSE;;external
Grenfell1929_LabradorLo;Grenfell;Labrador Looks at the Orient;1929;;;;;;;;;No;No;;auto-extracted from references;;;FALSE;;external
Guinan1976_NippurReba;Guinan;Nippur Rebaked;1976;;;;;;;;;No;No;;auto-extracted from references;;;FALSE;;external
Gurney1952_TheSultant;Gurney;The Sultantepe Tablets: A Preliminary Note;1952;;;;;;;;;No;No;;auto-extracted from references;;;FALSE;;external
Hall1930_ASeasonsWo;Hall;A Season’s Work at Ur;1930;;;;;;;;;No;No;;auto-extracted from references;;;FALSE;;external
Heuzey1912_Lesconstru;Heuzey;Les constructions de Tello;1912;;;;;;;;;No;No;;auto-extracted from references;;;FALSE;;external
Hogarth1923_Reportofth;Hogarth;Report of the Keeper of the Ashmolean;1923;;;;;;;;;No;No;;auto-extracted from references;;;FALSE;;external
Hunger1970_DasArchivd;Hunger;Das Archiv des Nabû-ušallim;1970;;;;;;;;;No;No;;auto-extracted from references;;;FALSE;;external
Jeyes2000_GallBladde;Jeyes;Gall-Bladder Omens;2000;;;;;;;;;No;No;;auto-extracted from references;;;FALSE;;external
Johns1911_AListofthe;Johns;A List of the Year-Names of the First Dynasty of Babylon, Part I;1911;;;;;;;;;No;No;;auto-extracted from references;;;FALSE;;external
Kelly2011_ANeoAssyri;Kelly;A Neo-Assyrian Relief in the Weingreen Museum;2011;;;;;;;;;No;No;;auto-extracted from references;;;FALSE;;external
King1914_Catalogueo;King;Catalogue of the Cuneiform Tablets in the Kouyunjik Collection... Supplement;1914;;;;;;;;;No;No;;auto-extracted from references;;;FALSE;;external
Kraus1947_DieIstanbu;Kraus;Die Istanbuler Tontafelsammlung;1947;;;;;;;;;No;No;;auto-extracted from references;;;FALSE;;external
Lambert1957_ThreeUnpub;Lambert;Three Unpublished Fragments;1957;;;;;;;;;No;No;;auto-extracted from references;;;FALSE;;external
Lambert1965_AMiddleAss;Lambert;A Middle Assyrian Tablet of Incantations;1965;;;;;;;;;No;No;;auto-extracted from references;;;FALSE;;external
Lambert1992_CatalogueT;Lambert;Catalogue... Third Supplement;1992;;;;;;;;;No;No;;auto-extracted from references;;;FALSE;;external
Lambert1966_SecondSupp;Lambert;Second Supplement;1966;;;;;;;;;No;No;;auto-extracted from references;;;FALSE;;external
Layard1849_Ninevehand;Layard;Nineveh and Its Remains;1849;;;;;;;;;No;No;;auto-extracted from references;;;FALSE;;external
Layard1853_Discoverie;Layard;Discoveries in the Ruins of Nineveh and Babylon;1853;;;;;;;;;No;No;;auto-extracted from references;;;FALSE;;external
Leach2000_Papyrus;Leach;Papyrus;2000;;;;;;;;;No;No;;auto-extracted from references;;;FALSE;;external
Loftus1857_Travelsand;Loftus;Travels and Researches in Chaldaea and Susiana;1857;;;;;;;;;No;No;;auto-extracted from references;;;FALSE;;external
Lucas1932_Antiquitie;Lucas;Antiquities: Their Restoration and Preservation;1932;;;;;;;;;No;No;;auto-extracted from references;;;FALSE;;external
McCall2008_MaxMallowa;McCall;Max Mallowan at Nimrud;2008;;;;;;;;;No;No;;auto-extracted from references;;;FALSE;;external
Maidman1999_TheUnivers;Maidman;The University of Chicago Nuzi Texts;1999;;;;;;;;;No;No;;auto-extracted from references;;;FALSE;;external
Mallowan1947_Excavation;Mallowan;Excavations at Brak and Chagar Bazar;1947;;;;;;;;;No;No;;auto-extracted from references;;;FALSE;;external
Millard2005_OnlyFragme;Millard;Only Fragments from the Past;2005;;;;;;;;;No;No;;auto-extracted from references;;;FALSE;;external
Oates1965_TellalRima;Oates;Tell al-Rimah, 1964;1965;;;;;;;;;No;No;;auto-extracted from references;;;FALSE;;external
Oates2001_NimrudAnAs;Oates;Nimrud: An Assyrian Imperial City Revealed;2001;;;;;;;;;No;No;;auto-extracted from references;;;FALSE;;external
Packard1939_TheCleanin;Packard;The Cleaning of a Babylonian Tablet;1939;;;;;;;;;No;No;;auto-extracted from references;;;FALSE;;external
Parkinson1950_Preservati;Parkinson;Preservation of Cuneiform Tablets;1950;;;;;;;;;No;No;;auto-extracted from references;;;FALSE;;external
Parrot1953_Archeologi;Parrot;Archéologie mésopotamienne;1953;;;;;;;;;No;No;;auto-extracted from references;;;FALSE;;external
Petrie1888_TheTreatme;Petrie;The Treatment of Small Antiquities;1888;;;;;;;;;No;No;;auto-extracted from references;;;FALSE;;external
Plenderleith1934_ThePreserv;Plenderleith;The Preservation of Antiquities;1934;;;;;;;;;No;No;;auto-extracted from references;;;FALSE;;external
Rassam1897_Asshurandt;Rassam;Asshur and the Land of Nimrod;1897;;;;;;;;;No;No;;auto-extracted from references;;;FALSE;;external
Rathgen1898_DieKonserv;Rathgen;Die Konservierung von Altertumsfunden;1898;;;;;;;;;No;No;;auto-extracted from references;;;FALSE;;external
Reade1975_Sourcesfor;Reade;Sources for Sennacherib;1975;;;;;;;;;No;No;;auto-extracted from references;;;FALSE;;external
Reade1998_AssyrianSc;Reade;Assyrian Sculpture;1998;;;;;;;;;No;No;;auto-extracted from references;;;FALSE;;external
Saggs1968_TellalRima;Saggs;Tell al-Rimah Tablets, 1965;1968;;;;;;;;;No;No;;auto-extracted from references;;;FALSE;;external
Smith1875_AssyrianDi;Smith;Assyrian Discoveries;1875;;;;;;;;;No;No;;auto-extracted from references;;;FALSE;;external
Thickett1998_Investigat;Thickett;Investigation of White Bloom on Cuneiform Tablets;1998;;;;;;;;;No;No;;auto-extracted from references;;;FALSE;;external
Walker2008_TheArchive;Walker;The Archives of Nimrud;2008;;;;;;;;;No;No;;auto-extracted from references;;;FALSE;;external
Wilson2002_TheBritish;Wilson;The British Museum: A History;2002;;;;;;;;;No;No;;auto-extracted from references;;;FALSE;;external
Wiseman1968_TellalRima;Wiseman;Tell al-Rimah Tablets, 1966;1968;;;;;;;;;No;No;;auto-extracted from references;;;FALSE;;external
Woolley1937_DiggingUpt;Woolley;Digging Up the Past;1937;;;;;;;;;No;No;;auto-extracted from references;;;FALSE;;external
Yao2012_Pollensand;Yao;Pollens and Phytoliths from Fired Ancient Potsherds;2012;;;;;;;;;No;No;;auto-extracted from references;;;FALSE;;external
