source_id;urn_cts;is_primary_text;has_pdf;anchor_external;pdf_path;digital_source;author;language;has_translation;pages;title;publisher;publication_place;source_book;notes;source_type;year;doi;discipline;txt_path
Adams1969_BedouinOnN;;No;True;;;oi.uchicago.edu;Adams R.M.;;No;22-26;Bedouin On Nippur Mound Reconnaissance And Soundings;;;;;Archaeological Report;1969;;;
Al-Rawi1990_TabletsFro;;No;True;;;;Al-Rawi A.R.G.A.;;No;pp. 149-157;Tablets From The Sippar Library: Ii. Tablet Ii Of The Babylonian Creation Epic;British Institute for the Study of Iraq;;Iraq, 1990, Vol. 52 (1990),;;Article in Book;1990;;;
Attinger2018_E2DubBaAEt;;No;True;;;;Attinger P.;;No;72-75;E2 Dub Ba A Et Ge Dub Ba1);;;;;Tablet Translation:N.A.B.U 2018/2 (juin);2018;;;
Beckman1983_Mesopotami;;No;True;;;;Beckman G.;;No;pp. 97-114 (Vol35);Mesopotamians And Mesopotamian Learning At Ḫattuša;The University of Chicago Press on behalf of The American Schools of;;Journal of Cuneiform Studies;;Article in Book;1983;;;/Users/aima/Desktop/Practice/projectEdubba/edubbaData/edubba3_DataSourceFile/outputAnystyle/txtForAnystyle2/Beckman1983_Mesopotami.txt
Beyer2021_TeachingIn;;No;True;;;https://doi.org/10.1515/9783110741124-002;Beyer W.;;No;16-31;Teaching In Old Babylonian Nippur, Learning In Old Assyrian Aššur?;;;published by De Gruyter;;Article in Book;2021;;;/Users/aima/Desktop/Practice/projectEdubba/edubbaData/edubba3_DataSourceFile/outputAnystyle/txtForAnystyle2/Beyer2021_TeachingIn.txt
Brigitte2009_LesFemmesS;;No;True;;;https://www.persee.fr/doc/topoi_1764-0733_2009_act_10_1_2669;Brigitte L.;;No;289-303;Les Femmes Scribes De Sippar;;;;;Article;2009;;;
Budin2021_NearEaster;;No;True;;;www.asor.org;Budin S.;;No;VOLUME 84 • ISSUE;Near Eastern Archaeology;;;;;Article;2021;;;
Cammarosano2014_TheCuneifo;;No;True;;;;Cammarosano M.;;No;53-91;The Cuneiform Stylus;;;«Mesopotamia» is an International Peer Reviewed Journal;;Article in Book;2014;;;/Users/aima/Desktop/Practice/projectEdubba/edubbaData/edubba3_DataSourceFile/outputAnystyle/txtForAnystyle2/Cammarosano2014_TheCuneifo.txt
Cecile2009_LesFemmesE;;No;True;;;https://www.persee.fr/doc/topoi_1764-0733_2009_act_10_1_2667;Cécile M.;;No;253-272;Les Femmes Et L’écrit Dans Les Archives Paléo Assyriennes;;;;;Article;2009;;;
Charpin2010_WritingLaw;;;False;;;;Charpin D.;;;;Writing, Law, and Kingship: Essays on Old Babylonian Mesopotamia;;Chicago;;;Null;2010;10.7208/chicago/9780226101590.001.0001;;
Charpin2014_TheHistori;;No;True;;;;Charpin D.;;No;24-64;The Historian And The Old Babylonian Archives;;;DOCUMENTARY SOURCES IN ANCIENT NEAR EASTERN ANDGRECO-ROMAN ECONOMIC HISTORY Methodology and Practice;;Article in Book;2014;;;/Users/aima/Desktop/Practice/projectEdubba/edubbaData/edubba3_DataSourceFile/outputAnystyle/txtForAnystyle2/Charpin2014_TheHistori.txt
Charpin2019_PriestsOfU;;No;True;;;https://college-de-france.hal.science/hal-03022888;Charpin D.;;No;18-34;Priests Of Ur In The Old Babylonian Period: A Reappraisal In Light Of The 2017 Discoveries At Ur/tell Muqayyar;;;Journal of Ancient Near Eastern Religions, 2019;;Article in Book;2019;;;
Clemens2002_ReviewedWo;;No;True;;;;Clemens D.M.;;No;pp. 221-223;Reviewed Work(s): Handbook Of Ugaritic Studies By W. G. E. Watson And N. Wyatt;;;Journal of Near Eastern Studies, Vol. 61, No. 3 (Jul., 2002);;Article in Book;2002;;;
Delnero2010_SumerianEx;;No;True;;;;Delnero P.;;No;pp. 53-69;Sumerian Extract Tablets And Scribal Education;The University of Chicago Press on behalf of The American Schools of;;Journal of Cuneiform Studies, 2010, Vol. 62 (2010);;Article in Book;2010;;;/Users/aima/Desktop/Practice/projectEdubba/edubbaData/edubba3_DataSourceFile/outputAnystyle/txtForAnystyle2/Delnero2010_SumerianEx.txt
Falkowitz1984_RoundOldBa;;No;True;;;;Falkowitz R.S.;;No;pp. 18-45;Round Old Babylonian School Tablets From Nippur;;;Archiv für Orientforschung, 1983/1984, 29./30. Bd. (1983/1984);;Article in Book;1984;;;
Fincke2004_TheBabylon;;No;True;;;;Fincke J.C.;;No;pp. 111-149;"The Babylonian Texts Of Nineveh: Report On The British Museum's ""ashurbanipal";Archiv für Orientforschung (AfO)/Institut für Orientalistik;;Archiv für Orientforschung, 2003/2004, Bd. 50 (2003/2004);;Article in Book;2004;;;/Users/aima/Desktop/Practice/projectEdubba/edubbaData/edubba3_DataSourceFile/outputAnystyle/txtForAnystyle2/Fincke2004_TheBabylon.txt
Fincke2012_TheSchoolC;;No;True;;;;Fincke J.C.;;No;85 - 102;The School Curricula From Hattuša, Emar And Ugarit: A Comparison;;;;;Article, Article in Book: STUDIES IN SCHOOL EDUCATION IN THE ANCIENT NEAR EAST AND BEYOND, edited by W.S. VAN EGMOND and W.H. VAN SOLDT;2012;;;/Users/aima/Desktop/Practice/projectEdubba/edubbaData/edubba3_DataSourceFile/outputAnystyle/txtForAnystyle2/Fincke2012_TheSchoolC.txt
Foster2003_LateBabylo;;No;True;;;;Foster B.;;No;79-87;Late Babylonian Schooldays: An Archaizing Cylinder;;;;;Article in Book;2003;;;
Foster2005_Transmissi;;No;True;;;;Foster B.R.;;No;246-255;Transmission Of Knowledge;Blackwell Publishing;;Companion To the Ancient Near East, Daniel, C, Snell;;Article in Book;2005;;;
Frame2005_TheRoyalLi;;No;True;;;;Frame A.G.A.G.;;No;pp. 265-284;The Royal Libraries Of Nineveh: New Evidence For King Ashurbanipal's Tablet Collecting;;;Iraq, Spring, 2005, Vol. 67, No. 1, Nineveh. Papers of the 49th Rencontre Assyriologique Internationale, Part Two (Spring, 2005);;Article in Book;2005;;;/Users/aima/Desktop/Practice/projectEdubba/edubbaData/edubba3_DataSourceFile/outputAnystyle/txtForAnystyle2/Frame2005_TheRoyalLi.txt
Gadd1956_TeachersAn;;No;True;;;https://www.persee.fr/doc/syria_0039-7946_1958_num_35_1_5285_t1_0126_0000_3;Gadd C.;;No;1260127(Tome 35);Teachers And Students In The Oldest Schools;Un vol. in-8° de 45 pages. Londres, School of Oriental and African Studies,;;;;Article in Book;1956;;;
Gadotti2017_TheRulesOf;;No;True;;;;Gadotti A.;;No;pp. 89-116;The Rules Of The School;American Oriental Society;;Journal of the American Oriental Society, Vol. 137, No. 1;;Article in Book;2017;;;/Users/aima/Desktop/Practice/projectEdubba/edubbaData/edubba3_DataSourceFile/outputAnystyle/txtForAnystyle2/Gadotti2017_TheRulesOf.txt
Garcia0000_Transmissi;;No;True;;;;García J.Á.;;No;325-335;Transmission And Reception Of Babylonian Knowledge In Ugaritnown. A Preliminary Study;;;;;Monograph;Unknown;;;/Users/aima/Desktop/Practice/projectEdubba/edubbaData/edubba3_DataSourceFile/outputAnystyle/txtForAnystyle2/Garcia0000_Transmissi.txt
George0000_InSearchOf;;No;True;;;;George A.R.;;No;1-9;In Search Of The É.dub.ba.a: The Ancient Mesopotamian School;;;;;Article;Unknown;;;/Users/aima/Desktop/Practice/projectEdubba/edubbaData/edubba3_DataSourceFile/outputAnystyle/txtForAnystyle2/George0000_InSearchOf.txt
George2005_PerAsperaA;;No;True;;;;George A.R.;;No;pp. 305-307 Vol. 68,;Per Aspera Ad Astra. L'apprentissage Du Cunéiforme À Sippar Amnānum Pendant La Période Paléobabylonienne Tardive By Michel Tanret;;;Bulletin of the School of Oriental and African Studies,;;Article in Book;2005;;;
George2008_Approaches;;No;True;;;;George A.R.;;No;pp. 168-169;Approaches To Sumerian Literature. Studies In Honour Of Stip (h. L. J.vanstiphout) By Piotr Michalowski And Niek Veldhuis;Cambridge University Press on behalf of School of Oriental and African;;Bulletin of the School of Oriental and African Studies, University of London, Vol.71, No. 1;;Article in Book;2008;;;
Gibson0000_Nippur;;No;True;;;oi.uchicago.edu;Gibson M.;;No;116-122;Nippur;;;;;Archaeological Report;;;;
Gibson0000_NippurAndI;;No;True;;;http://oi.uchicago.edu/OI/AR/02-03/02-03_AR_TOC.html;Gibson M.;;No;;Nippur And Iraq At A Time Of War;;;;;Archaeological Report, Tablet Translation, Article, Article in Book, Book;2002-2003;;;
Gibson0000_NippurUnde;;No;True;;;oi.uchicago.edu;Gibson M.;;No;40-48;Nippur Under Assyrian Domination: 15th Season Of Excavation, 1981 82.;;;;;Archaeological Report;1981-82;;;
Gibson0000_TheNippurE;;No;True;;;oi.uchicago.edu;Gibson M.;;No;22-30;The Nippur Expedition;;;;;Archaeological Report;Unknown;;;
Gibson1961_Nippur;;No;True;;;oi.uchicago.edu;Gibson M.;;No;80-82;Nippur;;;;;Archaeological Report;1961;;;
Gibson1973_Excavation;;No;True;;;oi.uchicago.edu;Gibson M.;;No;29-38;Excavations At Nippur;;;;;Archaeological Report;1973;;;
Gibson1974_TheNippurE;;No;True;;;oi.uchicago.edu;Gibson M.;;No;27-29;The Nippur Expedition;;;;;Archaeological Report;1974;;;
Gibson1976_TheNippurE;;No;True;;;oi.uchicago.edu;Gibson M.;;No;;The Nippur Expedition;;;;;Archaeological Relies;1976;;;
Gibson1977_NippurRegi;;No;True;;;oi.uchicago.edu;Gibson M.;;No;20-26;Nippur Regional Project: Umm Al Hafriyat;;;;;Archaeological Report;1977;;;
Gibson1980_NippurHamr;;No;True;;;oi.uchicago.edu;Gibson M.;;No;27-30;Nippur, Hamrin, And Related Activities;;;;;Archaeological Report;1980;;;
Gibson1982_Nippur;;No;True;;;oi.uchicago.edu;Gibson M.;;No;23 -25;Nippur;;;;;Archaeological Report;1982;;;
Gibson1985_BackToTabl;;No;True;;;oi.uchicago.edu;Gibson M.;;No;20-30;Back To Tablet Hill: Sixteenth Season At Nippur;;;;;Archaeological Report;1985;;;
Gibson1986_Nippur;;No;True;;;oi.uchicago.edu;Gibson M.;;No;16 - 22;Nippur;;;;;Archaeological Report;1986;;;
Gibson1987_Nippur;;No;True;;;oi.uchicago.edu;Gibson M.;;No;18-29;Nippur;;;;;Archaeological Report;1987;;;
Gibson1988_Nippur;;No;True;;;oi.uchicago.edu;Gibson M.;;No;18-26;Nippur;;;;;Archaeological Report;1988;;;
Gibson1989_Nippur;;No;True;;;oi.uchicago.edu;Gibson M.;;No;9-17;Nippur;;;;;Archaeological Report;1989;;;
Gibson1990_Nippur1990;;No;True;;;oi.uchicago.edu;Gibson M.;;No;17-26;Nippur, 1990: The Temple Of Gula And Glimpse Of Thing To Come;;;;;Archaeological Report;1990;;;
Gibson1991_Nippur;;No;True;;;oi.uchicago.edu;Gibson M.;;No;36-38;Nippur;;;;;Archaeological Report;1991;;;
Gibson2003_Nippur;;No;True;;;oi.uchicago.edu;Gibson M.;;No;76-78;Nippur;;;;;Archaeological Report;2003;;;
Gibson2004_NippurAndU;;No;True;;;oi.uchicago.edu/oi/AR/03-04/03-04_AR_TOC.html;Gibson M.;;No;116-120;Nippur And Umm Al Hafriyat;;;;;Archaeological Report;2004;;;
Gibson2008_Nippur;;No;True;;;oi.uchicago.edu;Gibson M.;;No;96-97;Nippur;;;;;Archaeological Report;2005;;;
Gibson2005_NippurAndA;;No;True;;;oi.uchicago.edu/oi/AR/04-05/04-05_AR_TOC.html;Gibson M.;;No;83-85;Nippur And Archaeology In Iraq;;;;;Archaeological Report;2005;;;
Gibson2009_Nippur;;No;True;;;oi.uchicago.edu;Gibson M.;;No;101 -103;Nippur;;;;;Archaeological Report;2009;;;
Gibson2011_Nippur;;No;True;;;oi.uchicago.edu;Gibson M.;;No;97-101;Nippur;;;;;Archaeological Report;2011;;;
Gibson2013_Nippur;;No;True;;;http://oi.uchicago.edu;Gibson M.;;No;85 - 89;Nippur;;;;;Archaeological Report, Tablet Translation, Article, Article in Book, Book;2013;;;
Gibson2014_NippurAndB;;No;True;;;oi.uchicago.edu;Gibson M.;;No;107-109;Nippur And Beyond;;;;;Archaeological Report;2014;;;
Gibson2015_Nippur;;No;True;;;oi.uchicago.edu;Gibson M.;;No;122-124;Nippur;;;;;Archaeological Report, Tablet Translation, Article, Article in Book, Book;2015;;;
Gilibert2021_UrbanSquar;;No;True;;;https://doi.org/10.1086/716076;Gilibert A.;;No;377-415;Urban Squares In Late Bronze Age Ugarit:a Street View On Ancient Near Eastern Governance;The University of Chicago Press.;;Journal of Near Eastern Studies, volume 80, number 2,;;Article in Book;2021;;;/Users/aima/Desktop/Practice/projectEdubba/edubbaData/edubba3_DataSourceFile/outputAnystyle/txtForAnystyle2/Gilibert2021_UrbanSquar.txt
Haines0000_Sumerianst;;No;True;;;oi.uchicago.edu;Haines R.C.;;No;8-10;The Nippur Expedition;;;;;Archaeological Report;Unknown;;;
Haines1945_TheNippurE;;No;True;;;oi.uchicago.edu;Haines R.;;No;;The Nippur Expedition;;;;;Archaeological Report;1945;;;
Haines1961_TheNippurE;;No;True;;;oi.uchicago.edu;Haines R.;;No;4-6;The Nippur Expedition;;;;;Archaeological Report;1961;;;
Haines1963_TheNippurE;;No;True;;;oi.uchicago.edu;Haines R.C.;;No;19-20;The Nippur Expedition;;;;;Archaeological Report, Tablet Translation, Article, Article in Book, Book;1963;;;
Harper1892_AssyrianAn;;No;True;;;;Harper R.F.;;No;;Assyrian And Babylonian Letters Belonging To The K. Collection Of The British Museum;THE UNIVERSITY OF CHICAGO PRESS;;;;book:;1892;;;
Hasselbach-Andee2020_Multilingu;;No;True;;;;Hasselbach‐Andee R.;;No;457-470 (ch24);Multilingualism And Diglossia In The Ancient Near East;;;A Companion to Ancient Near Eastern Languages, First Edition.;;Article in Book;2020;;;/Users/aima/Desktop/Practice/projectEdubba/edubbaData/edubba3_DataSourceFile/outputAnystyle/txtForAnystyle2/Hasselbach-Andee2020_Multilingu.txt
Hawley2005_OnTheAlpha;;No;True;;;https://shs.hal.science/halshs-00437137;Hawley R.;;No;57-57;On The Alphabetic Scribal Curriculum At Ugarit;;;51e Rencontre Assyriologique Internationale;;Article in Book;2005;;;
Hilprecht2004_ModelTexts;;No;True;;;;Hilprecht N.V.A.H.;;No;28-49;Model Texts And Exercises From The Temple School Of Nippur: Be 19;;;;;Article in Book;2004;;;
Hoffner2009_HittiteStu;;No;True;;;http://www.jstor.org/stable/10.1086/613997 .;Hoffner H.A.;;No;213-215, Vol. 68;Hittite Studies In Honor (bibliography);;;Journal of Near Eastern Studies, No. 3 (July 2009);;Article in Book;2009;;;
Hruska2002_ThePowerAn;;No;True;;;;Hruška B.;;No;pp. 231-234;The Power And The Writing. The Early Scribes Of Mesopotamia Bygiuseppe Visicato;;;Wiener Zeitschrift für die Kunde des Morgenlandes;;Article in Book;2002;;;
Hurowitz0000_LiteraryOb;;No;True;;;;Hurowitz V.;;No;49-57;Literary Observations On “in;;;;;Article;Unknown;;;
Jacquet0000_FamilyArch;;No;True;;;;Jacquet A.;;No;63-86;Family Archives In Mesopotamia During The Old Babylonian Period;;;;;Article in Book;Unknown;;;
Klein1996_LanguageAc;;No;True;;;;Klein W;;No;88-108;Language Acquisition At Different Ages;;;Individual Development over the Lifespan: Biological and Psychosocial Perspectives, D. Magnusson (Ed.);;Article in Book;1996;;;/Users/aima/Desktop/Practice/projectEdubba/edubbaData/edubba3_DataSourceFile/outputAnystyle/txtForAnystyle2/Klein1996_LanguageAc.txt
Knudstad0000_Excavation;;No;True;;;oi.uchicago.edu;Knudstad J.E.;;No;6-8;Excavation At Nippur;;;;;Archaeological Report;Unknown;;;
Knudstad1890_TheNippurE;;No;True;;;oi.uchicago.edu;Knudstad J.;;No;26-27;The Nippur Expedition;;;;;Archaeological Report;1890;;;
Knudstad1966_TheNippurE;;No;True;;;oi.uchicago.edu;Knudstad J.;;No;7-11;The Nippur Expedition;;;;;Archaeological Report;1966;;;
Kramer1949_Schooldays;;No;True;;;;Kramer S.N.;;No;pp. 199-215;Schooldays: A Sumerian Composition Relating To The Education Of A Scribe;;;Journal of the American Oriental Society, Oct. - Dec., 1949, Vol. 69, No. 4;;Article in Book;1949;;;
Kramer1977_TheUrExcav;;No;True;;;;Kramer S.N.;;No;41-47;The Ur Excavations And Sumerian Literature;;;;;Article in Book;1977;;;
Kraus0000_ScribalEdu;;No;True;;;;Kraus N.L.;;No;1;Scribal Education In The Sargonic Period;;;;;Article in Book;;;;
Lambert1962_ACatalogue;;No;True;;;https://www.jstor.org/stable/1359154;Lambert W.;;No;59-77 (vol 16);A Catalogue Of Texts And Authors;;;;;Article in Book;1962;;;
Lucas1979_TheScribal;;No;True;;;;Lucas;;No;pp. 305-332;The Scribal Tablet House In Ancient Mesopotamia;;;History of Education Quarterly, Autumn, 1979, Vol. 19, No. 3;;Article in Book;1979;;;
Macginnis2002_TheUseOfWr;;No;True;;;;Macginnis J.;;No;pp. 217-236;The Use Of Writing Boards In The Neo Babylonian Temple Administration At Sippar;British Institute for the Study of Iraq;;Iraq, Vol. 64 (2002);;Article in Book;2002;;;/Users/aima/Desktop/Practice/projectEdubba/edubbaData/edubba3_DataSourceFile/outputAnystyle/txtForAnystyle2/Macginnis2002_TheUseOfWr.txt
Martin1983_Settlement;;No;True;;;;Martin H.P.;;No;pp. 24-31 Vol. 45;Settlement Patterns At Shuruppak;British Institute for the Study of Iraq;;Papers of the 29 Rencontre Assyriologique Internationale, London;;Article in Book;1983;;;
Matthews1991_FragmentsO;;No;True;;;;Matthews R.J.;;No;1-15;Fragments Of Officialdom From Fara;British Institute for the Study of Iraq;;;;Article in Book;1991;;;/Users/aima/Desktop/Practice/projectEdubba/edubbaData/edubba3_DataSourceFile/outputAnystyle/txtForAnystyle2/Matthews1991_FragmentsO.txt
Meyer1982_TellEdDerI;;No;True;;;;Meyer L.D.;;No;pp. 148-155;Tell Ed Dèr Ii. Progress Reports (first Series);GB Press- Gregorian Biblical Press;;Orientalia, 1982, NOVA SERIES, Vol. 51, No. 1;;Article in Book;1982;;;
Michalowski2012_LiteracySc;;No;True;;;;Michalowski P.;;No;39-59;Literacy, Schooling And The Transmission Of Knowledge In Early Mesopotamian Culture;NEDERLANDS INSTITUUT VOOR HET NABIJE OOSTEN, LEIDEN;;STUDIES IN SCHOOL EDUCATION IN THE ANCIENT NEAR EAST AND BEYOND, edited by W.S. VAN EGMOND and W.H. VAN SOLDT;;Article in Book;2012;;;/Users/aima/Desktop/Practice/projectEdubba/edubbaData/edubba3_DataSourceFile/outputAnystyle/txtForAnystyle2/Michalowski2012_LiteracySc.txt
Michalowski2013_FromTheCol;;No;True;;;;Michalowski P.;;No;Vol. 107, 15-22;From The Collections Of An Old Babylonian Literary Connoisseur;Presses Universitaires de France;;Revue d'Assyriologie et d'archéologie orientale ,;;Article in Book;2013;;;/Users/aima/Desktop/Practice/projectEdubba/edubbaData/edubba3_DataSourceFile/outputAnystyle/txtForAnystyle2/Michalowski2013_FromTheCol.txt
Michel2018_Constituti;;No;True;;;https://www.degruyterbrill.com/document/doi/10.1515/9783110541397-004/html;Michel C.;;No;pp.43-70;Constitution, Contents, Filing And Use Of Private Archives: The Case Of Old Assyrian Archives (nineteenth Century Bce);;;De Gruyter, Studies in Manuscript Cultures, 9783110541397-004.10.1515/9783110541397.halshs-01967549;;Article in Book;2018;;;/Users/aima/Desktop/Practice/projectEdubba/edubbaData/edubba3_DataSourceFile/outputAnystyle/txtForAnystyle2/Michel2018_Constituti.txt
Mieroop1986_NippurText;;No;True;;;;Mieroop M.V.D.;;No;31-52;Nippur Texts From The Early Isin Period;;;JANES 18 (1986);;Article in Book;1986;;;
Pearce1995_TheScribes;;No;True;;;;Pearce L.E.;;No;2265-2278;The Scribes And Scholars Of Ancient Mesopotamia;;;Civilizations of the Ancient Near East,JACK M. SASSON;;Article in Book;1995;;;/Users/aima/Desktop/Practice/projectEdubba/edubbaData/edubba3_DataSourceFile/outputAnystyle/txtForAnystyle2/Pearce1995_TheScribes.txt
Peters1903_ReviewTheE;;No;True;;;;Peters J.P.;;No;Vol. 7, No. 4 (Oct., 1903), pp. 712-730;Review: The Excavation Of Nippur;The University of Chicago Press;;Explorations in Bible Lands during the Nineteenth Century by H. V.Hilprecht, Dr. Benzinger, Dr. Hommel, Dr. Jensen and Dr. Steindorff;;Article in Book;1903;;;
Peters1905_TheNippurL;;No;True;;;;Peters J.P.;;No;145 -164;The Nippur Library;;;Journal of the American Oriental Society;;Article in Book;1905;;;
Pickworth2005_Excavation;;No;True;;;;Pickworth D.;;No;pp. 295-316;Excavations At Nineveh: The Halzi Gate;British Institute for the Study of Iraq;;Nineveh. Papers of the 49th Rencontre Assyriologique Internationale, Part Two;;Article in Book;2005;;;/Users/aima/Desktop/Practice/projectEdubba/edubbaData/edubba3_DataSourceFile/outputAnystyle/txtForAnystyle2/Pickworth2005_Excavation.txt
Reade2017_TheManufac;;No;True;;;Doi:10.1017/irq.2016.10;Reade J.E.;;No;163-103;The Manufacture, Evaluation And Conservation Of Clay Tablets Inscribed In Cuneiform: Traditional Problems And Solutions;Cambridge University Press;;IRAQ(2017)79163–202;;Article in Book;2017;;;
Reckling0000_TheArchaeo;;No;True;;;;Reckling L.;;No;1-7;The Archaeology Of Tell Ras Shamra;;;;;Article;Unknown;;;/Users/aima/Desktop/Practice/projectEdubba/edubbaData/edubba3_DataSourceFile/outputAnystyle/txtForAnystyle2/Reckling0000_TheArchaeo.txt
Rhaines1956_LoTheAncie;;No;True;;;oi.uchicago.edu;Rhaines;;No;1;Lo, The Ancient Sumerians The Nippur Expedition;;;;;Archaeological Report;1956;;;
Robson0000_Fromashurb;;No;True;;;;Robson E.;;No;10-48;From ‘ashurbanipal’s Library’ And The ‘stream Of Tradition’ To New Approaches To Cuneiform Scholarship;;;Ancient Knowledge Networks- A Social Geography of Cuneiform Scholarship in First-Millennium;;Article in Book;Unknown;;;
Robson2000_Mathematic;;No;True;;;;Robson E.;;No;11-48;Mathematical Cuneiform Tablets In Philadelphia;;;SCIAMVS 1 (2000);;Article in Book;2000;;;/Users/aima/Desktop/Practice/projectEdubba/edubbaData/edubba3_DataSourceFile/outputAnystyle/txtForAnystyle2/Robson2000_Mathematic.txt
Robson2001_TheTabletH;Null;No;True;;;https://shs.cairn.info/revue-d-assyriologie-2001-1-page-39;Eleanor Robson;en;No;39-66;The Tablet House A Scribal School In Old Babylonian Nippur;Presses Universitaires de France (PUF);Paris;;Null;article in book;2001;10.3917/assy.093.0039;assyriology;/Users/aima/Desktop/Practice/projectEdubba/edubbaData/edubba3_DataSourceFile/outputAnystyle/txtForAnystyle2/Robson2001_TheTabletH.txt
Robson2008_Mathematic;;No;True;;;;Robson E.;;No;1-26;Mathematics In Ancient Iraq;;;;;Article in Book;2008;;;
Robson2011_EmpiricalS;;No;True;;;http//dnb.d-nb.de;Robson E.;;No;;Empirical Scholarship In The Neo Assyrian Court;;;The Empirical Dimension of Ancient Near Eastern Studies, Gebhard Selz;;Article in Book;2011;;;/Users/aima/Desktop/Practice/projectEdubba/edubbaData/edubba3_DataSourceFile/outputAnystyle/txtForAnystyle2/Robson2011_EmpiricalS.txt
Robson2012_TheProduct;Null;No;True;;;https://academic.oup.com/edited-volume/27992/chapter-abstract/211708565;Eleanor Robson;en;No;;The Production And Dissemination of Scholarly Knowledge;Oxford Handbook;Oxford;;Null;article in book;2012;10.1093/oxfordhb/9780199557301.013.0026;archaeology;
Samet2023_Instructio;;No;True;;;;Samet N.;;No;216-237;Instruction Of Shuruppak: The World's Oldest Instruction Collection;;;HUMAN INTERACTION WITH THE NATURAL WORLD IN WISDOM LITERATURE AND BEYOND;;Article in Book;2023;;;
Soldt0000_Babylonian;;No;True;;;;Soldt W.V.;;No;171-192;Babylonian Lexical, Religious And Literary Texts And Scribal Education At Ugarit And Its Implications For The Alphabetic Literary Text;;;;;Article in Book;;;;
Ston2001_SurveyAndS;;No;True;;;;Ston E.;;No;355-377;Survey And Soundings In The Outer Town Of A Y Ayanis 1996 1998;;;AYANIS I: Ten Years' Excavations at Rusahinili Eiduru-kai;;Article in Book;2001;;;
Tanret2004_TheWorksAn;;No;True;;;;Tanret M.;;No;pp. 33-62;The Works And The Days... On Scribal Activity In Old Babylonian Sippar Amnānum;Presses Universitaires de France;;Revue d'Assyriologie et d'archéologie orientale, 2004, Vol. 98;;Article in Book;2004;;;/Users/aima/Desktop/Practice/projectEdubba/edubbaData/edubba3_DataSourceFile/outputAnystyle/txtForAnystyle2/Tanret2004_TheWorksAn.txt
Tanret2012_LearnedRic;;No;True;;;www.researchgate.net/publication/297235478 DOI: 10.1093/oxfordhb/9780199557301.013.0013;Tanret M.;;No;270-281;Learned, Rich, Famous, And Unhappy: Ur Utu Of Sippar;;;OUP UNCORRECTED PROOF – FIRST-PROOF, 02/17/11, SPi;;Article in Book;2012;;;/Users/aima/Desktop/Practice/projectEdubba/edubbaData/edubba3_DataSourceFile/outputAnystyle/txtForAnystyle2/Tanret2012_LearnedRic.txt
Tinney1998_ScribalEdu;;No;True;;;;Tinney S.;;No;40-50;Scribal Education In Nippur And Ur;;;ExpreEpDITION Volume 40, No. 2 (1998);;Article in Book;1998;;;/Users/aima/Desktop/Practice/projectEdubba/edubbaData/edubba3_DataSourceFile/outputAnystyle/txtForAnystyle2/Tinney1998_ScribalEdu.txt
Tsouparopoulou0000_HiddenMess;;No;True;;;;Tsouparopoulou C.;;No;17-31;Hidden Messages Under The Temple: Foundation Deposits And The Restricted Presence Of Writing In 3rd Millennium Bce Mesopotamia*;;;;;Article in Book;;;;/Users/aima/Desktop/Practice/projectEdubba/edubbaData/edubba3_DataSourceFile/outputAnystyle/txtForAnystyle2/Tsouparopoulou0000_HiddenMess.txt
Haines0000_TheNippurE;;No;True;;;oi.uchicago.edu;;;No;12-14;The Nippur Expedition;;;;;Archaeological Report;Unknown;;;
Unknown0000_UrUtusStor;;No;True;;;;Unknown;;No;;Ur Utu's Story:the Mesopotamian Family And Laws;;;;;Article in Book;Unknown;;;
Gibson2006_NippurAndU;;No;True;;;oi.uchicago.edu;;;No;86-88;Nippur And Umm Al Hafriyat;;;;;Archaeological Report;2006;;;
Ur2017_TheTopogra;;No;True;;;;Ur J.;;No;68-73;The Topography Of Nineveh;Papers on Archaeology of the Leiden Museum of Antiquities 13, Leiden (Sidestone Press). SIDESTONE PRESS;;NINEVEH THE GREAT CITY Symbol of Beauty and Power;;Article in Book;2017;;;
Vanstiphout1978_LipitEstar;;No;True;;;;Vanstiphout H.;;No;33-61;Lipit Eštar's Praise In The Edubba;The University of Chicago Press on behalf of The American Schools of;;Journal of Cuneiform Studies;;Article in Book;1978;;;
Vanstiphout1979_HowDidThey;;No;True;;;;Vanstiphout H.;;No;pp. 118-126;How Did They Learn Sumerian?;The University of Chicago Press on behalf of The American Schools of Oriental Research;;Journal of Cuneiform Studies, Apr., 1979, Vol. 31, No. 2;;Article in Book;1979;;;
Veldhuis1996_TheCuneifo;;No;True;;;;Veldhuis N.;;No;11-26 VOL. 2;The Cuneiform Tablet As An Educational Tool!;;;;;Article in Book;1996;;;
Veldhuis1996_TheUgaritL;;No;True;;;;Veldhuis N.;;No;pp. 25-29;The Ugarit Lexical Text Rs 13.53;Vandenhoeck & Ruprecht (GmbH & Co. KG);;Source: Die Welt des Orients, 1996, Bd. 27 (1996);;Article in Book;1996;;;
Veldhuis1997_UrukAltbab;;No;True;;;;Veldhuis N.;;No;pp. 360-363;Uruk. Altbabylonische Texte Aus Dem Planquadrat Pe Xvi 4/5 By Antoine Cavigneaux, Adam Falkenstein And Rainer Michael Boehmer;Archiv für Orientforschung (AfO)/Institut für Orientalistik;;Archiv für Orientforschung, 1997/1998, Bd. 44/45;;Article in Book;1997;;;
Veldhuis1999_ReadingThe;;No;True;;;;Veldhuis N.;;No;161-174;Reading The Signs;;;;;Article in Book;1999;;;
Veldhuis2000_KassiteExe;;No;True;;;;Veldhuis N.;;No;pp. 67-94;Kassite Exercises: Literary And Lexical Extracts;The American Schools of Oriental Research;;Journal of Cuneiform Studies, Vol. 52, (2000);;Article in Book;2000;;;/Users/aima/Desktop/Practice/projectEdubba/edubbaData/edubba3_DataSourceFile/outputAnystyle/txtForAnystyle2/Veldhuis2000_KassiteExe.txt
Veldhuis2000_ReviewSume;;No;True;;;;Veldhuis N.;;No;pp. 383-399;Review: Sumerian Proverbs In Their Curricular Context;American Oriental Society;;Journal of the American Oriental Society;;Article in Book;2000;;;
Veldhuis2002_StudiesInS;;No;True;;;;Veldhuis N.;;No;pp. 67-77;"Studies In Sumerian Vocabulary: Dnin Ka6; Immal/šilam; And Še21.d";The American Schools of Oriental Research;;Journal of Cuneiform Studies, Vol. 54,;;Article in Book;2002;;;/Users/aima/Desktop/Practice/projectEdubba/edubbaData/edubba3_DataSourceFile/outputAnystyle/txtForAnystyle2/Veldhuis2002_StudiesInS.txt
Veldhuis2003_OnTheCurri;;No;True;;;;Veldhuis N.;;No;627-633;On The Curriculum Of The Neo Babylonian School;American Oriental Society;;Journal of the American Oriental Society;;Article in Book;2003;;;/Users/aima/Desktop/Practice/projectEdubba/edubbaData/edubba3_DataSourceFile/outputAnystyle/txtForAnystyle2/Veldhuis2003_OnTheCurri.txt
Veldhuis2006_HowDidThey;;No;True;;;;Veldhuis N.;;No;181-200;How Did They Learn Cuneiform? Tribute/word List C As An Elementary Exercise;BRILL LEIDEN•BOSTON;;Approaches to Sumerian Literature (H. L. J. Vanstiphout);;Article in Book;2006;;;/Users/aima/Desktop/Practice/projectEdubba/edubbaData/edubba3_DataSourceFile/outputAnystyle/txtForAnystyle2/Veldhuis2006_HowDidThey.txt
Veldhuis2012_PrestigeDi;;No;True;;;;Veldhuis N.;;No;83-103;Prestige: Divergent Receptions Of Babylonian Scholarship: Cuneiform Lexical Texts In The Lare Bronze Age;;;Birgit Christiansen, Ulrich Thaler (Hrsg.) Ansehenssache Formen von Prestige in Kulturen des Alterrums;;Article in Book;2012;;;/Users/aima/Desktop/Practice/projectEdubba/edubbaData/edubba3_DataSourceFile/outputAnystyle/txtForAnystyle2/Veldhuis2012_PrestigeDi.txt
Veldhuis2013_PurityAndA;;No;True;;;;Veldhuis N.;;No;169-180;Purity And Access: A Catalog Of Lexical Texts Dedicated To Nabû;;;Journal of Cuneiform Studies, Vol. 65;;Article in Book;2013;;;/Users/aima/Desktop/Practice/projectEdubba/edubbaData/edubba3_DataSourceFile/outputAnystyle/txtForAnystyle2/Veldhuis2013_PurityAndA.txt
Verderame0000_RassamsAct;;No;True;;;;Verderame L.;;No;;Rassam’s Activities At Tello (1879) And The Earliest Acquisition Of Neo Sumerian Tablets In The British Museu;;;;;Article;Unknown;;;
Volk2000_EdubbaaUnd;;No;True;;;;Volk K.;;No;1-30;Edubba>a Und Edubba>a Literatur: Ratsel Und Losungen;;;Original veroffentlichung in: Zeitschrift fur Assyriologie und vorderasiatische Archaologie 90;;Article in Book;2000;;;
Woolley1930_Excavation;;No;True;;;;"Woolley C.L.; Littd";;No;81-105;Excavations At Ur, 1929 30;;;;;Archaeological Report;1930;;;
Yushu2010_TheSumeria;;No;True;;;www.sciencedirect.com;Yushu G.;;No;7446 -7453;The Sumerian Account Of The Invention Of Writing —a New Interpretation;;;Procedia Social and Behavioral Sciences 2;;Article in Book;2010;;;/Users/aima/Desktop/Practice/projectEdubba/edubbaData/edubba3_DataSourceFile/outputAnystyle/txtForAnystyle2/Yushu2010_TheSumeria.txt
Charpin2010_ReadingAnd;;No;TRUE;;;;Charpin D.;;No;"1-16; 271-304;";Reading and Writing in Babylon;;;;Added automatically from TXT + METADATA;chapter in book;2010;;;/Users/aima/Desktop/Practice/projectEdubba/edubbaData/edubba3_DataSourceFile/outputAnystyle/txtForAnystyle2/Charpin2010_ReadingAnd.txt
Michalowski2021_TheyWroteo;;No;TRUE;;;https://doi.org/10.1515/9783110753301-005;Michalowski P.;;No;67-89;They Wrote on Clay, Wax, and Stone: Some Thoughts on Early Mesopotamian Writing;De Gruyter;;;Added automatically from TXT + METADATA;Article in Journal:;2021;;;/Users/aima/Desktop/Practice/projectEdubba/edubbaData/edubba3_DataSourceFile/outputAnystyle/txtForAnystyle2/Michalowski2021_TheyWroteo.txt
Taylor2015_ASystemati;;No;TRUE;;;DOI:10.1371/journal.pntd.0003866;Taylor A.J.;;No;1-19;A Systematic Review of the Mortality from Untreated Leptospirosis;;;;Added automatically from TXT + METADATA;Article in Jornal:;2015;;;/Users/aima/Desktop/Practice/projectEdubba/edubbaData/edubba3_DataSourceFile/outputAnystyle/txtForAnystyle2/Taylor2015_ASystemati.txt
Janssen2018_AddressBeh;;No;TRUE;;;https://doi.org/10.1515/za-2018-0011;Janssen C.;;No;332 -348;Address Behaviour in Eight Unpublished ana bēlīja Letters from the Late Old Babylonian Ur-Utu Archive: Close Relatives Through a Distant Mirror?;;;;Added automatically from TXT + METADATA;"Article, Article in Journal: Zeitschrift für Assyriologie 2018; 108(2)";2018;;;/Users/aima/Desktop/Practice/projectEdubba/edubbaData/edubba3_DataSourceFile/outputAnystyle/txtForAnystyle2/Janssen2018_AddressBeh.txt
Sovegjarto2023_Archaeolo;;No;TRUE;;;https://doi.org/10.1515/9783111037196-014;Sovegjarto S.;;No;447 - 477;A Collector’s Edition of the Past: Personal Collections of Mesopotamian Royal Inscriptions from the Old Babylonian Period;;;;Added automatically from TXT + METADATA;Article in Journal:;2023;;;/Users/aima/Desktop/Practice/projectEdubba/edubbaData/edubba3_DataSourceFile/outputAnystyle/txtForAnystyle2/Sovegjarto2023_ACollector.txt
Schneider2022_NippurCit;;No;TRUE;;;https://doi.org/10.1515/9783110798432-039;Schneider B.;;No;745 -763;Nippur: City of Enlil and Ninurta Introduction: Location as Advantage;De Gruyter;;;Added automatically from TXT + METADATA;Article in JOurnal:;2022;;;/Users/aima/Desktop/Practice/projectEdubba/edubbaData/edubba3_DataSourceFile/outputAnystyle/txtForAnystyle2/Schneider2022_NippurCity.txt
Tanret2011_LearnedRic;;No;TRUE;;;;Tanret M.;;No;Chapter 13 pp.270-279;Learned, Rich, Famous, And Unhappy: Ur Utu Of Sippar;;;;Added automatically from TXT + METADATA;Article in Book;2011;;;/Users/aima/Desktop/Practice/projectEdubba/edubbaData/edubba3_DataSourceFile/outputAnystyle/txtForAnystyle2/Tanret2011_LearnedRic.txt
Michel0000_CentralAna;;No;TRUE;;;;Michel C.;;No;111-136;Central Anatolia in the Nineteenth and Eighteenth Centuries BC;;;;Added automatically from TXT + METADATA;Article in Book;;;;/Users/aima/Desktop/Practice/projectEdubba/edubbaData/edubba3_DataSourceFile/outputAnystyle/txtForAnystyle2/Michel0000_CentralAna.txt
Nan2024_TheRoleand;;No;TRUE;;;https://doi.org/10.2991/978-2-38476-297-2_124;Nan X.;;No;1029-1038;The Role and Limitations of the United Nations in Middle East Security. A Case Study of United Nations Truce Supervision Organization;;;;Added automatically from TXT + METADATA;Article in Book;2024;;;/Users/aima/Desktop/Practice/projectEdubba/edubbaData/edubba3_DataSourceFile/outputAnystyle/txtForAnystyle2/Nan2024_TheRoleand.txt
Roger2016_GlobalCorr;;No;TRUE;;;DOI 10.1515/demo-2016-0009;Roger M.;;No;184-190;Global correlation and uncertainty accounting;;;;Added automatically from TXT + METADATA;Article in Journal:;2016;;;/Users/aima/Desktop/Practice/projectEdubba/edubbaData/edubba3_DataSourceFile/outputAnystyle/txtForAnystyle2/Roger2016_Globalcorr.txt
Steele2004_TheCultsof;;No;TRUE;;;;Steele M.J.;;No;Pp.xv+343.;TheCultsofUrukandBabylon:TheTempleRitualTextsasEvidence for Hellenistic Cult Practice by Marc J.H.Linssen;;;;Added automatically from TXT + METADATA;Monographs: Cuneiform Monographs 25. Leiden:Brill--Styx, 2004.  ISBN 90--04--12402--0.Cloth ¤106.00;2004;;;/Users/aima/Desktop/Practice/projectEdubba/edubbaData/edubba3_DataSourceFile/outputAnystyle/txtForAnystyle2/Steele2004_TheCultsof.txt
Reade2016_TheManufac;;No;TRUE;;;https://doi.org/10.1017/irq.2016.10;Reade J.;;No;163 -202;The Manufacture, Evaluation and Conservation of Clay Tablets Inscribed in Cuneiform: Traditional Problems and Solutions;Cambridge University Press;;;Added automatically from TXT + METADATA;Article in Book;2016;;;/Users/aima/Desktop/Practice/projectEdubba/edubbaData/edubba3_DataSourceFile/outputAnystyle/txtForAnystyle2/Reade2016_TheManufac.txt
Civil1980_Leslimites;;No;FALSE;external;;;Civil;;No;;Les limites de l’information textuelle’;;;;auto-extracted from references;;1980;;;
Civil1985_Surleslivr;;No;FALSE;external;;;Civil;;No;;Sur les “livres d’écolier” à l’époque paléo-babylonienne’;;;;auto-extracted from references;;1985;;;
Cohen2011_TeacherStu;;No;FALSE;external;;;Cohen;;No;;Teacher-Student Relationships: Two Case Studies’;;;;auto-extracted from references;;2011;;;
Davis2007_ThePractic;;No;FALSE;external;;;Davis;;No;;The Practice of Handwriting Identification’;;;;auto-extracted from references;;2007;;;
Donbaz1985_MoreOldAss;;No;FALSE;external;;;Donbaz;;No;;More Old Assyrian Tablets from Assur’;;;;auto-extracted from references;;1985;;;
Hecker1993_Schultexte;;No;FALSE;external;;;Hecker;;No;;Schultexte vom Kültepe’;;;;auto-extracted from references;;1993;;;
Huber1999_Handwritin;;No;FALSE;external;;;Huber;;No;;Handwriting Identification: Facts and Fundamentals;;;;auto-extracted from references;;1999;;;
Koppenhaver2007_ForensicDo;;No;FALSE;external;;;Koppenhaver;;No;;Forensic Document Examination;;;;auto-extracted from references;;2007;;;
Larsen1976_TheOldAssy;;No;FALSE;external;;;Larsen;;No;;The Old Assyrian City-State and Its Colonies;;;;auto-extracted from references;;1976;;;
Michel1998_Lesmarchan;;No;FALSE;external;;;Michel;;No;;Les marchands et les nombres: l’exemple des Assyriens à Kaniš’;;;;auto-extracted from references;;1998;;;
Michel2008_Ecrireetco;;No;FALSE;external;;;Michel;;No;;Écrire et compter chez les marchands assyriens du début du IIe millénaire av. J.-C.’;;;;auto-extracted from references;;2008;;;
Michel2020_Makingclay;;No;FALSE;external;;;Michel;;No;;Making clay envelopes in the Old Assyrian period’;;;;auto-extracted from references;;2020;;;
Michel0_WeighingUn;;No;FALSE;external;;;Michel;;No;;Weighing Units and Weights in the Context of Trade from Upper Mesopotamia to Anatolia (Nineteenth and Eighteenth Centuries BCE)’;;;;auto-extracted from references;;0000;;;
Proust2007_Tablettesm;;No;FALSE;external;;;Proust;;No;;Tablettes mathématiques de Nippur;;;;auto-extracted from references;;2007;;;
Sjoberg1976_TheOldBaby;;No;FALSE;external;;;Sjöberg;;No;;The Old Babylonian Eduba’;;;;auto-extracted from references;;1976;;;
Stone1987_NippurNeig;;No;FALSE;external;;;Stone;;No;;Nippur Neighborhoods (Studies in Ancient Oriental Civilization, 44;;;;auto-extracted from references;;1987;;;
Tinney1998_TextsTable;;No;FALSE;external;;;Tinney;;No;;Texts, Tablets, and Teaching;;;;auto-extracted from references;;1998;;;
Tinney1999_OntheCurri;;No;FALSE;external;;;Tinney;;No;;On the Curricular Settings of Sumerian Literature’;;;;auto-extracted from references;;1999;;;
Vanstiphout1997_SumerianCa;;No;FALSE;external;;;Vanstiphout;;No;;Sumerian Canonical Compositions. C. Individual Focus. 6. School Dialogues’;;;;auto-extracted from references;;1997;;;
Veenhof2017_KultepeTab;;No;FALSE;external;;;Veenhof;;No;;Kültepe Tabletleri VIII. The Archive of Elamma, son of Iddin-Suen, and his Family (Kt;;;;auto-extracted from references;;2017;;;
Veldhuis1997_Elementary;;No;FALSE;external;;;Veldhuis;;No;;Elementary Education at Nippur;;;;auto-extracted from references;;1997;;;
Veldhuis2004_ReligionLi;;No;FALSE;external;;;Veldhuis;;No;;Religion, Literature, and Scholarship: The Sumerian Composition “Nanše and the Birds”;;;;auto-extracted from references;;2004;;;
Volk2000_Edubbaaund;;No;FALSE;external;;;Volk;;No;;Edubba’a und Edubba’a-Literatur: Rätsel und Lösungen’;;;;auto-extracted from references;;2000;;;
Waetzold2009_Schule;;No;FALSE;external;;;Waetzold;;No;;Schule’;;;;auto-extracted from references;;2009;;;
Albenda1986_ThePalaceo;;No;FALSE;external;;;Albenda;;No;;The Palace of Sargon, King of Assyria: Monumental Wall Reliefs at Dur-Sharrukin;;;;auto-extracted from references;;1986;;;
Alster1997_Proverbsof;;No;FALSE;external;;;Alster;;No;;Proverbs of Ancient Sumer: The World’s Earliest Proverb Collections;;;;auto-extracted from references;;1997;;;
Barnett1939_ACylinderS;;No;FALSE;external;;;Barnett;;No;;A Cylinder Seal from Syria;;;;auto-extracted from references;;1939;;;
Barnett1998_Sculptures;;No;FALSE;external;;;Barnett;;No;;Sculptures from the Southwest Palace of Sennacherib at Nineveh;;;;auto-extracted from references;;1998;;;
Bittel1973_Anatolica;;No;FALSE;external;;;Bittel;;No;;Anatolica;;;;auto-extracted from references;;1973;;;
Bleibtreu1980_DieFlorade;;No;FALSE;external;;;Bleibtreu;;No;;Die Flora der neuassyrischen Reliefs;;;;auto-extracted from references;;1980;;;
Boehmer1972_DieKleinfu;;No;FALSE;external;;;Boehmer;;No;;Die Kleinfunde von Boğazköy aus den Grabungskampagnen 1931–1939 und 1952–1969;;;;auto-extracted from references;;1972;;;
Boehmer1979_DieKleinfu;;No;FALSE;external;;;Boehmer;;No;;Die Kleinfunde aus der Unterstadt von Boğazköy: Grabungskampagnen 1970–1978;;;;auto-extracted from references;;1979;;;
Borker-Klahn1982_Altvordera;;No;FALSE;external;;;Börker-Klähn;;No;;Altvorderasiatische Bildstelen und vergleichbare Felsreliefs;;;;auto-extracted from references;;1982;;;
Buchanan1966_Catalogueo;;No;FALSE;external;;;Buchanan;;No;;Catalogue of Ancient Near Eastern Seals in the Ashmolean Museum I: Cylinder Seals;;;;auto-extracted from references;;1966;;;
Buccellati2000_TheRoyalPa;;No;FALSE;external;;;Buccellati;;No;;The Royal Palace of Urkesh. Report on the 12th Season at Tell Mozan / Urkesh: Excavation in Area AA, June–October 1999;;;;auto-extracted from references;;2000;;;
Cammarosano2013_HittiteCul;;No;FALSE;external;;;Cammarosano;;No;;Hittite Cult Inventories – Part One: The Hittite Cult Inventories as Textual Genre;;;;auto-extracted from references;;2013;;;
Clay1906_Documentsf;;No;FALSE;external;;;Clay;;No;;Documents from the Temple Archives of Nippur Dated in the Reigns of Cassite Rulers;;;;auto-extracted from references;;1906;;;
Clevering1999_TaxonomyCh;;No;FALSE;external;;;Clevering;;No;;Taxonomy, Chromosome Numbers, Clonal Diversity and Population Dynamics of Phragmites australis;;;;auto-extracted from references;;1999;;;
Collon2001_Catalogueo;;No;FALSE;external;;;Collon;;No;;Catalogue of the Western Asiatic Seals in the British Museum;;;;auto-extracted from references;;2001;;;
Deimel1922_DieBedeutu;;No;FALSE;external;;;Deimel;;No;;Die Bedeutung der Keilschrift-Paläographie für die Chronologie der ältesten babylonischen Geschichte;;;;auto-extracted from references;;1922;;;
Delaporte1909_Lescylindr;;No;FALSE;external;;;Delaporte;;No;;Les cylindres orientaux du musée historique de l’Orléanais;;;;auto-extracted from references;;1909;;;
Dogan2010_TheKirsehi;;No;FALSE;external;;;Doğan;;No;;The Kırşehir Letter: A New Hieroglyphic Luwian Text on a Lead Strip;;;;auto-extracted from references;;2010;;;
Unknown2013_HititlerBi;;No;FALSE;external;;;Unknown;;No;;Hititler: Bir Anadolu İmparatorluğu / Hittites: An Anatolian Empire;;;;auto-extracted from references;;2013;;;
Driver1976_SemiticWri;;No;FALSE;external;;;Driver;;No;;Semitic Writing from Pictograph to Alphabet;;;;auto-extracted from references;;1976;;;
Ellison2002_APaleograp;;No;FALSE;external;;;Ellison;;No;;A Paleographic Study of the Alphabetic Cuneiform Texts from Ras Shamra/Ugarit;;;;auto-extracted from references;;2002;;;
Falkenstein1936_Archaische;;No;FALSE;external;;;Falkenstein;;No;;Archaische Texte aus Uruk;;;;auto-extracted from references;;1936;;;
Farber-Flugge1973_DerMythosI;;No;FALSE;external;;;Farber-Flügge;;No;;Der Mythos “Inanna und Enki” unter besonderer Berücksichtigung der Liste der me;;;;auto-extracted from references;;1973;;;
Fisseler2014_TowardsanI;;No;FALSE;external;;;Fisseler;;No;;Towards an Interactive and Automated Script Feature Analysis of 3D Scanned Cuneiform Tablets;;;;auto-extracted from references;;2014;;;
Franke2011_Personlich;;No;FALSE;external;;;Franke;;No;;Persönliche Frömmigkeit im Alten Orient am Beispiel des Kultsockels des Tukulti-Ninurta von Assyrien;;;;auto-extracted from references;;2011;;;
Gasche1989_LaBabyloni;;No;FALSE;external;;;Gasche;;No;;La Babylonie au 17e siècle avant notre ère;;;;auto-extracted from references;;1989;;;
George2006_Babylonian;;No;FALSE;external;;;George;;No;;Babylonian Texts from the Folios of Sidney B. Smith, Part Three;;;;auto-extracted from references;;2006;;;
Gumbert2002_ThePenandI;;No;FALSE;external;;;Gumbert;;No;;The Pen and Its Movement;;;;auto-extracted from references;;2002;;;
Hardion2012_RevisedSys;;No;FALSE;external;;;Hardion;;No;;Revised Systematics of Mediterranean Arundo (Poaceae;;;;auto-extracted from references;;2012;;;
Hepper1992_Notesonthe;;No;FALSE;external;;;Hepper;;No;;Notes on the Reeds of Mesopotamia;;;;auto-extracted from references;;1992;;;
Herles2006_ZurDarstel;;No;FALSE;external;;;Herles;;No;;Zur Darstellung auf dem Symbolsockel Tukulti-Ninurtas I: Griffel oder Zepter?;;;;auto-extracted from references;;2006;;;
Hoffner2009_Lettersfro;;No;FALSE;external;;;Hoffner;;No;;Letters from the Hittite Kingdom;;;;auto-extracted from references;;2009;;;
Howard1955_TechnicalD;;No;FALSE;external;;;Howard;;No;;Technical Description of the Ivory Writing-Boards from Nimrud;;;;auto-extracted from references;;1955;;;
Unknown1991_DeralteOri;;No;FALSE;external;;;Unknown;;No;;Der alte Orient;;;;auto-extracted from references;;1991;;;
Jendritzki1997_ZurRestaur;;No;FALSE;external;;;Jendritzki;;No;;Zur Restaurierung und Technologie des Bronzekreuzes VA 5379;;;;auto-extracted from references;;1997;;;
Jendritzki2003_FurForschu;;No;FALSE;external;;;Jendritzki;;No;;Für Forschung und Besucher gerettet;;;;auto-extracted from references;;2003;;;
Keel1990_Laglyptiqu;;No;FALSE;external;;;Keel;;No;;La glyptique de Tell Keisan;;;;auto-extracted from references;;1990;;;
Klengel-Brandt1975_EineSchrei;;No;FALSE;external;;;Klengel-Brandt;;No;;Eine Schreibtafel aus Assur;;;;auto-extracted from references;;1975;;;
Kosay1966_AlacaHoyuk;;No;FALSE;external;;;Koşay;;No;;Alaca Höyük Kazısı 1940–1948: İlk Rapor;;;;auto-extracted from references;;1966;;;
Langdon1924_Excavation;;No;FALSE;external;;;Langdon;;No;;Excavations at Kish I;;;;auto-extracted from references;;1924;;;
Landsberger1967_TheDatePal;;No;FALSE;external;;;Landsberger;;No;;The Date Palm and Its By-products According to the Cuneiform Sources;;;;auto-extracted from references;;1967;;;
Levine1973_TwoNeoAssy;;No;FALSE;external;;;Levine;;No;;Two Neo-Assyrian Stelae from Iran;;;;auto-extracted from references;;1973;;;
Livingstone2007_Ashurbanip;;No;FALSE;external;;;Livingstone;;No;;Ashurbanipal: Literate or Not?;;;;auto-extracted from references;;2007;;;
Loud1938_KhorsabadP;;No;FALSE;external;;;Loud;;No;;Khorsabad, Part 2;;;;auto-extracted from references;;1938;;;
Madhloom1970_TheChronol;;No;FALSE;external;;;Madhloom;;No;;The Chronology of Neo-Assyrian Art;;;;auto-extracted from references;;1970;;;
Mallowan1954_TheExcavat;;No;FALSE;external;;;Mallowan;;No;;The Excavations at Nimrud (Kalḫu;;;;auto-extracted from references;;1954;;;
Marazzi1994_Maglihitti;;No;FALSE;external;;;Marazzi;;No;;Ma gli hittiti scrivevano veramente su legno?;;;;auto-extracted from references;;1994;;;
Marzahn2003_DieKeilsch;;No;FALSE;external;;;Marzahn;;No;;Die Keilschrift;;;;auto-extracted from references;;2003;;;
Meier1939_Einakkadis;;No;FALSE;external;;;Meier;;No;;Ein akkadisches Heilungsritual aus Boğazköy;;;;auto-extracted from references;;1939;;;
Meijer2004_AScribalQu;;No;FALSE;external;;;Meijer;;No;;A Scribal Quarter?;;;;auto-extracted from references;;2004;;;
Messerschmidt1906_ZurTechnik;;No;FALSE;external;;;Messerschmidt;;No;;Zur Technik des Tontafelschreibens;;;;auto-extracted from references;;1906;;;
Novotny2008_AftertheFa;;No;FALSE;external;;;Novotny;;No;;After the Fall of Babylon;;;;auto-extracted from references;;2008;;;
Oates1968_TheExcavat;;No;FALSE;external;;;Oates;;No;;The Excavations at Tell al Rimah, 1967;;;;auto-extracted from references;;1968;;;
Ochsenschlager1992_Ethnograph;;No;FALSE;external;;;Ochsenschlager;;No;;Ethnographic Evidence for Wood, Boats, Bitumen and Reeds in Southern Iraq;;;;auto-extracted from references;;1992;;;
Opitz1930_Studienzur;;No;FALSE;external;;;Opitz;;No;;Studien zur altorientalischen Kunst;;;;auto-extracted from references;;1930;;;
Parkes2008_TheirHands;;No;FALSE;external;;;Parkes;;No;;Their Hands Before Our Eyes;;;;auto-extracted from references;;2008;;;
Payne2005_Uberlegung;;No;FALSE;external;;;Payne;;No;;Überlegungen zur Hieroglyphenschrift der Assur-Briefe;;;;auto-extracted from references;;2005;;;
Pecorella1980_Diecisigil;;No;FALSE;external;;;Pecorella;;No;;Dieci sigilli cilindrici del Vicino Oriente;;;;auto-extracted from references;;1980;;;
Perdue1958_Arundodona;;No;FALSE;external;;;Perdue;;No;;Arundo donax – Source of Musical Reeds and Industrial Cellulose;;;;auto-extracted from references;;1958;;;
Pilu2012_GiantReedA;;No;FALSE;external;;;Pilu;;No;;Giant Reed (Arundo donax L;;;;auto-extracted from references;;2012;;;
Postgate1980_PalmtreesR;;No;FALSE;external;;;Postgate;;No;;Palm-trees, Reeds and Rushes in Iraq Ancient and Modern;;;;auto-extracted from references;;1980;;;
Postgate1986_MiddleAssy;;No;FALSE;external;;;Postgate;;No;;Middle Assyrian Tablets;;;;auto-extracted from references;;1986;;;
Postgate1987_BM118796;;No;FALSE;external;;;Postgate;;No;;BM 118796;;;;auto-extracted from references;;1987;;;
Powell1981_ThreeProbl;;No;FALSE;external;;;Powell;;No;;Three Problems in the History of Cuneiform Writing;;;;auto-extracted from references;;1981;;;
Powell2007_Assurbanip;;No;FALSE;external;;;Powell;;No;;Assurbanipals Griffel;;;;auto-extracted from references;;2007;;;
Reade1986_Archaeolog;;No;FALSE;external;;;Reade;;No;;Archaeology and the Kuyunjik Archives;;;;auto-extracted from references;;1986;;;
Reade2012_VisualEvid;;No;FALSE;external;;;Reade;;No;;Visual Evidence for the Status and Activities of Assyrian Scribes;;;;auto-extracted from references;;2012;;;
Ryu1991_Functional;;No;FALSE;external;;;Ryu;;No;;Functional Ranges of Motion of the Wrist Joint;;;;auto-extracted from references;;1991;;;
Saggs1981_TheReedSty;;No;FALSE;external;;;Saggs;;No;;The Reed Stylus;;;;auto-extracted from references;;1981;;;
Salim1962_MarshDwell;;No;FALSE;external;;;Salim;;No;;Marsh Dwellers of the Euphrates Delta;;;;auto-extracted from references;;1962;;;
Sallaberger1989_ZumSchilfr;;No;FALSE;external;;;Sallaberger;;No;;Zum Schilfrohr als Rohstoff in Babylonien;;;;auto-extracted from references;;1989;;;
Nicolo1948_HabendieBa;;No;FALSE;external;;;Nicolò;;No;;Haben die Babylonier Wachstafeln als Schriftträger gekannt?;;;;auto-extracted from references;;1948;;;
Schachner2013_DieArbeite;;No;FALSE;external;;;Schachner;;No;;Die Arbeiten in Boğazköy-Ḫattuša 2012;;;;auto-extracted from references;;2013;;;
Schaeffer1951_Reprisedes;;No;FALSE;external;;;Schaeffer;;No;;Reprise des recherches archéologiques à Ras Shamra-Ugarit;;;;auto-extracted from references;;1951;;;
Unknown1955_LePalaisro;;No;FALSE;external;;;Unknown;;No;;Le Palais royal d’Ugarit III;;;;auto-extracted from references;;1955;;;
Schwemer1998_Akkadische;;No;FALSE;external;;;Schwemer;;No;;Akkadische Rituale aus Ḫattuša;;;;auto-extracted from references;;1998;;;
Seidl1989_Diebabylon;;No;FALSE;external;;;Seidl;;No;;Die babylonischen Kudurru-Reliefs;;;;auto-extracted from references;;1989;;;
Sirat1987_Lamorpholo;;No;FALSE;external;;;Sirat;;No;;La morphologie humaine et la direction des écritures;;;;auto-extracted from references;;1987;;;
Stol1998_Einigekurz;;No;FALSE;external;;;Stol;;No;;Einige kurze Wortstudien;;;;auto-extracted from references;;1998;;;
Streck2009_Schilf;;No;FALSE;external;;;Streck;;No;;Schilf;;;;auto-extracted from references;;2009;;;
Symington1991_LateBronze;;No;FALSE;external;;;Symington;;No;;Late Bronze Age Writing-Boards;;;;auto-extracted from references;;1991;;;
Taylor2011_TabletsasA;;No;FALSE;external;;;Taylor;;No;;Tablets as Artefacts, Scribes as Artisans;;;;auto-extracted from references;;2011;;;
Torri2012_HidingWord;;No;FALSE;external;;;Torri;;No;;Hiding Words behind the Signs;;;;auto-extracted from references;;2012;;;
Townsend1968_FloraofIra;;No;FALSE;external;;;Townsend;;No;;Flora of Iraq 9: Gramineae;;;;auto-extracted from references;;1968;;;
Unger1916_Reliefstel;;No;FALSE;external;;;Unger;;No;;Reliefstele Adadniraris III;;;;auto-extracted from references;;1916;;;
Unger1917_DieStelede;;No;FALSE;external;;;Unger;;No;;Die Stele des Bel-Harran-Beli-Ussur;;;;auto-extracted from references;;1917;;;
Soldt1991_Studiesint;;No;FALSE;external;;;Soldt;;No;;Studies in the Akkadian of Ugarit;;;;auto-extracted from references;;1991;;;
Volk2009_Schreibgri;;No;FALSE;external;;;Volk;;No;;Schreibgriffel;;;;auto-extracted from references;;2009;;;
Osten1937_TheAlishar;;No;FALSE;external;;;Osten;;No;;The Alishar Hüyük;;;;auto-extracted from references;;1937;;;
Waal2011_TheyWroteo;;No;FALSE;external;;;Waal;;No;;They Wrote on Wood;;;;auto-extracted from references;;2011;;;
Waetzoldt1992_Rohrunddes;;No;FALSE;external;;;Waetzoldt;;No;;‘Rohr’ und dessen Verwendungsweisen;;;;auto-extracted from references;;1992;;;
Weeden2011_HittiteLog;;No;FALSE;external;;;Weeden;;No;;Hittite Logograms and Hittite Scholarship;;;;auto-extracted from references;;2011;;;
Westphal-Hellbusch1962_DieMadan;;No;FALSE;external;;;Westphal-Hellbusch;;No;;Die Maʿdan;;;;auto-extracted from references;;1962;;;
Wiseman1955_AssyrianWr;;No;FALSE;external;;;Wiseman;;No;;Assyrian Writing-Boards;;;;auto-extracted from references;;1955;;;
Yon2006_TheCityofU;;No;FALSE;external;;;Yon;;No;;The City of Ugarit at Tell Ras Shamra;;;;auto-extracted from references;;2006;;;
Yoshikawa1990_ANoteonSty;;No;FALSE;external;;;Yoshikawa;;No;;A Note on Stylus;;;;auto-extracted from references;;1990;;;
Al-Rawi2000_OldBabylon;;No;FALSE;external;;;Al-Rawi;;No;;Old Babylonian Texts from Private Houses at Abu Habbah, Ancient Sippar;;;;auto-extracted from references;;2000;;;
Battini2003_Constructi;;No;FALSE;external;;;Battini;;No;;Construction royale, construction privée: la maison B 59 de Larsa;;;;auto-extracted from references;;2003;;;
Bardet1984_Archivesad;;No;FALSE;external;;;Bardet;;No;;Archives administratives de Mari I;;;;auto-extracted from references;;1984;;;
Birot1953_Troistexte;;No;FALSE;external;;;Birot;;No;;Trois textes économiques de Mari (I;;;;auto-extracted from references;;1953;;;
Birot1955_Troistexte;;No;FALSE;external;;;Birot;;No;;Trois textes économiques de Mari (II;;;;auto-extracted from references;;1955;;;
Birot1956_Textesecon;;No;FALSE;external;;;Birot;;No;;Textes économiques de Mari (IV;;;;auto-extracted from references;;1956;;;
Birot1960_Textesadmi;;No;FALSE;external;;;Birot;;No;;Textes administratifs de la salle 5 du palais;;;;auto-extracted from references;;1960;;;
Birot1964_Textesadmi;;No;FALSE;external;;;Birot;;No;;Textes administratifs de la salle 5 du palais (2e partie;;;;auto-extracted from references;;1964;;;
Birot1969_Tablettese;;No;FALSE;external;;;Birot;;No;;Tablettes économiques et administratives d’époque paléo-babylonienne conservées au Musée d’art et d’histoire de Genève;;;;auto-extracted from references;;1969;;;
Birot1972_Simahlaner;;No;FALSE;external;;;Birot;;No;;Simaḫlânê, roi de Kurda;;;;auto-extracted from references;;1972;;;
Birot1978_Donneesnou;;No;FALSE;external;;;Birot;;No;;Données nouvelles sur la chronologie du règne de Zimri-Lim;;;;auto-extracted from references;;1978;;;
Bottero1957_Textesecon;;No;FALSE;external;;;Bottéro;;No;;Textes économiques et administratifs;;;;auto-extracted from references;;1957;;;
Unknown2003_AncientArc;;No;FALSE;external;;;Unknown;;No;;Ancient Archives and Archival Traditions;;;;auto-extracted from references;;2003;;;
Burke1963_Textesadmi;;No;FALSE;external;;;Burke;;No;;Textes administratifs de la salle 111 du palais;;;;auto-extracted from references;;1963;;;
Chambon2008_Unnouveaur;;No;FALSE;external;;;Chambon;;No;;Un nouveau récapitulatif sur la gestion de l’huile à Mari;;;;auto-extracted from references;;2008;;;
Charpin1979_ReviewofYO;;No;FALSE;external;;;Charpin;;No;;Review of YOS 14;;;;auto-extracted from references;;1979;;;
Charpin1981_ReviewofYO;;No;FALSE;external;;;Charpin;;No;;Review of YOS 12;;;;auto-extracted from references;;1981;;;
Charpin1982_Marchandsd;;No;FALSE;external;;;Charpin;;No;;Marchands du palais et marchands du temple;;;;auto-extracted from references;;1982;;;
Charpin1984_Nouveauxdo;;No;FALSE;external;;;Charpin;;No;;Nouveaux documents du bureau de l’huile;;;;auto-extracted from references;;1984;;;
Charpin1986_Transmissi;;No;FALSE;external;;;Charpin;;No;;Transmission des titres de propriété;;;;auto-extracted from references;;1986;;;
Charpin1987_Nouveauxdo;;No;FALSE;external;;;Charpin;;No;;Nouveaux documents du bureau de l’huile (suite;;;;auto-extracted from references;;1987;;;
Charpin1989_Unquartier;;No;FALSE;external;;;Charpin;;No;;Un quartier de Nippur;;;;auto-extracted from references;;1989;;;
Charpin1990_Unquartier;;No;FALSE;external;;;Charpin;;No;;Un quartier de Nippur;;;;auto-extracted from references;;1990;;;
Charpin1993_ReviewofAU;;No;FALSE;external;;;Charpin;;No;;Review of AUCT 4;;;;auto-extracted from references;;1993;;;
Charpin1994_Unecampagn;;No;FALSE;external;;;Charpin;;No;;Une campagne de Yahdun-Lîm;;;;auto-extracted from references;;1994;;;
Charpin1995_Lafindesar;;No;FALSE;external;;;Charpin;;No;;La fin des archives dans le palais de Mari;;;;auto-extracted from references;;1995;;;
Charpin2000_Lespreteur;;No;FALSE;external;;;Charpin;;No;;Les prêteurs et le palais;;;;auto-extracted from references;;2000;;;
Charpin2000_Lettresetp;;No;FALSE;external;;;Charpin;;No;;Lettres et procès paléo-babyloniens;;;;auto-extracted from references;;2000;;;
Charpin2001_Lespreteur;;No;FALSE;external;;;Charpin;;No;;Les prêteurs et le palais (suite;;;;auto-extracted from references;;2001;;;
Charpin2001_Larchivage;;No;FALSE;external;;;Charpin;;No;;L’archivage des tablettes;;;;auto-extracted from references;;2001;;;
Charpin2003_Lapolitiqu;;No;FALSE;external;;;Charpin;;No;;La politique immobilière des marchands de Larsa;;;;auto-extracted from references;;2003;;;
Charpin2005_Donneesnou;;No;FALSE;external;;;Charpin;;No;;Données nouvelles sur la vie économique;;;;auto-extracted from references;;2005;;;
Charpin2005_Economieet;;No;FALSE;external;;;Charpin;;No;;Économie et société à Sippar;;;;auto-extracted from references;;2005;;;
Charpin2005_ReviewofVS;;No;FALSE;external;;;Charpin;;No;;Review of VS 29;;;;auto-extracted from references;;2005;;;
Charpin2006_Lesinscrip;;No;FALSE;external;;;Charpin;;No;;Les inscriptions royales suméro-akkadiennes;;;;auto-extracted from references;;2006;;;
Charpin2007_Chroniques;;No;FALSE;external;;;Charpin;;No;;Chroniques bibliographiques 10;;;;auto-extracted from references;;2007;;;
Charpin2008_Lireetecri;;No;FALSE;external;;;Charpin;;No;;Lire et écrire à Babylone;;;;auto-extracted from references;;2008;;;
Charpin2008_Archivagee;;No;FALSE;external;;;Charpin;;No;;Archivage et classification;;;;auto-extracted from references;;2008;;;
Charpin2008_TellHariri;;No;FALSE;external;;;Charpin;;No;;Tell Hariri – Mari (Textes)... II. Les archives;;;;auto-extracted from references;;2008;;;
Charpin2010_Formulaire;;No;FALSE;external;;;Charpin;;No;;Formulaires des contrats de Mari;;;;auto-extracted from references;;2010;;;
Charpin2012_Lexerciced;;No;FALSE;external;;;Charpin;;No;;L’exercice du pouvoir;;;;auto-extracted from references;;2012;;;
Charpin1986_Quelquesre;;No;FALSE;external;;;Charpin;;No;;Quelques remarques concernant les archives;;;;auto-extracted from references;;1986;;;
Charpin2004_YasimSumu;;No;FALSE;external;;;Charpin;;No;;Yasîm-Sûmû;;;;auto-extracted from references;;2004;;;
Charpin2004_Mesopotami;;No;FALSE;external;;;Charpin;;No;;Mesopotamien: Die altbabylonische Zeit;;;;auto-extracted from references;;2004;;;
Charpin2003_Florilegiu;;No;FALSE;external;;;Charpin;;No;;Florilegium Marianum V;;;;auto-extracted from references;;2003;;;
Dalley2005_OldBabylon;;No;FALSE;external;;;Dalley;;No;;Old Babylonian Texts in the Ashmolean Museum;;;;auto-extracted from references;;2005;;;
Driel1994_PrivateorN;;No;FALSE;external;;;Driel;;No;;Private or Not-so-private;;;;auto-extracted from references;;1994;;;
Duponchel1997_Lescomptes;;No;FALSE;external;;;Duponchel;;No;;Les comptes d’huile du palais de Mari;;;;auto-extracted from references;;1997;;;
Durand1981_Documentsc;;No;FALSE;external;;;Durand;;No;;Documents cunéiformes ... Tome I;;;;auto-extracted from references;;1981;;;
Durand1983_Textesadmi;;No;FALSE;external;;;Durand;;No;;Textes administratifs des salles 134 et 160;;;;auto-extracted from references;;1983;;;
Durand1987_Lorganisat;;No;FALSE;external;;;Durand;;No;;L’organisation de l’espace dans le palais de Mari;;;;auto-extracted from references;;1987;;;
Durand1997_Lesdocumen;;No;FALSE;external;;;Durand;;No;;Les documents épistolaires du palais de Mari I;;;;auto-extracted from references;;1997;;;
Durand2000_Lesdocumen;;No;FALSE;external;;;Durand;;No;;Les documents épistolaires du palais de Mari III;;;;auto-extracted from references;;2000;;;
Faivre1995_Lerecyclag;;No;FALSE;external;;;Faivre;;No;;Le recyclage des tablettes cunéiformes;;;;auto-extracted from references;;1995;;;
Figulla1961_Catalogueo;;No;FALSE;external;;;Figulla;;No;;Catalogue of the Babylonian Tablets in the British Museum I;;;;auto-extracted from references;;1961;;;
Goddeeris2002_Anadoption;;No;FALSE;external;;;Goddeeris;;No;;An adoption document from Kisurra;;;;auto-extracted from references;;2002;;;
Guichard2005_Lavaissell;;No;FALSE;external;;;Guichard;;No;;La vaisselle de luxe des rois de Mari;;;;auto-extracted from references;;2005;;;
Unknown1995_Lesphenome;;No;FALSE;external;;;Unknown;;No;;Les phénomènes de fin d’archives en Mésopotamie;;;;auto-extracted from references;;1995;;;
Jursa2005_NeoBabylon;;No;FALSE;external;;;Jursa;;No;;Neo-Babylonian Legal and Administrative Documents;;;;auto-extracted from references;;2005;;;
Kessler1997_Dasspatalt;;No;FALSE;external;;;Kessler;;No;;Das spätaltbabylonische Tempelarchiv;;;;auto-extracted from references;;1997;;;
Koppen2003_ReviewofVS;;No;FALSE;external;;;Koppen;;No;;Review of VS 29;;;;auto-extracted from references;;2003;;;
Lacambre1997_Lagestiond;;No;FALSE;external;;;Lacambre;;No;;La gestion du bronze;;;;auto-extracted from references;;1997;;;
Lafont1984_Chapter3;;No;FALSE;external;;;Lafont;;No;;Chapter 3;;;;auto-extracted from references;;1984;;;
Lafont1985_Lesabumdur;;No;FALSE;external;;;Lafont;;No;;Le ṣâbum du roi de Mari;;;;auto-extracted from references;;1985;;;
Marti2008_Florilegiu;;No;FALSE;external;;;Marti;;No;;Florilegium Marianum X;;;;auto-extracted from references;;2008;;;
Maul1997_ZwischenSp;;No;FALSE;external;;;Maul;;No;;Zwischen Sparmaßnahme und Revolte;;;;auto-extracted from references;;1997;;;
Michel1996_Lecommerce;;No;FALSE;external;;;Michel;;No;;Le commerce dans les textes de Mari;;;;auto-extracted from references;;1996;;;
Alba2001_Lapopulati;;No;FALSE;external;;;Albà;;No;;La population du royaume de Mari... PhD;;;;auto-extracted from references;;2001;;;
Oppenheim1967_Lettersfro;;No;FALSE;external;;;Oppenheim;;No;;Letters from Mesopotamia;;;;auto-extracted from references;;1967;;;
Parpola1986_Theroyalar;;No;FALSE;external;;;Parpola;;No;;The royal archives of Nineveh;;;;auto-extracted from references;;1986;;;
Parpola2001_TheHelsink;;No;FALSE;external;;;Parpola;;No;;The Helsinki Atlas of the Near East;;;;auto-extracted from references;;2001;;;
Pedersen1998_Zudenaltba;;No;FALSE;external;;;Pedersén;;No;;Zu den altbabylonischen Archiven;;;;auto-extracted from references;;1998;;;
Pedersen2005_Archiveund;;No;FALSE;external;;;Pedersén;;No;;Archive und Bibliotheken in Babylon;;;;auto-extracted from references;;2005;;;
Renger1977_Cooperatio;;No;FALSE;external;;;Renger;;No;;Cooperation internationale – Berlin;;;;auto-extracted from references;;1977;;;
Richardson2002_EweShouldB;;No;FALSE;external;;;Richardson;;No;;Ewe Should Be So Lucky;;;;auto-extracted from references;;2002;;;
Roth1995_LawCollect;;No;FALSE;external;;;Roth;;No;;Law Collections from Mesopotamia and Asia Minor;;;;auto-extracted from references;;1995;;;
Sasson1982_Accounting;;No;FALSE;external;;;Sasson;;No;;Accounting Discrepancies;;;;auto-extracted from references;;1982;;;
Schorr1913_Urkundende;;No;FALSE;external;;;Schorr;;No;;Urkunden des altbabylonischen Zivil- und Prozessrechts;;;;auto-extracted from references;;1913;;;
Seri2005_LocalPower;;No;FALSE;external;;;Seri;;No;;Local Power in Old Babylonian Mesopotamia;;;;auto-extracted from references;;2005;;;
Sigrist1990_OldBabylon;;No;FALSE;external;;;Sigrist;;No;;Old Babylonian Account Texts;;;;auto-extracted from references;;1990;;;
Sigrist2003_OldBabylon;;No;FALSE;external;;;Sigrist;;No;;Old Babylonian Account Texts;;;;auto-extracted from references;;2003;;;
Sigrist1996_Catalogueo;;No;FALSE;external;;;Sigrist;;No;;Catalogue of the Babylonian Tablets in the British Museum II;;;;auto-extracted from references;;1996;;;
Sigrist2006_Catalogueo;;No;FALSE;external;;;Sigrist;;No;;Catalogue of the Babylonian Tablets in the British Museum III;;;;auto-extracted from references;;2006;;;
Skaist1994_TheOldBaby;;No;FALSE;external;;;Skaist;;No;;The Old Babylonian Loan Contract;;;;auto-extracted from references;;1994;;;
Stol1973_ReviewofYO;;No;FALSE;external;;;Stol;;No;;Review of YOS 13;;;;auto-extracted from references;;1973;;;
Stone2002_TheUrIIIOl;;No;FALSE;external;;;Stone;;No;;The Ur III–Old Babylonian Transition;;;;auto-extracted from references;;2002;;;
Suurmeijer2006_LoansandEd;;No;FALSE;external;;;Suurmeijer;;No;;Loans and Edicts;;;;auto-extracted from references;;2006;;;
Tanret2008_FindtheTab;;No;FALSE;external;;;Tanret;;No;;Find the Tablet-box;;;;auto-extracted from references;;2008;;;
Tanret0_Forthcomin;;No;FALSE;external;;;Tanret;;No;;Forthcoming;;;;auto-extracted from references;;0000;;;
Unknown2008_ChagarBaza;;No;FALSE;external;;;Unknown;;No;;Chagar Bazar III;;;;auto-extracted from references;;2008;;;
Mieroop2002_CreditasaF;;No;FALSE;external;;;Mieroop;;No;;Credit as a Facilitator of Exchange;;;;auto-extracted from references;;2002;;;
Lerberghe2003_Privateand;;No;FALSE;external;;;Lerberghe;;No;;Private and Public;;;;auto-extracted from references;;2003;;;
Lerberghe1991_OnQuasiHul;;No;FALSE;external;;;Lerberghe;;No;;On ‘Quasi-Hüllentafeln.’;;;;auto-extracted from references;;1991;;;
Unknown1986_CuneiformA;;No;FALSE;external;;;Unknown;;No;;Cuneiform Archives and Libraries;;;;auto-extracted from references;;1986;;;
Villard1986_UnroideMar;;No;FALSE;external;;;Villard;;No;;Un roi de Mari à Ugarit;;;;auto-extracted from references;;1986;;;
Villard1992_Ledeplacem;;No;FALSE;external;;;Villard;;No;;Le déplacement des trésors royaux;;;;auto-extracted from references;;1992;;;
Wilcke1970_ReviewofOp;;No;FALSE;external;;;Wilcke;;No;;Review of Oppenheim 1967;;;;auto-extracted from references;;1970;;;
Ziegler1999_Florilegiu;;No;FALSE;external;;;Ziegler;;No;;Florilegium Marianum IV;;;;auto-extracted from references;;1999;;;
Ziegler2001_Gestionetc;;No;FALSE;external;;;Ziegler;;No;;Gestion et contrôle;;;;auto-extracted from references;;2001;;;
Alster1987_LaharandAs;;No;FALSE;external;;;Alster;;No;;Lahar and Ashnan: Presentation and Analysis of a Sumerian Disputation;;;;auto-extracted from references;;1987;;;
Brusasco1999_FamilyArch;;No;FALSE;external;;;Brusasco;;No;;Family Archives and the Social Use of Space in Old Babylonian Houses at Ur;;;;auto-extracted from references;;1999;;;
Cavigneaux1996_UrukAltbab;;No;FALSE;external;;;Cavigneaux;;No;;Uruk: Altbabylonische Texte aus dem Planquadrat Pe XVI-4/5. Ausgrabungen in Uruk-Warka, Endberichte 23;;;;auto-extracted from references;;1996;;;
Charpin1986_LeclergedU;;No;FALSE;external;;;Charpin;;No;;Le clergé d’Ur au siècle d’Hammurabi (XIXe–XVIIIe siècles av;;;;auto-extracted from references;;1986;;;
Civil1969_OldBabylon;;No;FALSE;external;;;Civil;;No;;Old Babylonian Proto-Lu: Types of Sources;;;;auto-extracted from references;;1969;;;
Civil1979_Materialsf;;No;FALSE;external;;;Civil;;No;;Materials for the Sumerian Lexicon;;;;auto-extracted from references;;1979;;;
Civil1994_TheFarmers;;No;FALSE;external;;;Civil;;No;;The Farmer’s Instructions: A Sumerian Agricultural Manual;;;;auto-extracted from references;;1994;;;
Cooper1983_TheCurseof;;No;FALSE;external;;;Cooper;;No;;The Curse of Agade;;;;auto-extracted from references;;1983;;;
Delnero2006_Variationi;;No;FALSE;external;;;Delnero;;No;;Variation in Sumerian Literary Compositions: A Case Study Based on the Decad;;;;auto-extracted from references;;2006;;;
Falkenstein1953_Diebabylon;;No;FALSE;external;;;Falkenstein;;No;;Die babylonische Schule;;;;auto-extracted from references;;1953;;;
Falkenstein1959_Sumerische;;No;FALSE;external;;;Falkenstein;;No;;Sumerische Götterlieder;;;;auto-extracted from references;;1959;;;
Gesche2000_Schulunter;;No;FALSE;external;;;Gesche;;No;;Schulunterricht in Babylonien im ersten Jahrtausend v;;;;auto-extracted from references;;2000;;;
Hallo1968_TheExaltat;;No;FALSE;external;;;Hallo;;No;;The Exaltation of Inana;;;;auto-extracted from references;;1968;;;
Heimpel1981_TheNanseHy;;No;FALSE;external;;;Heimpel;;No;;The Nanse Hymn;;;;auto-extracted from references;;1981;;;
Klein1981_ThreeShulg;;No;FALSE;external;;;Klein;;No;;Three Shulgi Hymns: Sumerian Royal Hymns Glorifying King Shulgi of Ur;;;;auto-extracted from references;;1981;;;
Kramer1951_TheSumeria;;No;FALSE;external;;;Kramer;;No;;The Sumerian School: A Pre-Greek System of Education;;;;auto-extracted from references;;1951;;;
Michalowski1989_TheLamenta;;No;FALSE;external;;;Michalowski;;No;;The Lamentation over the Destruction of Sumer and Ur;;;;auto-extracted from references;;1989;;;
Robson1999_Mesopotami;;No;FALSE;external;;;Robson;;No;;Mesopotamian Mathematics, 2100–1600 BC: Technical Constants in Bureaucracy and Education;;;;auto-extracted from references;;1999;;;
Robson2002_MorethanMe;;No;FALSE;external;;;Robson;;No;;More than Metrology: Mathematical Education in an Old Babylonian Scribal School;;;;auto-extracted from references;;2002;;;
Sjoberg1975_TheOldBaby;;No;FALSE;external;;;Sjöberg;;No;;The Old Babylonian Edubba;;;;auto-extracted from references;;1975;;;
Tanret2002_Perasperaa;;No;FALSE;external;;;Tanret;;No;;Per aspera ad astra: L’apprentissage du cunéiforme à Sippar-Amnānum pendant la période paléo-babylonienne tardive;;;;auto-extracted from references;;2002;;;
Tinney1996_TheNippurL;;No;FALSE;external;;;Tinney;;No;;The Nippur Lament: Royal Rhetoric and Divine Legitimation in the Reign of Išme-Dagan of Isin (1953–1935 B.C;;;;auto-extracted from references;;1996;;;
Archi1982_Hethitisch;;No;FALSE;external;;;Archi;;No;;Hethitische Mantik und ihre Beziehungen zur mesopotamischen Mantik”;;;;auto-extracted from references;;1982;;;
Archi2007_Transmissi;;No;FALSE;external;;;Archi;;No;;Transmission of Recitative Literature by the Hittites”;;;;auto-extracted from references;;2007;;;
Arnaud1985_Textessume;;No;FALSE;external;;;Arnaud;;No;;Textes sumériens et accadiens, Recherches au pays d’Aštata EMAR VI.1–3;;;;auto-extracted from references;;1985;;;
Arnaud1987_Textesdela;;No;FALSE;external;;;Arnaud;;No;;Textes de la bibliothèque: transcriptions et traductions;;;;auto-extracted from references;;1987;;;
Arnaud1996_Leditionou;;No;FALSE;external;;;Arnaud;;No;;L’édition ougaritaine de la série astrologique « Éclipses du dieu-Soleil »”;;;;auto-extracted from references;;1996;;;
Arnaud2007_Corpusdest;;No;FALSE;external;;;Arnaud;;No;;Corpus des textes de bibliothèque de Ras Shamra-Ougarit en sumérien, babylonien et assyrien;;;;auto-extracted from references;;2007;;;
Beckman2001_SargonandN;;No;FALSE;external;;;Beckman;;No;;Sargon and Naram-Sin in Hatti: Reflections of Mesopotamian Antiquity among the Hittites”;;;;auto-extracted from references;;2001;;;
Beckman2003_Gilgameshi;;No;FALSE;external;;;Beckman;;No;;Gilgamesh in Hatti”;;;;auto-extracted from references;;2003;;;
Cohen2007_AkkadianOm;;No;FALSE;external;;;Cohen;;No;;Akkadian Omens from Hattuša and Emar: The šumma immeru and šumma ālu Omens”;;;;auto-extracted from references;;2007;;;
Cunningham2007_ACatalogue;;No;FALSE;external;;;Cunningham;;No;;A Catalogue of Sumerian”;;;;auto-extracted from references;;2007;;;
George2003_TheBabylon;;No;FALSE;external;;;George;;No;;The Babylonian Gilgamesh Epic;;;;auto-extracted from references;;2003;;;
Fleming2000_TimeatEmar;;No;FALSE;external;;;Fleming;;No;;Time at Emar. The Cultic Calendar and the Rituals from the Diviner’s House;;;;auto-extracted from references;;2000;;;
Klinger1998_Werlehrted;;No;FALSE;external;;;Klinger;;No;;‘Wer lehrte die Hethiter das Schreiben?’ Zur Paläographie früher Texte in akkadischer Sprache aus Boğazköy”;;;;auto-extracted from references;;1998;;;
Klinger2003_ZurPalaogr;;No;FALSE;external;;;Klinger;;No;;Zur Paläographie akkadischsprachiger Texte aus Hattuša”;;;;auto-extracted from references;;2003;;;
Klinger2005_Diehethiti;;No;FALSE;external;;;Klinger;;No;;Die hethitische Rezeption mesopotamischer Literatur und die Überlieferung des Gilgameš-Epos in Hattuša”;;;;auto-extracted from references;;2005;;;
Kraus1964_Briefschre;;No;FALSE;external;;;Kraus;;No;;Briefschreibübungen im altbabylonischen Schulunterricht”;;;;auto-extracted from references;;1964;;;
Lorenz2010_Uberlegung;;No;FALSE;external;;;Lorenz;;No;;Überlegungen zur Verwendung mythologischer Texte bei den Hethitern”;;;;auto-extracted from references;;2010;;;
Riemschneider2004_Dieakkadis;;No;FALSE;external;;;Riemschneider;;No;;Die akkadischen und hethitischen Omentexte aus Boğazköy, Dresdner Beiträge zur Hethitologie 12;;;;auto-extracted from references;;2004;;;
Torri2008_TheScribes;;No;FALSE;external;;;Torri;;No;;The Scribes of the House on the Slope”;;;;auto-extracted from references;;2008;;;
Hout2002_AnotherVie;;No;FALSE;external;;;Hout;;No;;Another View of Hittite Literature”;;;;auto-extracted from references;;2002;;;
Hout2005_OntheNatur;;No;FALSE;external;;;Hout;;No;;On the Nature of the Tablet Collections of Hattuša”;;;;auto-extracted from references;;2005;;;
Hout2006_Institutio;;No;FALSE;external;;;Hout;;No;;Institutions, Vernaculars, Publics: The Case of Second-Millennium Anatolia”;;;;auto-extracted from references;;2006;;;
Hout2009_Reflection;;No;FALSE;external;;;Hout;;No;;Reflections on the Origins and Development of the Hittite Tablet Collections in Hattuša”;;;;auto-extracted from references;;2009;;;
Hout2009_ACenturyof;;No;FALSE;external;;;Hout;;No;;A Century of Hittite Text Dating and the Origins of the Hittite Cuneiform Script”;;;;auto-extracted from references;;2009;;;
Soldt1995_TheAkkadia;;No;FALSE;external;;;Soldt;;No;;The Akkadian of Ugarit: Lexicographical Aspects”;;;;auto-extracted from references;;1995;;;
Vanstiphout1995_OntheOldBa;;No;FALSE;external;;;Vanstiphout;;No;;On the Old Babylonian Eduba Curriculum”;;;;auto-extracted from references;;1995;;;
Yamada2006_TheHittite;;No;FALSE;external;;;Yamada;;No;;The Hittite Administration in Emar: The Aspect of Direct Control”;;;;auto-extracted from references;;2006;;;
Waetzold1989_DerSchreib;;No;FALSE;external;;;Waetzold;;No;;Der Schreiber als Lehrer in Mesopotamien”;;;;auto-extracted from references;;1989;;;
Wilhelm1992_ZurBabylon;;No;FALSE;external;;;Wilhelm;;No;;Zur Babylonisch-Assyrischen Schultradition in Hattuša”;;;;auto-extracted from references;;1992;;;
Annus2002_TheGodNinu;;No;FALSE;external;;;Annus;;No;;The God Ninurta in the Mythology and Royal Ideology of Ancient Mesopotamia;;;;auto-extracted from references;;2002;;;
Borger1956_DieInschri;;No;FALSE;external;;;Borger;;No;;Die Inschriften Asarhaddons, Königs von Assyrien;;;;auto-extracted from references;;1956;;;
Borger1969_Bemerkunge;;No;FALSE;external;;;Borger;;No;;Bemerkungen zu den akkadischen Kolophonen;;;;auto-extracted from references;;1969;;;
Brinkman1986_Documentar;;No;FALSE;external;;;Brinkman;;No;;Documentary evidence for the economic base of early Neo-Babylonian society: A survey of dated Babylonian economic texts, 721–626 B.C;;;;auto-extracted from references;;1986;;;
Dijk1989_Einspatalt;;No;FALSE;external;;;Dijk;;No;;Ein spätaltbabylonischer Katalog einer Sammlung sumerischer Briefe;;;;auto-extracted from references;;1989;;;
Ebeling1949_Neubabylon;;No;FALSE;external;;;Ebeling;;No;;Neubabylonische Briefe. Abhandlungen der Bayerischen Akademie der Wissenschaften;;;;auto-extracted from references;;1949;;;
Frahm0_InpressHea;;No;FALSE;external;;;Frahm;;No;;In press. Headhunter, Bücherdiebe und wandernde Gelehrte: Anmerkungen zum altorientalischen Wissenstransfer im ersten Jahrtausend v;;;;auto-extracted from references;;0000;;;
George1986_Sennacheri;;No;FALSE;external;;;George;;No;;Sennacherib and the Tablet of Destinies;;;;auto-extracted from references;;1986;;;
George1997_Assyriaand;;No;FALSE;external;;;George;;No;;Assyria and the western world;;;;auto-extracted from references;;1997;;;
Howard1955_Technicald;;No;FALSE;external;;;Howard;;No;;Technical description of the ivory writing-boards from Nimrud;;;;auto-extracted from references;;1955;;;
Hunger1968_Babylonisc;;No;FALSE;external;;;Hunger;;No;;Babylonische und assyrische Kolophone;;;;auto-extracted from references;;1968;;;
Lambert1957_Ancestorsa;;No;FALSE;external;;;Lambert;;No;;Ancestors, authors and canonicity;;;;auto-extracted from references;;1957;;;
Lambert1976_ALateAssyr;;No;FALSE;external;;;Lambert;;No;;A Late Assyrian catalogue of literary and scholarly texts;;;;auto-extracted from references;;1976;;;
Lambert1989_ThelawsofH;;No;FALSE;external;;;Lambert;;No;;The laws of Hammurabi in the first millennium;;;;auto-extracted from references;;1989;;;
Lambert1992_Addendaetc;;No;FALSE;external;;;Lambert;;No;;Addenda et corrigenda to Catalogue of the Cuneiform Tablets of the Kouyunjik Collection;;;;auto-extracted from references;;1992;;;
Lieberman1990_Canonicala;;No;FALSE;external;;;Lieberman;;No;;Canonical and official cuneiform texts: Towards an understanding of Assurbanipal's personal tablet collection;;;;auto-extracted from references;;1990;;;
Mallowan1954_Theexcavat;;No;FALSE;external;;;Mallowan;;No;;The excavations at Nimrud (Kalhu;;;;auto-extracted from references;;1954;;;
Maxwell-Hyslop1983_Dalbergias;;No;FALSE;external;;;Maxwell-Hyslop;;No;;Dalbergia sissoo Roxburgh;;;;auto-extracted from references;;1983;;;
Mayer1992_EinHymnusa;;No;FALSE;external;;;Mayer;;No;;Ein Hymnus auf Ninurta als Helfer in der Not;;;;auto-extracted from references;;1992;;;
Nemet-Nejat2000_Anadminist;;No;FALSE;external;;;Nemet-Nejat;;No;;An administrative text about writing boards (557 B.C.E;;;;auto-extracted from references;;2000;;;
Neugebauer1955_Astronomic;;No;FALSE;external;;;Neugebauer;;No;;Astronomical Cuneiform Tablets;;;;auto-extracted from references;;1955;;;
Parpola1972_AletterofS;;No;FALSE;external;;;Parpola;;No;;A letter of Šamaš-šumu-ukīn to Esarhaddon;;;;auto-extracted from references;;1972;;;
Parpola1983_Assyrianli;;No;FALSE;external;;;Parpola;;No;;Assyrian library records;;;;auto-extracted from references;;1983;;;
Postgate1992_Treesandti;;No;FALSE;external;;;Postgate;;No;;Trees and timber in the Assyrian texts;;;;auto-extracted from references;;1992;;;
Schaudig2001_DieInschri;;No;FALSE;external;;;Schaudig;;No;;Die Inschriften Nabonids von Babylon und Kyros’ des Großen;;;;auto-extracted from references;;2001;;;
Streck1995_ZahlundZei;;No;FALSE;external;;;Streck;;No;;Zahl und Zeit;;;;auto-extracted from references;;1995;;;
Tallqvist1938_Akkadische;;No;FALSE;external;;;Tallqvist;;No;;Akkadische Götterepitheta;;;;auto-extracted from references;;1938;;;
Villard1997_Leducation;;No;FALSE;external;;;Villard;;No;;L’éducation d’Assurbanipal;;;;auto-extracted from references;;1997;;;
Villard1998_KisirAssur;;No;FALSE;external;;;Villard;;No;;Kisir-Aššur et la bibliothèque de Ninive. Nouvelles assyriologiques brèves et utilitaires;;;;auto-extracted from references;;1998;;;
Warnock1991_Thewoodoft;;No;FALSE;external;;;Warnock;;No;;The wood of the Uluburun diptych;;;;auto-extracted from references;;1991;;;
Weidner1941_Dieastrolo;;No;FALSE;external;;;Weidner;;No;;Die astrologische Serie Enūma Anu Enlil;;;;auto-extracted from references;;1941;;;
Wiseman1955_Assyrianwr;;No;FALSE;external;;;Wiseman;;No;;Assyrian writing-boards;;;;auto-extracted from references;;1955;;;
Woodington1982_AGrammarof;;No;FALSE;external;;;Woodington;;No;;A Grammar of the Neo-Babylonian Letters of the Kuyunjik Collection;;;;auto-extracted from references;;1982;;;
Wunsch2000_DasEgibiAr;;No;FALSE;external;;;Wunsch;;No;;Das Egibi-Archiv;;;;auto-extracted from references;;2000;;;
Wunsch2003_Urkundenzu;;No;FALSE;external;;;Wunsch;;No;;Urkunden zum Ehe-, Vermögens- und Erbrecht aus verschiedenen neubabylonischen Archiven;;;;auto-extracted from references;;2003;;;
Attinger1993_Elementsde;;No;FALSE;external;;;Attinger;;No;;Éléments de linguistique sumérienne: La construction de du /e/di « dire »;;;;auto-extracted from references;;1993;;;
Attinger2005_AproposdeA;;No;FALSE;external;;;Attinger;;No;;À propos de AK « faire »;;;;auto-extracted from references;;2005;;;
Civil1964_AHymntothe;;No;FALSE;external;;;Civil;;No;;A Hymn to the Beer Goddess and a Drinking Song;;;;auto-extracted from references;;1964;;;
Civil1987_FeedingDum;;No;FALSE;external;;;Civil;;No;;Feeding Dumuzi’s Sheep: The Lexicon as a Source of Literary Inspiration;;;;auto-extracted from references;;1987;;;
Civil1998_BilingualT;;No;FALSE;external;;;Civil;;No;;Bilingual Teaching;;;;auto-extracted from references;;1998;;;
Civil2006_TheSongoft;;No;FALSE;external;;;Civil;;No;;The Song of the Millstone;;;;auto-extracted from references;;2006;;;
Delnero2010_SumerianLi;;No;FALSE;external;;;Delnero;;No;;Sumerian Literary Catalogs and the Scribal Curriculum;;;;auto-extracted from references;;2010;;;
George1993_NinurtaPaq;;No;FALSE;external;;;George;;No;;Ninurta-Pāqidāt’s Dog Bite, and Notes on Other Comic Tales;;;;auto-extracted from references;;1993;;;
Gibson1998_NippurBArc;;No;FALSE;external;;;Gibson;;No;;Nippur, B. Archäologisch;;;;auto-extracted from references;;1998;;;
Jagersma2010_ADescripti;;No;FALSE;external;;;Jagersma;;No;;A Descriptive Grammar of Sumerian;;;;auto-extracted from references;;2010;;;
Kleinerman2011_Educationi;;No;FALSE;external;;;Kleinerman;;No;;Education in Early 2nd Millennium BC Babylonia;;;;auto-extracted from references;;2011;;;
Krebernik1998_Ninlil;;No;FALSE;external;;;Krebernik;;No;;Ninlil;;;;auto-extracted from references;;1998;;;
Michalowski1998_Literature;;No;FALSE;external;;;Michalowski;;No;;Literature as a Source of Lexical Inspiration;;;;auto-extracted from references;;1998;;;
Michalowski1998_Nisaba;;No;FALSE;external;;;Michalowski;;No;;Nisaba;;;;auto-extracted from references;;1998;;;
Rubio2004_EarlySumer;;No;FALSE;external;;;Rubio;;No;;Early Sumerian Literature: Enumerating the Whole;;;;auto-extracted from references;;2004;;;
Sallaberger1993_Derkultisc;;No;FALSE;external;;;Sallaberger;;No;;Der kultische Kalender der Ur III-Zeit;;;;auto-extracted from references;;1993;;;
Sjoberg1972_ACommemora;;No;FALSE;external;;;Sjöberg;;No;;A Commemorative Inscription of King Šūsîn;;;;auto-extracted from references;;1972;;;
Sladek1974_InannasDes;;No;FALSE;external;;;Sladek;;No;;Inanna’s Descent to the Netherworld;;;;auto-extracted from references;;1974;;;
Snell1982_Ledgersand;;No;FALSE;external;;;Snell;;No;;Ledgers and Prices: Early Mesopotamian Merchant Accounts;;;;auto-extracted from references;;1982;;;
Steinkeller1989_SaleDocume;;No;FALSE;external;;;Steinkeller;;No;;Sale Documents of the Ur III Period;;;;auto-extracted from references;;1989;;;
Stol1979_OnTreesMou;;No;FALSE;external;;;Stol;;No;;On Trees, Mountains, and Millstones in the Ancient Near East;;;;auto-extracted from references;;1979;;;
Vanstiphout1997_SchoolDial;;No;FALSE;external;;;Vanstiphout;;No;;School Dialogues;;;;auto-extracted from references;;1997;;;
Volk1995_InannaundS;;No;FALSE;external;;;Volk;;No;;Inanna und Šukaletuda;;;;auto-extracted from references;;1995;;;
Wilcke1969_DasLugalba;;No;FALSE;external;;;Wilcke;;No;;Das Lugalbandaepos;;;;auto-extracted from references;;1969;;;
Arnaud2003_Prolegomen;;No;FALSE;external;;;Arnaud;;No;;Prolégomènes à la rédaction d’une histoire d’Ougarit III. Ougarit et Tukulti-Ninurta;;;;auto-extracted from references;;2003;;;
Beckman1996_HittiteDip;;No;FALSE;external;;;Beckman;;No;;Hittite Diplomatic Texts;;;;auto-extracted from references;;1996;;;
Bell2012_TheMerchan;;No;FALSE;external;;;Bell;;No;;The Merchants of Ugarit: Oligarchs of the Late Bronze Age Trade in Metals?;;;;auto-extracted from references;;2012;;;
Bhabha2006_TheLocatio;;No;FALSE;external;;;Bhabha;;No;;The Location of Culture;;;;auto-extracted from references;;2006;;;
Castle1992_Shippingan;;No;FALSE;external;;;Castle;;No;;Shipping and Trade in Ramesside Egypt;;;;auto-extracted from references;;1992;;;
Cohen2004_KidinGulaT;;No;FALSE;external;;;Cohen;;No;;Kidin-Gula: The Foreign Teacher at the Emar Scribal School;;;;auto-extracted from references;;2004;;;
Cohen2013_Wisdomfrom;;No;FALSE;external;;;Cohen;;No;;Wisdom from the Late Bronze Age;;;;auto-extracted from references;;2013;;;
Cohen2017_AnAssyrian;;No;FALSE;external;;;Cohen;;No;;An Assyrian Teacher at Ugarit? A New Reading of the Colophon of Šima Milka;;;;auto-extracted from references;;2017;;;
Cohen2006_ALateSynch;;No;FALSE;external;;;Cohen;;No;;A Late Synchronism between Ugarit and Emar;;;;auto-extracted from references;;2006;;;
Courtois1990_Yabninuetl;;No;FALSE;external;;;Courtois;;No;;Yabninu et le palais sud d’Ougarit;;;;auto-extracted from references;;1990;;;
Delnero2015_Introducti;;No;FALSE;external;;;Delnero;;No;;Introduction: Reassembling the Social from Texts and Contexts;;;;auto-extracted from references;;2015;;;
Fenollos1994_Elcomercio;;No;FALSE;external;;;Fenollós;;No;;El comercio del estaño en el Próximo Oriente Antiguo;;;;auto-extracted from references;;1994;;;
Freu2006_Histoirepo;;No;FALSE;external;;;Freu;;No;;Histoire politique du royaume d’Ugarit;;;;auto-extracted from references;;2006;;;
Kessler2014_NeueTontaf;;No;FALSE;external;;;Kessler;;No;;Neue Tontafelfunde aus dem mitannizeitlichen Taidu – Ein Vorbericht;;;;auto-extracted from references;;2014;;;
Lackenbacher1991_Lettresetf;;No;FALSE;external;;;Lackenbacher;;No;;Lettres et fragments;;;;auto-extracted from references;;1991;;;
Lion2015_Remarquess;;No;FALSE;external;;;Lion;;No;;Remarques sur les tablettes scolaires de Nuzi;;;;auto-extracted from references;;2015;;;
Liverani1990_Relaciones;;No;FALSE;external;;;Liverani;;No;;Relaciones internacionales en el Próximo Oriente antiguo, 1600–1100 a.C;;;;auto-extracted from references;;1990;;;
Liverani2017_AssiriaLap;;No;FALSE;external;;;Liverani;;No;;Assiria: La preistoria dell’imperialismo;;;;auto-extracted from references;;2017;;;
Malbran-Labat2007_UrtenuUrTe;;No;FALSE;external;;;Malbran-Labat;;No;;Urtenu – Ur Teššub;;;;auto-extracted from references;;2007;;;
Rowe2006_TheRoyalDe;;No;FALSE;external;;;Rowe;;No;;The Royal Deeds of Ugarit;;;;auto-extracted from references;;2006;;;
Matoian2013_Lamaisondi;;No;FALSE;external;;;Matoïan;;No;;La maison dite ‘de Rashap’abu’;;;;auto-extracted from references;;2013;;;
McGeough2015_WhatIsNoti;;No;FALSE;external;;;McGeough;;No;;‘What Is Not in My House You Must Give Me.’;;;;auto-extracted from references;;2015;;;
Mountfort2009_ScalesofFa;;No;FALSE;external;;;Mountfort;;No;;Scales of Fate;;;;auto-extracted from references;;2009;;;
Moran1992_TheAmarnaL;;No;FALSE;external;;;Moran;;No;;The Amarna Letters;;;;auto-extracted from references;;1992;;;
Niedorf2008_Diemittelb;;No;FALSE;external;;;Niedorf;;No;;Die mittelbabylonischen Rechtsurkunden aus Alalah;;;;auto-extracted from references;;2008;;;
Pongratz-Leisten2015_Religionan;;No;FALSE;external;;;Pongratz-Leisten;;No;;Religion and Ideology in Assyria;;;;auto-extracted from references;;2015;;;
Pruzsinszky2015_EmarsRolei;;No;FALSE;external;;;Pruzsinszky;;No;;Emar’s Role in Transregional Trade;;;;auto-extracted from references;;2015;;;
Ragioneri2000_TheAmarnaA;;No;FALSE;external;;;Ragioneri;;No;;The Amarna Age;;;;auto-extracted from references;;2000;;;
Roche-Hawley2013_ScribesHou;;No;FALSE;external;;;Roche-Hawley;;No;;Scribes, Houses and Neighbourhoods at Ugarit;;;;auto-extracted from references;;2013;;;
Roche-Hawley2013_AnEssayonS;;No;FALSE;external;;;Roche-Hawley;;No;;An Essay on Scribal Families;;;;auto-extracted from references;;2013;;;
Roche-Hawley2016_TheScribal;;No;FALSE;external;;;Roche-Hawley;;No;;The Scribal Culture at Ugarit;;;;auto-extracted from references;;2016;;;
Schortman1998_CultureCon;;No;FALSE;external;;;Schortman;;No;;Culture Contact: Structure and Process;;;;auto-extracted from references;;1998;;;
Solans2015_Lospoderes;;No;FALSE;external;;;Solans;;No;;Los poderes colectivos en la Siria del Bronce Final;;;;auto-extracted from references;;2015;;;
Stein2002_FromPassiv;;No;FALSE;external;;;Stein;;No;;From Passive Periphery to Active Agents;;;;auto-extracted from references;;2002;;;
Mieroop2007_TheEastern;;No;FALSE;external;;;Mieroop;;No;;The Eastern Mediterranean in the Age of Ramesses II;;;;auto-extracted from references;;2007;;;
Mieroop2013_RecentTren;;No;FALSE;external;;;Mieroop;;No;;Recent Trends in the Study of Ancient Near Eastern History;;;;auto-extracted from references;;2013;;;
Mieroop2016_Philosophy;;No;FALSE;external;;;Mieroop;;No;;Philosophy before the Greeks;;;;auto-extracted from references;;2016;;;
Mieroop2016_ABabylonia;;No;FALSE;external;;;Mieroop;;No;;A Babylonian Cosmopolis;;;;auto-extracted from references;;2016;;;
Soldt1999_TheSyllabi;;No;FALSE;external;;;Soldt;;No;;The Syllabic Akkadian Texts;;;;auto-extracted from references;;1999;;;
Soldt2000_PrivateArc;;No;FALSE;external;;;Soldt;;No;;Private Archives at Ugarit;;;;auto-extracted from references;;2000;;;
Soldt2001_NahisSalmu;;No;FALSE;external;;;Soldt;;No;;Nahiš-Šalmu;;;;auto-extracted from references;;2001;;;
Soldt2012_ThePalaeog;;No;FALSE;external;;;Soldt;;No;;The Palaeography of Two Ugaritic Archives;;;;auto-extracted from references;;2012;;;
Soldt2015_CraftsandC;;No;FALSE;external;;;Soldt;;No;;Crafts and Craftsmen at Ugarit;;;;auto-extracted from references;;2015;;;
Veldhuis2012_Domesticiz;;No;FALSE;external;;;Veldhuis;;No;;Domesticizing Babylonian Scribal Culture in Assyria;;;;auto-extracted from references;;2012;;;
Veldhuis2014_Intellectu;;No;FALSE;external;;;Veldhuis;;No;;Intellectual History and Assyriology;;;;auto-extracted from references;;2014;;;
Vermaak2009_Relationsb;;No;FALSE;external;;;Vermaak;;No;;Relations between Babylonia and the Levant during the Kassite Period;;;;auto-extracted from references;;2009;;;
Viano2016_TheRecepti;;No;FALSE;external;;;Viano;;No;;The Reception of Sumerian Literature in the Western Periphery;;;;auto-extracted from references;;2016;;;
Welsch1999_Transcultu;;No;FALSE;external;;;Welsch;;No;;Transculturality;;;;auto-extracted from references;;1999;;;
Wiggermann2008_ABabylonia;;No;FALSE;external;;;Wiggermann;;No;;A Babylonian Scholar in Assur;;;;auto-extracted from references;;2008;;;
Zaccagnini1983_Patternsof;;No;FALSE;external;;;Zaccagnini;;No;;Patterns of Mobility among Ancient Near Eastern Craftsmen;;;;auto-extracted from references;;1983;;;
Yon1997_LacitedOug;;No;FALSE;external;;;Yon;;No;;La cité d’Ougarit sur le Tell de Ras Shamra;;;;auto-extracted from references;;1997;;;
Alster1992_Interactio;;No;FALSE;external;;;Alster;;No;;Interaction of Oral and Written Poetry in Early Mesopotamian Literature;;;;auto-extracted from references;;1992;;;
Black1992_SomeStruct;;No;FALSE;external;;;Black;;No;;Some Structural Features of Sumerian Narrative Poetry;;;;auto-extracted from references;;1992;;;
Cavigneaux1982_Schultexte;;No;FALSE;external;;;Cavigneaux;;No;;Schultexte aus Warka;;;;auto-extracted from references;;1982;;;
Civil1979_EaAnaquAaA;;No;FALSE;external;;;Civil;;No;;Ea A = nâqu, Aa A = nâqu, with Their Forerunners and Related Texts;;;;auto-extracted from references;;1979;;;
Civil1992_Educationi;;No;FALSE;external;;;Civil;;No;;Education in Mesopotamia;;;;auto-extracted from references;;1992;;;
Cooper1973_Sumerianan;;No;FALSE;external;;;Cooper;;No;;Sumerian and Akkadian in Sumer and Akkad;;;;auto-extracted from references;;1973;;;
George1991_Babylonian;;No;FALSE;external;;;George;;No;;Babylonian Texts from the Folios of Sidney Smith, Part Two: Prognostic and Diagnostic Omens;;;;auto-extracted from references;;1991;;;
George1993_Ninurtapaq;;No;FALSE;external;;;George;;No;;Ninurta-pāqidāt’s Dog Bite, and Notes on Other Comic Tales;;;;auto-extracted from references;;1993;;;
Jacobsen1953_ReviewofUr;;No;FALSE;external;;;Jacobsen;;No;;Review of Ur Excavations Texts III, by L;;;;auto-extracted from references;;1953;;;
Klein1981_TheRoyalHy;;No;FALSE;external;;;Klein;;No;;The Royal Hymns of Shulgi King of Ur: Man’s Quest for Immortal Fame;;;;auto-extracted from references;;1981;;;
Klein1981_ThreeSulgi;;No;FALSE;external;;;Klein;;No;;Three Šulgi Hymns;;;;auto-extracted from references;;1981;;;
Kraus1973_Vommesopot;;No;FALSE;external;;;Kraus;;No;;Vom mesopotamischen Menschen der altbabylonischen Zeit und seiner Welt;;;;auto-extracted from references;;1973;;;
Lambert1957_AncestorsA;;No;FALSE;external;;;Lambert;;No;;Ancestors, Authors and Canonicity;;;;auto-extracted from references;;1957;;;
Landsberger1958_ScribalCon;;No;FALSE;external;;;Landsberger;;No;;Scribal Concepts of Education;;;;auto-extracted from references;;1958;;;
Ludwig1990_Untersuchu;;No;FALSE;external;;;Ludwig;;No;;Untersuchungen zu den Hymnen des Išme-Dagan von Isin;;;;auto-extracted from references;;1990;;;
Nissen1993_TheEducati;;No;FALSE;external;;;Nissen;;No;;The Education and Profession of the Scribe;;;;auto-extracted from references;;1993;;;
Oelsner1982_Spatachame;;No;FALSE;external;;;Oelsner;;No;;Spätachämenidische Texte aus Nippur;;;;auto-extracted from references;;1982;;;
Sjoberg1993_CBS11319An;;No;FALSE;external;;;Sjöberg;;No;;CBS 11319+: An Old Babylonian Schooltext from Nippur;;;;auto-extracted from references;;1993;;;
Tanret1981_Lapprentis;;No;FALSE;external;;;Tanret;;No;;L’apprentissage de l’écriture à Sippar Amnanum à la fin de la période paléo-babylonienne;;;;auto-extracted from references;;1981;;;
Tanret1982_Lestablett;;No;FALSE;external;;;Tanret;;No;;Les tablettes ‘scolaires’ découvertes à Tell ed-Dēr;;;;auto-extracted from references;;1982;;;
Volk1996_Methodenal;;No;FALSE;external;;;Volk;;No;;Methoden altmesopotamischer Erziehung nach Quellen der altbabylonischen Zeit;;;;auto-extracted from references;;1996;;;
Waetzoldt1986_Keilschrif;;No;FALSE;external;;;Waetzoldt;;No;;Keilschrift und Schulen in Mesopotamien und Ebla;;;;auto-extracted from references;;1986;;;
Waetzoldt1989_DerSchreib;;No;FALSE;external;;;Waetzoldt;;No;;Der Schreiber als Lehrer in Mesopotamien;;;;auto-extracted from references;;1989;;;
Wilcke1987_DieInschri;;No;FALSE;external;;;Wilcke;;No;;Die Inschriftenfunde der 7. und 8. Kampagnen (1983–1984;;;;auto-extracted from references;;1987;;;
Adamwhite2001_LateHittit;;No;FALSE;external;;;Adamwhite;;No;;Late Hittite Emar: The Chronology, Synchronisms, and Socio-Political Aspects of a Late Bronze Age Fortress Town;;;;auto-extracted from references;;2001;;;
Al-Maqdissi2010_Rapportpre;;No;FALSE;external;;;Al-Maqdissi;;No;;Rapport préliminaire sur les activités de la mission syro-française de Ras Shamra-Ougarit en 2007 et 2008 (67e et 68e campagnes;;;;auto-extracted from references;;2010;;;
Al-Maqdissi2008_Laceramiqu;;No;FALSE;external;;;Al-Maqdissi;;No;;La céramique découverte par C. Schaeffer dans le Palais royal d’Ougarit: remarques générales;;;;auto-extracted from references;;2008;;;
Alster1976_TheInstruc;;No;FALSE;external;;;Alster;;No;;The Instructions of Šuruppak;;;;auto-extracted from references;;1976;;;
Arnaud1986_EmarRecher;;No;FALSE;external;;;Arnaud;;No;;Emar: Recherches au pays d’Aštata. Textes sumériens et accadiens 6;;;;auto-extracted from references;;1986;;;
Bachvarova2016_FromHittit;;No;FALSE;external;;;Bachvarova;;No;;From Hittite to Homer: The Anatolian Background of Ancient Greek Epic;;;;auto-extracted from references;;2016;;;
Barsacchi2019_Consideraz;;No;FALSE;external;;;Barsacchi;;No;;Considerazioni sui culti ittiti connessi al ciclo lunare;;;;auto-extracted from references;;2019;;;
Barsacchi2019_Distributi;;No;FALSE;external;;;Barsacchi;;No;;Distribution and Consumption of Food in Hittite Festivals: The Social and Economic Role of Religious Commensality as Reflected by Hittite Sources;;;;auto-extracted from references;;2019;;;
Belnap2008_FilletsofF;;No;FALSE;external;;;Belnap;;No;;Fillets of Fatling and Goblets of Gold: The Use of Meal Events in the Ritual Imagery in the Ugaritic Mythological and Epic Texts;;;;auto-extracted from references;;2008;;;
Benedikt1979_ToTakeHold;;No;FALSE;external;;;Benedikt;;No;;To Take Hold of Space: Isovists and Isovist Fields;;;;auto-extracted from references;;1979;;;
Besnier2009_Gossipandt;;No;FALSE;external;;;Besnier;;No;;Gossip and the Everyday Production of Politics;;;;auto-extracted from references;;2009;;;
Black2006_Literature;;No;FALSE;external;;;Black;;No;;Literature of Ancient Sumer;;;;auto-extracted from references;;2006;;;
Bonfil2007_ThePalaceo;;No;FALSE;external;;;Bonfil;;No;;The Palace of the Upper City of Hazor as an Expression of a Syrian Architectural Paradigm;;;;auto-extracted from references;;2007;;;
Boyes2019_Negotiatin;;No;FALSE;external;;;Boyes;;No;;Negotiating Imperialism and Resistance in Late Bronze Age Ugarit: The Rise of Alphabetic Cuneiform;;;;auto-extracted from references;;2019;;;
Branting2007_UsinganUrb;;No;FALSE;external;;;Branting;;No;;Using an Urban Street Network and a PGIS-T Approach to Analyze Ancient Movement;;;;auto-extracted from references;;2007;;;
Branting2010_Simulating;;No;FALSE;external;;;Branting;;No;;Simulating Movement, Communication and Flows of Knowledge at Kerkenes Dağ;;;;auto-extracted from references;;2010;;;
Bretschneider1999_GibalaTheF;;No;FALSE;external;;;Bretschneider;;No;;Gibala: The First Two Excavations;;;;auto-extracted from references;;1999;;;
Browning2005_EffectsofO;;No;FALSE;external;;;Browning;;No;;Effects of Obesity and Sex on the Energetic Cost and Preferred Speed of Walking;;;;auto-extracted from references;;2005;;;
Bunnens1980_Pouvoirslo;;No;FALSE;external;;;Bunnens;;No;;Pouvoirs locaux et pouvoirs dissidents en Syrie au IIe millénaire avant notre ère;;;;auto-extracted from references;;1980;;;
Callot1986_Laregionno;;No;FALSE;external;;;Callot;;No;;La région nord du Palais Royal d’Ougarit;;;;auto-extracted from references;;1986;;;
Callot1987_Leshuileri;;No;FALSE;external;;;Callot;;No;;Les huileries du Bronze Récent à Ougarit: premiers éléments pour une étude;;;;auto-extracted from references;;1987;;;
Callot1994_Latranchee;;No;FALSE;external;;;Callot;;No;;La tranchée ‘Ville Sud’. Étude d’architecture domestique;;;;auto-extracted from references;;1994;;;
Callot2011_LesSanctua;;No;FALSE;external;;;Callot;;No;;Les Sanctuaires de l’Acropole d’Ougarit: les Temples de Baal et de Dagan;;;;auto-extracted from references;;2011;;;
Callot2013_Lebatiment;;No;FALSE;external;;;Callot;;No;;Le bâtiment ‘au trône’, un nouveau sanctuaire à Ougarit?;;;;auto-extracted from references;;2013;;;
Callot2000_Ruesetplac;;No;FALSE;external;;;Callot;;No;;Rues et places à Ougarit au Bronze récent;;;;auto-extracted from references;;2000;;;
Callot2001_LeBatiment;;No;FALSE;external;;;Callot;;No;;Le ‘Bâtiment au Vase de Pierre’ du ‘Quartier Résidentiel’ d’Ougarit;;;;auto-extracted from references;;2001;;;
Calvet1981_Installati;;No;FALSE;external;;;Calvet;;No;;Installations hydrauliques d’Ugarit;;;;auto-extracted from references;;1981;;;
Cecchini2000_Unbatiment;;No;FALSE;external;;;Cecchini;;No;;Un bâtiment mystérieux sur l’acropole de Tell Afis;;;;auto-extracted from references;;2000;;;
Gilibert2002_Architects;;No;FALSE;external;;;Gilibert;;No;;Architect’s Data;;;;auto-extracted from references;;2002;;;
Glatz2011_LandscapeM;;No;FALSE;external;;;Glatz;;No;;Landscape Monuments and Political Competition in Late Bronze Age Anatolia: An Investigation of Costly Signaling Theory;;;;auto-extracted from references;;2011;;;
Grannis1998_TheImporta;;No;FALSE;external;;;Grannis;;No;;The Importance of Trivial Streets: Residential Streets and Residential Segregation;;;;auto-extracted from references;;1998;;;
Groddek2010_Die10Tafel;;No;FALSE;external;;;Groddek;;No;;Die 10. Tafel des ḫišuwa-Festes;;;;auto-extracted from references;;2010;;;
Haas1994_Geschichte;;No;FALSE;external;;;Haas;;No;;Geschichte der hethitischen Religion;;;;auto-extracted from references;;1994;;;
Halayqa2010_TheDemiseo;;No;FALSE;external;;;Halayqa;;No;;The Demise of Ugarit in the Light of Its Connections with Ḫatti;;;;auto-extracted from references;;2010;;;
Hawley2015_TheScribal;;No;FALSE;external;;;Hawley;;No;;The Scribal Culture of Ugarit;;;;auto-extracted from references;;2015;;;
Hawley2013_TheScribet;;No;FALSE;external;;;Hawley;;No;;The Scribe ṯab,ilu as Attested in the Epigraphic Finds from the 5th Season of Excavations at Ras Shamra;;;;auto-extracted from references;;2013;;;
Haydar2013_Rapportpre;;No;FALSE;external;;;Haydar;;No;;Rapport préliminaire sur les activités de la Mission Archéologique Syro-Française de Ras Shamra-Ougarit en 2009 et 2010;;;;auto-extracted from references;;2013;;;
Heltzer1976_TheRuralCo;;No;FALSE;external;;;Heltzer;;No;;The Rural Community in Ancient Ugarit;;;;auto-extracted from references;;1976;;;
Heltzer1999_TheEconomy;;No;FALSE;external;;;Heltzer;;No;;The Economy of Ugarit;;;;auto-extracted from references;;1999;;;
Hermary1981_AmathonteI;;No;FALSE;external;;;Hermary;;No;;Amathonte II. Testimonia 2: Les sculptures découvertes avant 1975;;;;auto-extracted from references;;1981;;;
Hermary1989_Catalogued;;No;FALSE;external;;;Hermary;;No;;Catalogue des antiquités de Chypre: Sculptures;;;;auto-extracted from references;;1989;;;
Herrmann2018_UrbanOrgan;;No;FALSE;external;;;Herrmann;;No;;Urban Organization under Empire: Iron Age Sam’al (Zincirli, Turkey) from Royal to Provincial Capital;;;;auto-extracted from references;;2018;;;
Herrmann2018_Cosmopolit;;No;FALSE;external;;;Herrmann;;No;;Cosmopolitan Politics in the Neo-Assyrian Empire: Local Elite Identity at Zincirli-Sam’al;;;;auto-extracted from references;;2018;;;
Hillier1984_TheSocialL;;No;FALSE;external;;;Hillier;;No;;The Social Logic of Space;;;;auto-extracted from references;;1984;;;
Hillier1999_SpaceIsthe;;No;FALSE;external;;;Hillier;;No;;Space Is the Machine: A Configurational Theory of Architecture;;;;auto-extracted from references;;1999;;;
Holscher1999_Offentlich;;No;FALSE;external;;;Hölscher;;No;;Öffentliche Räume in frühen griechischen Städten;;;;auto-extracted from references;;1999;;;
Hubbard2018_Introducti;;No;FALSE;external;;;Hubbard;;No;;Introduction: Streetlife – The Shifting Sociologies of the Street;;;;auto-extracted from references;;2018;;;
Hunter1990_Gossipandt;;No;FALSE;external;;;Hunter;;No;;Gossip and the Politics of Reputation in Classical Athens;;;;auto-extracted from references;;1990;;;
Ingold2004_Cultureont;;No;FALSE;external;;;Ingold;;No;;Culture on the Ground: The World Perceived through the Feet;;;;auto-extracted from references;;2004;;;
Johnston2017_TheDistrib;;No;FALSE;external;;;Johnston;;No;;The Distributional Approach and Imperfect Data Sets: An Examination of Market Exchange at Ugarit;;;;auto-extracted from references;;2017;;;
Kaniewski2011_TheSeaPeop;;No;FALSE;external;;;Kaniewski;;No;;The Sea Peoples, from Cuneiform Tablets to Carbon Dating;;;;auto-extracted from references;;2011;;;
Kendall1975_Warfareand;;No;FALSE;external;;;Kendall;;No;;Warfare and Military Matters in the Nuzi Tablets;;;;auto-extracted from references;;1975;;;
Knapp2013_TheArchaeo;;No;FALSE;external;;;Knapp;;No;;The Archaeology of Cyprus: From Earliest Prehistory through the Bronze Age;;;;auto-extracted from references;;2013;;;
Koitabashi1992_TheDeifica;;No;FALSE;external;;;Koitabashi;;No;;The Deification of the ‘Lyre’ in Ancient Ugarit;;;;auto-extracted from references;;1992;;;
Kontolaimos2013_LateBronze;;No;FALSE;external;;;Kontolaimos;;No;;Late Bronze Age Mediterranean Urbanism and Depth Map Software: The Cases of Ugarit (Syria) and Enkomi (Cyprus;;;;auto-extracted from references;;2013;;;
Kuhne2016_TheImpacto;;No;FALSE;external;;;Kühne;;No;;The Impact of Earthquakes on Middle Assyrian Tell Sheikh Hamad;;;;auto-extracted from references;;2016;;;
Unknown2002_DieHethite;;No;FALSE;external;;;Unknown;;No;;Die Hethiter und ihr Reich – Das Volk der 1000 Götter;;;;auto-extracted from references;;2002;;;
Lagarce1974_Lechantier;;No;FALSE;external;;;Lagarce;;No;;Le chantier de la ‘Maison aux Albâtres’;;;;auto-extracted from references;;1974;;;
Lambert1987_Lugaltilla;;No;FALSE;external;;;Lambert;;No;;Lugal-tilla;;;;auto-extracted from references;;1987;;;
Lange2012_FoodandLib;;No;FALSE;external;;;Lange;;No;;Food and Libation Offerings for the Royal Dead in Ugarit;;;;auto-extracted from references;;2012;;;
Laurence1994_RumourandC;;No;FALSE;external;;;Laurence;;No;;Rumour and Communication in Roman Politics;;;;auto-extracted from references;;1994;;;
Lavan2016_Cosmopolit;;No;FALSE;external;;;Lavan;;No;;Cosmopolitan Politics: The Assimilation and Subordination of Elite Cultures;;;;auto-extracted from references;;2016;;;
Leontidou2020_Mediterran;;No;FALSE;external;;;Leontidou;;No;;Mediterranean City;;;;auto-extracted from references;;2020;;;
Lev-Tov2007_ExaminingF;;No;FALSE;external;;;Lev-Tov;;No;;Examining Feasting in Late Bronze Age Syro-Palestine through Ancient Texts and Bones;;;;auto-extracted from references;;2007;;;
Levy2014_AFreshLook;;No;FALSE;external;;;Levy;;No;;A Fresh Look at the Baal-Zaphon Stele;;;;auto-extracted from references;;2014;;;
Levy2018_AFreshLook;;No;FALSE;external;;;Levy;;No;;A Fresh Look at the Mekal Stela;;;;auto-extracted from references;;2018;;;
Lipinski1988_TheSocioec;;No;FALSE;external;;;Lipiński;;No;;The Socio-economic Condition of the Clergy in the Kingdom of Ugarit;;;;auto-extracted from references;;1988;;;
Matoian2013_LaMaisondi;;No;FALSE;external;;;Matoïan;;No;;La Maison dite ‘de Rashapabou’: Inventaire des objets découverts lors de la fouille de l’édifice et essai d’interprétation;;;;auto-extracted from references;;2013;;;
Matoian2013_Duvinpourl;;No;FALSE;external;;;Matoïan;;No;;Du vin pour le délice de l’assoiffé;;;;auto-extracted from references;;2013;;;
Litke1998_AReconstru;;No;FALSE;external;;;Litke;;No;;A Reconstruction of the Assyro-Babylonian God-Lists, An: dA-nu-um and An: Anu šá amēli;;;;auto-extracted from references;;1998;;;
Liverani1979_RasShamraI;;No;FALSE;external;;;Liverani;;No;;Ras Shamra. II: Histoire;;;;auto-extracted from references;;1979;;;
Liverani1989_EconomyofU;;No;FALSE;external;;;Liverani;;No;;Economy of Ugaritic Royal Farms;;;;auto-extracted from references;;1989;;;
Liverani2004_OltrelaBib;;No;FALSE;external;;;Liverani;;No;;Oltre la Bibbia;;;;auto-extracted from references;;2004;;;
Loretz2005_WeihenlySu;;No;FALSE;external;;;Loretz;;No;;‘Weihen’ (ʿly S) und pgr, Ochsen und Gegenständen in KTU 6.13, 6.14 und 6.62;;;;auto-extracted from references;;2005;;;
Mallet2001_Unemaisona;;No;FALSE;external;;;Mallet;;No;;Une maison au sud du ‘temple aux rhytons’ (fouille 1979–1990;;;;auto-extracted from references;;2001;;;
Manuelli2016_TheKingatt;;No;FALSE;external;;;Manuelli;;No;;The King at the Gate: Monumental Fortifications and the Rise of Local Elites at Arslantepe at the End of the 2nd Millennium BCE;;;;auto-extracted from references;;2016;;;
Margueron1977_RasShamra1;;No;FALSE;external;;;Margueron;;No;;Ras Shamra 1975 et 1976: Rapport préliminaire sur les campagnes d’automne;;;;auto-extracted from references;;1977;;;
Margueron1982_Architectu;;No;FALSE;external;;;Margueron;;No;;Architecture et urbanisme;;;;auto-extracted from references;;1982;;;
Margueron1995_Lepalaisro;;No;FALSE;external;;;Margueron;;No;;Le palais royal d’Ougarit, premiers résultats d’une analyse systématique;;;;auto-extracted from references;;1995;;;
Margueron2013_Citesinvis;;No;FALSE;external;;;Margueron;;No;;Cités invisibles. La naissance de l’urbanisme au Proche-Orient ancien;;;;auto-extracted from references;;2013;;;
Rowe2008_ScribesSag;;No;FALSE;external;;;Rowe;;No;;Scribes, Sages and Seers in Ugarit;;;;auto-extracted from references;;2008;;;
Marshall2004_Streetsand;;No;FALSE;external;;;Marshall;;No;;Streets and Patterns: The Structure of Urban Geometry;;;;auto-extracted from references;;2004;;;
Martin2005_Democracya;;No;FALSE;external;;;Martin;;No;;Democracy and Freedom;;;;auto-extracted from references;;2005;;;
McAnany2018_Approachin;;No;FALSE;external;;;McAnany;;No;;Approaching the Archaeopolitical;;;;auto-extracted from references;;2018;;;
McGeough2003_Locatingth;;No;FALSE;external;;;McGeough;;No;;Locating the marzihu Archaeologically;;;;auto-extracted from references;;2003;;;
McGeough2007_ExchangeRe;;No;FALSE;external;;;McGeough;;No;;Exchange Relationships at Ugarit;;;;auto-extracted from references;;2007;;;
McGregor2007_MeatandOff;;No;FALSE;external;;;McGregor;;No;;Meat and Offal Yields of Goats;;;;auto-extracted from references;;2007;;;
Meier1988_TheMesseng;;No;FALSE;external;;;Meier;;No;;The Messenger in the Ancient Semitic World;;;;auto-extracted from references;;1988;;;
Monroe2016_Measurefor;;No;FALSE;external;;;Monroe;;No;;‘Measure for Measure’: Connecting Text to Material through Late Bronze Age Shipping Jars;;;;auto-extracted from references;;2016;;;
Morris2015_EgyptUgari;;No;FALSE;external;;;Morris;;No;;Egypt, Ugarit, the God Baʿal, and the Puzzle of a Royal Rebuff;;;;auto-extracted from references;;2015;;;
Unknown2013_HouseholdS;;No;FALSE;external;;;Unknown;;No;;Household Studies in Complex Societies: (Micro) Archaeological and Textual Approaches;;;;auto-extracted from references;;2013;;;
Mullins2012_TheLateBro;;No;FALSE;external;;;Mullins;;No;;The Late Bronze Age and Iron Age Temples at Beth-Shean;;;;auto-extracted from references;;2012;;;
Munnich2013_TheGodResh;;No;FALSE;external;;;Münnich;;No;;The God Resheph in the Ancient Near East;;;;auto-extracted from references;;2013;;;
Niehr2011_ZweiStelen;;No;FALSE;external;;;Niehr;;No;;Zwei Stelen mit Weihinschriften aus dem Temenos des El-Tempels;;;;auto-extracted from references;;2011;;;
Niehr2014_Dersanctua;;No;FALSE;external;;;Niehr;;No;;Der sanctuaire aux rhytons in Ugarit;;;;auto-extracted from references;;2014;;;
Niehr2020_DieRitualt;;No;FALSE;external;;;Niehr;;No;;Die Ritualtexte aus Ugarit: Eine Einführung;;;;auto-extracted from references;;2020;;;
Oberhagemann2012_StaticandD;;No;FALSE;external;;;Oberhagemann;;No;;Static and Dynamic Crowd Densities at Major Public Events;;;;auto-extracted from references;;2012;;;
Osborne2014_Settlement;;No;FALSE;external;;;Osborne;;No;;Settlement Planning and Urban Symbology in Syro-Anatolian Cities;;;;auto-extracted from references;;2014;;;
Otto2006_AlltagundG;;No;FALSE;external;;;Otto;;No;;Alltag und Gesellschaft zur Spätbronzezeit: Eine Fallstudie aus Tall Bazi (Syrien;;;;auto-extracted from references;;2006;;;
Otto2012_Archaeolog;;No;FALSE;external;;;Otto;;No;;Archaeological Evidence for Collective Governance along the Upper Syrian Euphrates;;;;auto-extracted from references;;2012;;;
Otto2013_Gotteshaus;;No;FALSE;external;;;Otto;;No;;Gotteshaus und Allerheiligstes in Syrien und Nordmesopotamien;;;;auto-extracted from references;;2013;;;
Otto2014_TheOrganis;;No;FALSE;external;;;Otto;;No;;The Organisation of Residential Space in the Mittani Kingdom;;;;auto-extracted from references;;2014;;;
Palivou2007_TheCosmopo;;No;FALSE;external;;;Palivou;;No;;The Cosmopolitan Harbour Town of Ugarit and the ‘Aegean’ Aspects of Its Domestic Architecture;;;;auto-extracted from references;;2007;;;
Pardee2000_AnimalSacr;;No;FALSE;external;;;Pardee;;No;;Animal Sacrifice at Ugarit;;;;auto-extracted from references;;2000;;;
Pardee2002_RitualandC;;No;FALSE;external;;;Pardee;;No;;Ritual and Cult at Ugarit;;;;auto-extracted from references;;2002;;;
Pritchard1975_SareptaAPr;;No;FALSE;external;;;Pritchard;;No;;Sarepta: A Preliminary Report on the Iron Age;;;;auto-extracted from references;;1975;;;
Pucci2006_EnclosingO;;No;FALSE;external;;;Pucci;;No;;Enclosing Open Spaces: The Organisation of External Areas in Syro-Hittite Architecture;;;;auto-extracted from references;;2006;;;
Pucci2008_Functional;;No;FALSE;external;;;Pucci;;No;;Functional Analysis of Space in Syro-Hittite Architecture;;;;auto-extracted from references;;2008;;;
Rahman2017_EmpiricalI;;No;FALSE;external;;;Rahman;;No;;Empirical Investigation of Trajectories and Desired Walking Velocity of Pedestrian Walking through Angled Corridor;;;;auto-extracted from references;;2017;;;
Rahmstorf2018_OfMiddensa;;No;FALSE;external;;;Rahmstorf;;No;;Of Middens and Markets;;;;auto-extracted from references;;2018;;;
Rapoport1982_TheMeaning;;No;FALSE;external;;;Rapoport;;No;;The Meaning of the Built Environment;;;;auto-extracted from references;;1982;;;
Reba2016_Spatializi;;No;FALSE;external;;;Reba;;No;;Spatializing 6,000 Years of Global Urbanization;;;;auto-extracted from references;;2016;;;
Rendu-Loisel2016_WhenGodsSp;;No;FALSE;external;;;Rendu-Loisel;;No;;When Gods Speak to Men;;;;auto-extracted from references;;2016;;;
Rey2009_LePalaisNo;;No;FALSE;external;;;Rey;;No;;Le Palais Nord d’Ougarit;;;;auto-extracted from references;;2009;;;
Ribichini1991_Problemidi;;No;FALSE;external;;;Ribichini;;No;;Problemi di onomastica ugaritica;;;;auto-extracted from references;;1991;;;
Unknown2015_Mesopotami;;No;FALSE;external;;;Unknown;;No;;Mesopotamia and the Ancient World;;;;auto-extracted from references;;2015;;;
Rutherford2019_GodsoftheM;;No;FALSE;external;;;Rutherford;;No;;Gods of the Market Place;;;;auto-extracted from references;;2019;;;
Rykwert1976_TheIdeaofa;;No;FALSE;external;;;Rykwert;;No;;The Idea of a Town;;;;auto-extracted from references;;1976;;;
Sala2015_EarlyandMi;;No;FALSE;external;;;Sala;;No;;Early and Middle Bronze Age Temples at Byblos;;;;auto-extracted from references;;2015;;;
Sanders2009_TheInventi;;No;FALSE;external;;;Sanders;;No;;The Invention of Hebrew;;;;auto-extracted from references;;2009;;;
Clay2014_TheHittite;;No;FALSE;external;;;Clay;;No;;The Hittite ‘Song of Emergence’ and the Theogony;;;;auto-extracted from references;;2014;;;
Sbeinati2005_TheHistori;;No;FALSE;external;;;Sbeinati;;No;;The Historical Earthquakes of Syria: An Analysis of Large and Moderate Earthquakes from 1365 B.C. to 1900 A.D;;;;auto-extracted from references;;2005;;;
Susnow2020_Houseofthe;;No;FALSE;external;;;Susnow;;No;;House of the Deity: A Perspective from the Bronze Age Southern Levant;;;;auto-extracted from references;;2020;;;
Schachner2011_HattuschaA;;No;FALSE;external;;;Schachner;;No;;Hattuscha: Auf der Suche nach dem sagenhaften Großreich der Hethiter;;;;auto-extracted from references;;2011;;;
Schaeffer1931_Lesfouille;;No;FALSE;external;;;Schaeffer;;No;;Les fouilles de Minet el-Beida et de Ras Shamra. Deuxième campagne (printemps 1930): Rapport sommaire;;;;auto-extracted from references;;1931;;;
Schaeffer1933_Lesfouille;;No;FALSE;external;;;Schaeffer;;No;;Les fouilles de Minet-El-Beida et de Ras-Shamra. Quatrième campagne (printemps 1932): Rapport sommaire;;;;auto-extracted from references;;1933;;;
Schaeffer1937_Lesfouille;;No;FALSE;external;;;Schaeffer;;No;;Les fouilles de Ras Shamra-Ugarit. Huitième campagne (printemps 1936): Rapport sommaire;;;;auto-extracted from references;;1937;;;
Schaeffer1938_Lesfouille;;No;FALSE;external;;;Schaeffer;;No;;Les fouilles de Ras Shamra-Ugarit. Neuvième campagne (printemps 1937): Rapport sommaire;;;;auto-extracted from references;;1938;;;
Schaeffer1949_UgariticaI;;No;FALSE;external;;;Schaeffer;;No;;Ugaritica II;;;;auto-extracted from references;;1949;;;
Schaeffer1956_UgariticaI;;No;FALSE;external;;;Schaeffer;;No;;Ugaritica III;;;;auto-extracted from references;;1956;;;
Schaeffer1962_UgariticaI;;No;FALSE;external;;;Schaeffer;;No;;Ugaritica IV;;;;auto-extracted from references;;1962;;;
Schloen2001_TheHouseof;;No;FALSE;external;;;Schloen;;No;;The House of the Father as Fact and Symbol: Patrimonialism in Ugarit and the Ancient Near East;;;;auto-extracted from references;;2001;;;
Goering2019_MovingandT;;No;FALSE;external;;;Goering;;No;;Moving and Thinking: Kinesthesis and Wisdom in the Book of Proverbs;;;;auto-extracted from references;;2019;;;
Schwartz2013_MemoryandI;;No;FALSE;external;;;Schwartz;;No;;Memory and Its Demolition: Ancestors, Animals and Sacrifice at Umm el-Marra;;;;auto-extracted from references;;2013;;;
Shedletsky1999_TheMSRofth;;No;FALSE;external;;;Shedletsky;;No;;The ‘MŠR’ of the Sons and Daughters of Ugarit (KTU2 1.40;;;;auto-extracted from references;;1999;;;
Shepperson2009_Planningfo;;No;FALSE;external;;;Shepperson;;No;;Planning for the Sun: Urban Forms as a Mesopotamian Response to the Sun;;;;auto-extracted from references;;2009;;;
Tamur2017_StyleEthni;;No;FALSE;external;;;Tamur;;No;;Style, Ethnicity and the Archaeology of the Aramaeans;;;;auto-extracted from references;;2017;;;
Teba2016_AGraphicRe;;No;FALSE;external;;;Teba;;No;;A Graphic Reconstruction Methodology for the Conservation of Cultural Heritage;;;;auto-extracted from references;;2016;;;
Turner1993_Collective;;No;FALSE;external;;;Turner;;No;;Collective Behavior;;;;auto-extracted from references;;1993;;;
Turner2001_FromIsovis;;No;FALSE;external;;;Turner;;No;;From Isovists to Visibility Graphs;;;;auto-extracted from references;;2001;;;
Gelder2020_Protestint;;No;FALSE;external;;;Gelder;;No;;Protest in the Piazza;;;;auto-extracted from references;;2020;;;
Soldt2010_Landholder;;No;FALSE;external;;;Soldt;;No;;Landholders in Administrative Texts;;;;auto-extracted from references;;2010;;;
Soldt2010_TheCityAdm;;No;FALSE;external;;;Soldt;;No;;The City Administration of Ugarit;;;;auto-extracted from references;;2010;;;
Vidal2006_TheOrigins;;No;FALSE;external;;;Vidal;;No;;The Origins of the Last Ugaritic Dynasty;;;;auto-extracted from references;;2006;;;
Vidal2014_OntheDemog;;No;FALSE;external;;;Vidal;;No;;On the Demography of Ugaritian Villages;;;;auto-extracted from references;;2014;;;
Vieweger2012_DieKultaus;;No;FALSE;external;;;Vieweger;;No;;Die Kultausstattung ‘philistäischer’ Heiligtümer in Palästina;;;;auto-extracted from references;;2012;;;
Whitelaw2004_Estimating;;No;FALSE;external;;;Whitelaw;;No;;Estimating the Population of Neopalatial Knossos;;;;auto-extracted from references;;2004;;;
Unknown2012_Organizati;;No;FALSE;external;;;Unknown;;No;;Organization, Representation, and Symbols of Power in the Ancient Near East;;;;auto-extracted from references;;2012;;;
Wirth1997_Kontinuita;;No;FALSE;external;;;Wirth;;No;;Kontinuität und Wandel der orientalischen Stadt;;;;auto-extracted from references;;1997;;;
Wright2002_ATaleofThr;;No;FALSE;external;;;Wright;;No;;A Tale of Three Cities;;;;auto-extracted from references;;2002;;;
Wyatt1998_ReligiousT;;No;FALSE;external;;;Wyatt;;No;;Religious Texts from Ugarit;;;;auto-extracted from references;;1998;;;
Wyatt2005_TheReligio;;No;FALSE;external;;;Wyatt;;No;;The Religious Role of the King in Ugarit;;;;auto-extracted from references;;2005;;;
Wyatt2017_NationalMe;;No;FALSE;external;;;Wyatt;;No;;National Memory, Seismic Activity at Ras Shamra and the Composition of the Baal Cycle;;;;auto-extracted from references;;2017;;;
Wyatt2018_TheBaalauF;;No;FALSE;external;;;Wyatt;;No;;The Baʿal au Foudre Stela and Its Historical Context;;;;auto-extracted from references;;2018;;;
Yasur-Landau2017_CeramicAss;;No;FALSE;external;;;Yasur-Landau;;No;;Ceramic Assemblages of MB and LB Palaces and Temples;;;;auto-extracted from references;;2017;;;
Yener2017_CultandRit;;No;FALSE;external;;;Yener;;No;;Cult and Ritual at Late Bronze Age II Alalakh;;;;auto-extracted from references;;2017;;;
Yon1991_Lesstelesd;;No;FALSE;external;;;Yon;;No;;Les stèles de pierre;;;;auto-extracted from references;;1991;;;
Yon1992_UgaritTheU;;No;FALSE;external;;;Yon;;No;;Ugarit: The Urban Habitat;;;;auto-extracted from references;;1992;;;
Yon1997_LhabitataO;;No;FALSE;external;;;Yon;;No;;L’habitat à Ougarit à la fin du Bronze Récent;;;;auto-extracted from references;;1997;;;
Yoshinobu1970_ExteriorDe;;No;FALSE;external;;;Yoshinobu;;No;;Exterior Design in Architecture;;;;auto-extracted from references;;1970;;;
Zaccagnini1977_PferdeundS;;No;FALSE;external;;;Zaccagnini;;No;;Pferde und Streitwagen in Nuzi;;;;auto-extracted from references;;1977;;;
Zaccagnini1989_Markt;;No;FALSE;external;;;Zaccagnini;;No;;Markt;;;;auto-extracted from references;;1989;;;
Zaccagnini2020_PompandCir;;No;FALSE;external;;;Zaccagnini;;No;;Pomp and Circumstance at Nuzi;;;;auto-extracted from references;;2020;;;
Zamora2000_Lavidyelvi;;No;FALSE;external;;;Zamora;;No;;La vid y el vino en Ugarit;;;;auto-extracted from references;;2000;;;
Zamora2003_Elanforaca;;No;FALSE;external;;;Zamora;;No;;El ‘ánfora cananea’;;;;auto-extracted from references;;2003;;;
Zamora2004_Usodocumen;;No;FALSE;external;;;Zamora;;No;;Uso documental y funcionamiento administrativo en Ugarit;;;;auto-extracted from references;;2004;;;
Zamora2005_LebrieteaO;;No;FALSE;external;;;Zamora;;No;;L’ébriété à Ougarit et la Bible;;;;auto-extracted from references;;2005;;;
Zuckerman2007_Feastingin;;No;FALSE;external;;;Zuckerman;;No;;Feasting in Late Bronze Age Hazor;;;;auto-extracted from references;;2007;;;
Zuckerman2010_TheCityIts;;No;FALSE;external;;;Zuckerman;;No;;The City, Its Gods Will Return There;;;;auto-extracted from references;;2010;;;
Beaulieu2013_AspectsofA;;No;FALSE;external;;;Beaulieu;;No;;Aspects of Aramaic and Babylonian Linguistic Interaction in the First Millennium BC Iraq;;;;auto-extracted from references;;2013;;;
Biggs1967_SemiticNam;;No;FALSE;external;;;Biggs;;No;;Semitic Names in the Fara Period;;;;auto-extracted from references;;1967;;;
Crisostomo2015_LanguageWr;;No;FALSE;external;;;Crisostomo;;No;;Language, Writing, and Ideologies in Contact: Sumerian and Akkadian in the Early Second Millennium BCE;;;;auto-extracted from references;;2015;;;
Ferguson1991_DiglossiaR;;No;FALSE;external;;;Ferguson;;No;;Diglossia Revisited;;;;auto-extracted from references;;1991;;;
Fewster2002_Bilinguali;;No;FALSE;external;;;Fewster;;No;;Bilingualism in Roman Egypt;;;;auto-extracted from references;;2002;;;
Fishman1967_Bilinguali;;No;FALSE;external;;;Fishman;;No;;"Bilingualism With and Without Diglossia; Diglossia With and Without Bilingualism";;;;auto-extracted from references;;1967;;;
Folmer1995_TheAramaic;;No;FALSE;external;;;Folmer;;No;;The Aramaic Language in the Achaemenid Period: A Study in Linguistic Variation;;;;auto-extracted from references;;1995;;;
Galter1995_CuneiformB;;No;FALSE;external;;;Galter;;No;;Cuneiform Bilingual Inscriptions;;;;auto-extracted from references;;1995;;;
Gzella2015_ACulturalH;;No;FALSE;external;;;Gzella;;No;;A Cultural History of Aramaic: From the Beginnings to the Advent of Islam;;;;auto-extracted from references;;2015;;;
Krebernik1998_DieTexteau;;No;FALSE;external;;;Krebernik;;No;;Die Texte aus Fāra und Tell Abū Ṣalābīḫ;;;;auto-extracted from references;;1998;;;
Langslow2002_Approachin;;No;FALSE;external;;;Langslow;;No;;Approaching Bilingualism in Corpus Languages;;;;auto-extracted from references;;2002;;;
Unknown2014_TheAramaea;;No;FALSE;external;;;Unknown;;No;;The Aramaeans in Ancient Syria;;;;auto-extracted from references;;2014;;;
Paulston2000_LanguageRe;;No;FALSE;external;;;Paulston;;No;;Language Repertoire and Diglossia in First-Century Palestine: Some Comments;;;;auto-extracted from references;;2000;;;
Pitard1994_Arameans;;No;FALSE;external;;;Pitard;;No;;Arameans;;;;auto-extracted from references;;1994;;;
Porter2000_TheFunctio;;No;FALSE;external;;;Porter;;No;;The Functional Distribution of Koine Greek in First-Century Palestine;;;;auto-extracted from references;;2000;;;
Rendsburg1990_Diglossiai;;No;FALSE;external;;;Rendsburg;;No;;Diglossia in Ancient Hebrew;;;;auto-extracted from references;;1990;;;
Schendl2014_Multilingu;;No;FALSE;external;;;Schendl;;No;;Multilingualism, Code-Switching, and Language Contact in Historical Sociolinguistics;;;;auto-extracted from references;;2014;;;
Smith2000_TheQuestio;;No;FALSE;external;;;Smith;;No;;The Question of Diglossia in Hebrew;;;;auto-extracted from references;;2000;;;
Spolsky1991_Diglossiai;;No;FALSE;external;;;Spolsky;;No;;Diglossia in Hebrew in the Late Second Temple Period;;;;auto-extracted from references;;1991;;;
Streck2011_Akkadianan;;No;FALSE;external;;;Streck;;No;;Akkadian and Aramaic Language Contact;;;;auto-extracted from references;;2011;;;
Tadmor1987_TheAramaiz;;No;FALSE;external;;;Tadmor;;No;;The Aramaization of Assyria: Aspects of Western Impact;;;;auto-extracted from references;;1987;;;
Taylor2002_Bilinguali;;No;FALSE;external;;;Taylor;;No;;Bilingualism and Diglossia in Late Antique Syria and Mesopotamia;;;;auto-extracted from references;;2002;;;
Vanstiphout1999_TheTwinTon;;No;FALSE;external;;;Vanstiphout;;No;;The Twin Tongues: Theory, Technique, and Practice of Bilingualism in Ancient Mesopotamia;;;;auto-extracted from references;;1999;;;
Versteegh2002_DeadorAliv;;No;FALSE;external;;;Versteegh;;No;;Dead or Alive? The Status of the Standard Language;;;;auto-extracted from references;;2002;;;
Watt2000_TheCurrent;;No;FALSE;external;;;Watt;;No;;The Current Landscape of Diglossia Studies: The Diglossic Continuum in First-Century Palestine;;;;auto-extracted from references;;2000;;;
Weinreich1968_Languagesi;;No;FALSE;external;;;Weinreich;;No;;Languages in Contact: Findings and Problems;;;;auto-extracted from references;;1968;;;
Zolyomi2011_Akkadianan;;No;FALSE;external;;;Zólyomi;;No;;Akkadian and Sumerian Language Contact;;;;auto-extracted from references;;2011;;;
Behrens1993_TemporalRe;;No;FALSE;external;;;Behrens;;No;;Temporal Reference in German Child Language;;;;auto-extracted from references;;1993;;;
Birdsong1992_UltimateAt;;No;FALSE;external;;;Birdsong;;No;;Ultimate Attainment in Second Language Acquisition;;;;auto-extracted from references;;1992;;;
Bowerman1991_Cognition;;No;FALSE;external;;;Bowerman;;No;;Cognition;;;;auto-extracted from references;;1991;;;
Broeder1988_Processesi;;No;FALSE;external;;;Broeder;;No;;Processes in the Developing Lexicon;;;;auto-extracted from references;;1988;;;
Chomsky1985_Knowledgeo;;No;FALSE;external;;;Chomsky;;No;;Knowledge of Language;;;;auto-extracted from references;;1985;;;
Dietrich1994_Temporalit;;No;FALSE;external;;;Dietrich;;No;;Temporality in Second Language Acquisition;;;;auto-extracted from references;;1994;;;
Unknown1984_FirstLangu;;No;FALSE;external;;;Unknown;;No;;First Language Acquisition;;;;auto-extracted from references;;1984;;;
Unknown1975_Heidelberg;;No;FALSE;external;;;Unknown;;No;;Heidelberger Forschungsprojekt “Pidgin-Deutsch;;;;auto-extracted from references;;1975;;;
Unknown1986_Crosslingu;;No;FALSE;external;;;Unknown;;No;;Crosslinguistic Influence in Second Language Acquisition;;;;auto-extracted from references;;1986;;;
Klein1992_UtteranceS;;No;FALSE;external;;;Klein;;No;;Utterance Structure;;;;auto-extracted from references;;1992;;;
Lamendella1977_GeneralPri;;No;FALSE;external;;;Lamendella;;No;;General Principles of Neurofunctional Organization and Their Manifestation in Primary and Non-Primary Language Acquisition;;;;auto-extracted from references;;1977;;;
Lenneberg1967_Biological;;No;FALSE;external;;;Lenneberg;;No;;Biological Foundations of Language;;;;auto-extracted from references;;1967;;;
Long1990_Maturation;;No;FALSE;external;;;Long;;No;;Maturational Constraints on Language Development;;;;auto-extracted from references;;1990;;;
Neufeld1979_TowardsaTh;;No;FALSE;external;;;Neufeld;;No;;Towards a Theory of Language Learning Ability;;;;auto-extracted from references;;1979;;;
Unknown1993_AdultSecon;;No;FALSE;external;;;Unknown;;No;;Adult Second Language Acquisition;;;;auto-extracted from references;;1993;;;
Pulvermuller1993_Neurobiolo;;No;FALSE;external;;;Pulvermüller;;No;;Neurobiological Mechanisms of Language Acquisition;;;;auto-extracted from references;;1993;;;
Roche1989_Xenolekte;;No;FALSE;external;;;Roche;;No;;Xenolekte;;;;auto-extracted from references;;1989;;;
Schumann1978_ThePidgini;;No;FALSE;external;;;Schumann;;No;;The Pidginization Process;;;;auto-extracted from references;;1978;;;
Unknown1986_TheCrossli;;No;FALSE;external;;;Unknown;;No;;The Crosslinguistic Study of Language Acquisition;;;;auto-extracted from references;;1986;;;
Stutterheim1986_Temporalit;;No;FALSE;external;;;Stutterheim;;No;;Temporalität in der Zweitsprache;;;;auto-extracted from references;;1986;;;
Weist1984_TenseandAs;;No;FALSE;external;;;Weist;;No;;Tense and Aspect;;;;auto-extracted from references;;1984;;;
Unknown1992_Theoretica;;No;FALSE;external;;;Unknown;;No;;Theoretical Issues in Language Acquisition;;;;auto-extracted from references;;1992;;;
Bongenaar1997_TheNeoBaby;;No;FALSE;external;;;Bongenaar;;No;;The Neo-Babylonian Ebabbar Temple at Sippar: Its Administration and Its Prosopography;;;;auto-extracted from references;;1997;;;
Bongenaar2000_Interdepen;;No;FALSE;external;;;Bongenaar;;No;;Interdependency of Institutions and Private Entrepreneurs;;;;auto-extracted from references;;2000;;;
Brown2000_Mesopotami;;No;FALSE;external;;;Brown;;No;;Mesopotamian Planetary Astronomy–Astrology;;;;auto-extracted from references;;2000;;;
Dalley1998_TheLegacyo;;No;FALSE;external;;;Dalley;;No;;The Legacy of Mesopotamia;;;;auto-extracted from references;;1998;;;
Dandamayev1992_WasEannaDe;;No;FALSE;external;;;Dandamayev;;No;;Was Eanna Destroyed by Darius I?;;;;auto-extracted from references;;1992;;;
Dandamayev1993_Xerxesandt;;No;FALSE;external;;;Dandamayev;;No;;Xerxes and the Esagila Temple in Babylon;;;;auto-extracted from references;;1993;;;
Dandamayev1995_AnUnidenti;;No;FALSE;external;;;Dandamayev;;No;;An Unidentified Document from Xerxes’ Reign and the Ebabbara Temple;;;;auto-extracted from references;;1995;;;
Driel1998_TheCareoft;;No;FALSE;external;;;Driel;;No;;The Care of the Elderly: The Neo-Babylonian Period;;;;auto-extracted from references;;1998;;;
Driel1994_Bookkeepin;;No;FALSE;external;;;Driel;;No;;Bookkeeping Practices for an Institutional Herd at Eanna;;;;auto-extracted from references;;1994;;;
Frame1991_NabonidusN;;No;FALSE;external;;;Frame;;No;;Nabonidus, Nabû-šar-uṣur, and the Eanna Temple;;;;auto-extracted from references;;1991;;;
Graziani1986_Itestimeso;;No;FALSE;external;;;Graziani;;No;;I testi mesopotamici datati al regno di Serse;;;;auto-extracted from references;;1986;;;
Hunger1968_Assyrische;;No;FALSE;external;;;Hunger;;No;;Assyrische und babylonische Kolophone;;;;auto-extracted from references;;1968;;;
Joannes1995_Lextinctio;;No;FALSE;external;;;Joannès;;No;;L’extinction des archives cunéiformes dans la seconde partie de l’époque perse;;;;auto-extracted from references;;1995;;;
Jursa1995_DieLandwir;;No;FALSE;external;;;Jursa;;No;;Die Landwirtschaft in Sippar in neubabylonischer Zeit;;;;auto-extracted from references;;1995;;;
Jursa1998_DerTempelz;;No;FALSE;external;;;Jursa;;No;;Der Tempelzehnt in Babylonien vom siebenten bis zum dritten Jahrhundert v;;;;auto-extracted from references;;1998;;;
Jursa1999_DasArchivd;;No;FALSE;external;;;Jursa;;No;;Das Archiv des Bēl-rēmanni;;;;auto-extracted from references;;1999;;;
Kuhrt1987_XerxesDest;;No;FALSE;external;;;Kuhrt;;No;;Xerxes’ Destruction of Babylonian Temples;;;;auto-extracted from references;;1987;;;
Kuhrt1994_TheTransit;;No;FALSE;external;;;Kuhrt;;No;;The Transition from Achaemenid to Seleucid Rule in Babylonia: Revolution or Evolution?;;;;auto-extracted from references;;1994;;;
MacGinnis1991_NeoBabylon;;No;FALSE;external;;;MacGinnis;;No;;Neo-Babylonian Prebend Texts from the British Museum;;;;auto-extracted from references;;1991;;;
MacGinnis1994_TheRoyalEs;;No;FALSE;external;;;MacGinnis;;No;;The Royal Establishment in Sippar in the Sixth Century BC;;;;auto-extracted from references;;1994;;;
MacGinnis1995_LetterOrde;;No;FALSE;external;;;MacGinnis;;No;;Letter Orders from Sippar and the Administration of the Ebabbara in the Late Babylonian Period;;;;auto-extracted from references;;1995;;;
MacGinnis1996_Lettersfro;;No;FALSE;external;;;MacGinnis;;No;;Letters from the Neo-Babylonian Ebabbara;;;;auto-extracted from references;;1996;;;
MacGinnis1998_Orderingth;;No;FALSE;external;;;MacGinnis;;No;;Ordering the House of Šamaš: Management Texts from the Neo-Babylonian Ebabbara;;;;auto-extracted from references;;1998;;;
MacGinnis1999_Additional;;No;FALSE;external;;;MacGinnis;;No;;Additional Prebend Texts from the British Museum;;;;auto-extracted from references;;1999;;;
Maul1999_Gottesdien;;No;FALSE;external;;;Maul;;No;;Gottesdienst im Sonnenheiligtum zu Sippar;;;;auto-extracted from references;;1999;;;
Millard1964_AnotherBab;;No;FALSE;external;;;Millard;;No;;Another Babylonian Chronicle Text;;;;auto-extracted from references;;1964;;;
Nemet-Nejat2000_AnAdminist;;No;FALSE;external;;;Nemet-Nejat;;No;;An Administrative Text about Writing Boards (557 B.C.E;;;;auto-extracted from references;;2000;;;
Neve1991_DieAusgrab;;No;FALSE;external;;;Neve;;No;;Die Ausgrabungen in Boğazköy-Hattuša 1990;;;;auto-extracted from references;;1991;;;
Oelsner1971_WarNippurS;;No;FALSE;external;;;Oelsner;;No;;War Nippur Sitz einer spätbabylonischen Astronomenschule?;;;;auto-extracted from references;;1971;;;
Oelsner1986_Materialie;;No;FALSE;external;;;Oelsner;;No;;Materialien zur Gesellschaft und Kultur in hellenistischer Zeit;;;;auto-extracted from references;;1986;;;
Oelsner1992_ReviewofCa;;No;FALSE;external;;;Oelsner;;No;;Review of Catalogue of the Babylonian Tablets in the British Museum;;;;auto-extracted from references;;1992;;;
Oelsner1999_ReviewofMa;;No;FALSE;external;;;Oelsner;;No;;Review of MacGinnis, Letter Orders from Sippar;;;;auto-extracted from references;;1999;;;
Parpola1983_AssyrianLi;;No;FALSE;external;;;Parpola;;No;;Assyrian Library Records;;;;auto-extracted from references;;1983;;;
Payton1991_TheUluburu;;No;FALSE;external;;;Payton;;No;;The Uluburun Writing-Board Set;;;;auto-extracted from references;;1991;;;
Radner1999_Einneuassy;;No;FALSE;external;;;Radner;;No;;Ein neuassyrisches Privatarchiv der Tempelgoldschmiede von Assur;;;;auto-extracted from references;;1999;;;
Reade1986_RassamsBab;;No;FALSE;external;;;Reade;;No;;Rassam’s Babylonian Collections: The Excavations and the Archives;;;;auto-extracted from references;;1986;;;
Sachs1988_Astronomic;;No;FALSE;external;;;Sachs;;No;;Astronomical Diaries and Related Texts from Babylonia I: Diaries from 652–262 BC;;;;auto-extracted from references;;1988;;;
Stolper1989_Registrati;;No;FALSE;external;;;Stolper;;No;;Registration and Taxation of Slave Sales in Achaemenid Babylonia;;;;auto-extracted from references;;1989;;;
Stolper1993_LateAchaem;;No;FALSE;external;;;Stolper;;No;;Late Achaemenid, Early Macedonian, and Early Seleucid Records of Sale, Deposits and Related Texts;;;;auto-extracted from references;;1993;;;
Stolper1994_OnSomeAspe;;No;FALSE;external;;;Stolper;;No;;On Some Aspects of Continuity between Achaemenid and Hellenistic Babylonian Legal Texts;;;;auto-extracted from references;;1994;;;
Stolper1998_ReviewofJu;;No;FALSE;external;;;Stolper;;No;;Review of Jursa, Die Landwirtschaft in Sippar in neubabylonischer Zeit;;;;auto-extracted from references;;1998;;;
Spek1992_NippurSipp;;No;FALSE;external;;;Spek;;No;;Nippur, Sippar and Larsa in the Hellenistic Period;;;;auto-extracted from references;;1992;;;
Warnock1991_TheWoodoft;;No;FALSE;external;;;Warnock;;No;;The Wood of the Uluburun Diptych;;;;auto-extracted from references;;1991;;;
Weszeli1997_EseleienII;;No;FALSE;external;;;Weszeli;;No;;Eseleien II;;;;auto-extracted from references;;1997;;;
Wiseman1995_Nebuchadre;;No;FALSE;external;;;Wiseman;;No;;Nebuchadrezzar and Babylon;;;;auto-extracted from references;;1995;;;
Adams1972_TheUrukCou;;No;FALSE;external;;;Adams;;No;;The Uruk Countryside: The Natural Setting of Urban Societies;;;;auto-extracted from references;;1972;;;
Algaze1983_PrivateHou;;No;FALSE;external;;;Algaze;;No;;Private Houses and Graves at Ingharra: A Reconsideration;;;;auto-extracted from references;;1983;;;
Andrae1903_Ausgrabung;;No;FALSE;external;;;Andrae;;No;;Ausgrabungen in Fara und Abu Hatab;;;;auto-extracted from references;;1903;;;
Charvat1979_EarlyUr;;No;FALSE;external;;;Charvát;;No;;Early Ur;;;;auto-extracted from references;;1979;;;
Charvat1982_EarlyUrWar;;No;FALSE;external;;;Charvát;;No;;Early Ur? War Chiefs and Kings of Early Dynastic III;;;;auto-extracted from references;;1982;;;
Charvat1986_TheNameAnz;;No;FALSE;external;;;Charvát;;No;;The Name Anzu-dŠulpae in the Texts from Fara;;;;auto-extracted from references;;1986;;;
Charvat1988_Archaeolog;;No;FALSE;external;;;Charvát;;No;;Archaeology and Social History: The Susa Sealings, ca. 4000–2340 B.C;;;;auto-extracted from references;;1988;;;
Curvers1990_Excavation;;No;FALSE;external;;;Curvers;;No;;Excavations at Tell al-Riqāʿī: A Small Rural Site of Early Urban Northern Mesopotamia;;;;auto-extracted from references;;1990;;;
Delougaz1942_PreSargoni;;No;FALSE;external;;;Delougaz;;No;;Pre-Sargonid Temples in the Diyala Region;;;;auto-extracted from references;;1942;;;
Diakonoff1963_TheCommune;;No;FALSE;external;;;Diakonoff;;No;;The Commune in the Ancient Near East as Treated in the Works of Soviet Researchers;;;;auto-extracted from references;;1963;;;
Edzard1979_DieArchive;;No;FALSE;external;;;Edzard;;No;;Die Archive von Šuruppag (Fara): Umfang und Grenzen der Auswertbarkeit;;;;auto-extracted from references;;1979;;;
Fiandra1975_Ancoraapro;;No;FALSE;external;;;Fiandra;;No;;Ancora a proposito delle cretule di Festòs;;;;auto-extracted from references;;1975;;;
Foster1981_ANewLookat;;No;FALSE;external;;;Foster;;No;;A New Look at the Sumerian Temple State;;;;auto-extracted from references;;1981;;;
Unknown1981_Preliminar;;No;FALSE;external;;;Unknown;;No;;Preliminary Report of Excavations at Gubba and Songor;;;;auto-extracted from references;;1981;;;
Gelb1979_Householda;;No;FALSE;external;;;Gelb;;No;;Household and Family in Early Mesopotamia;;;;auto-extracted from references;;1979;;;
Unknown1981_UchTepeITe;;No;FALSE;external;;;Unknown;;No;;Uch Tepe I: Tell Razuk, Tell Ahmed al-Mughir, Tell Ajamat;;;;auto-extracted from references;;1981;;;
Hansen1973_AlHiba1970;;No;FALSE;external;;;Hansen;;No;;Al-Hiba, 1970–1971: A Preliminary Report;;;;auto-extracted from references;;1973;;;
Heinrich1931_FaraErgebn;;No;FALSE;external;;;Heinrich;;No;;Fara: Ergebnisse der Ausgrabungen der Deutschen Orient-Gesellschaft in Fara und Abu Hatab 1902/03;;;;auto-extracted from references;;1931;;;
Henrickson1981_NonReligio;;No;FALSE;external;;;Henrickson;;No;;Non-Religious Residential Settlement Patterning in the Late Early Dynastic of the Diyala Region;;;;auto-extracted from references;;1981;;;
Jacobsen1957_EarlyPolit;;No;FALSE;external;;;Jacobsen;;No;;Early Political Development in Mesopotamia;;;;auto-extracted from references;;1957;;;
Legrain1936_UrExcavati;;No;FALSE;external;;;Legrain;;No;;Ur Excavations III: Archaic Seal Impressions;;;;auto-extracted from references;;1936;;;
Madhlum1960_TheExcavat;;No;FALSE;external;;;Madhlum;;No;;The Excavations at Tell al-Wilayah;;;;auto-extracted from references;;1960;;;
Maekawa1973_TheDevelop;;No;FALSE;external;;;Maekawa;;No;;The Development of the É-MI in Lagash during Early Dynastic III;;;;auto-extracted from references;;1973;;;
Margueron1982_Recherches;;No;FALSE;external;;;Margueron;;No;;Recherches sur les palais mésopotamiens de l’âge du bronze;;;;auto-extracted from references;;1982;;;
Martin1975_TheTablets;;No;FALSE;external;;;Martin;;No;;The Tablets of Shuruppak;;;;auto-extracted from references;;1975;;;
Martin1988_FaraARecon;;No;FALSE;external;;;Martin;;No;;Fara: A Reconstruction of the Ancient Mesopotamian City of Shuruppak;;;;auto-extracted from references;;1988;;;
Matthews1989_ClaySealin;;No;FALSE;external;;;Matthews;;No;;Clay Sealings in Early Dynastic Mesopotamia: A Functional and Contextual Approach;;;;auto-extracted from references;;1989;;;
Matthews1990_Excavation;;No;FALSE;external;;;Matthews;;No;;Excavations at Jemdet Nasr, 1989;;;;auto-extracted from references;;1990;;;
Matthews0_AbuSalabik;;No;FALSE;external;;;Matthews;;No;;Abu Salabikh Ash Tip Sealings: Functional and Contextual Analyses;;;;auto-extracted from references;;0000;;;
Moorey1964_ThePlanoCo;;No;FALSE;external;;;Moorey;;No;;The ‘Plano-Convex Building’ at Kish and Early Mesopotamian Palaces;;;;auto-extracted from references;;1964;;;
Moorey1978_KishExcava;;No;FALSE;external;;;Moorey;;No;;Kish Excavations 1923–1933;;;;auto-extracted from references;;1978;;;
Nissen1987_TheUrbanRe;;No;FALSE;external;;;Nissen;;No;;The Urban Revolution of Mesopotamia Reconsidered;;;;auto-extracted from references;;1987;;;
Pomponio1983_Archivesan;;No;FALSE;external;;;Pomponio;;No;;‘Archives’ and the Prosopography of Fara;;;;auto-extracted from references;;1983;;;
Postgate1980_Excavation;;No;FALSE;external;;;Postgate;;No;;Excavations at Abu Salabikh, 1978–79;;;;auto-extracted from references;;1980;;;
Postgate1990_Excavation;;No;FALSE;external;;;Postgate;;No;;Excavations at Abu Salabikh, 1988–89;;;;auto-extracted from references;;1990;;;
Powell1973_ReviewofCu;;No;FALSE;external;;;Powell;;No;;Review of Cuneiform Texts from Babylonian Tablets in the British Museum L, by Edmond Sollberger;;;;auto-extracted from references;;1973;;;
Rathje1977_NewTricksf;;No;FALSE;external;;;Rathje;;No;;New Tricks for Old Seals: A Progress Report;;;;auto-extracted from references;;1977;;;
Roaf1982_TheHamrinS;;No;FALSE;external;;;Roaf;;No;;The Hamrin Sites;;;;auto-extracted from references;;1982;;;
Roaf1989_SocialOrga;;No;FALSE;external;;;Roaf;;No;;Social Organization and Social Activities at Tell Madhhur;;;;auto-extracted from references;;1989;;;
Safar1981_Eridu;;No;FALSE;external;;;Safar;;No;;Eridu;;;;auto-extracted from references;;1981;;;
Schmidt1931_Excavation;;No;FALSE;external;;;Schmidt;;No;;Excavations at Fara, 1931;;;;auto-extracted from references;;1931;;;
Wilson1986_NippurTheD;;No;FALSE;external;;;Wilson;;No;;Nippur: The Definition of a Mesopotamian Jamdat Nasr Assemblage;;;;auto-extracted from references;;1986;;;
Wright1969_TheAdminis;;No;FALSE;external;;;Wright;;No;;The Administration of Rural Production in an Early Mesopotamian Town;;;;auto-extracted from references;;1969;;;
Yamamoto1980_TheAgricul;;No;FALSE;external;;;Yamamoto;;No;;The ‘Agricultural Year’ in Pre-Sargonic Girsu-Lagash (II;;;;auto-extracted from references;;1980;;;
Yamamoto1981_TheLuKUR6d;;No;FALSE;external;;;Yamamoto;;No;;The Lú-KUR6-dab5-ba People in the É-mí-šèd-ba in Pre-Sargonic Lagash;;;;auto-extracted from references;;1981;;;
Zettler1987_Sealingsas;;No;FALSE;external;;;Zettler;;No;;Sealings as Artifacts of Institutional Administration in Ancient Mesopotamia;;;;auto-extracted from references;;1987;;;
Adams1981_Heartlando;;No;FALSE;external;;;Adams;;No;;Heartland of Cities: Surveys of Ancient Settlement and Land Use on the Central Floodplain of the Euphrates;;;;auto-extracted from references;;1981;;;
Adams2006_Shepherdsa;;No;FALSE;external;;;Adams;;No;;Shepherds at Umma in the Third Dynasty of Ur: Interlocutors with a World beyond the Scribal Field of Ordered Vision;;;;auto-extracted from references;;2006;;;
Adams2008_AnInterdis;;No;FALSE;external;;;Adams;;No;;An Interdisciplinary Overview of a Mesopotamian City and its Hinterlands;;;;auto-extracted from references;;2008;;;
Akinnaso1992_SchoolingL;;No;FALSE;external;;;Akinnaso;;No;;Schooling, Language, and Knowledge in Literate and Nonliterate Societies;;;;auto-extracted from references;;1992;;;
Bauml1980_Varietiesa;;No;FALSE;external;;;Bäuml;;No;;Varieties and Consequences of Medieval Literacy and Illiteracy;;;;auto-extracted from references;;1980;;;
Cavalli-Sforza1981_CulturalTr;;No;FALSE;external;;;Cavalli-Sforza;;No;;Cultural Transmission and Evolution: A Quantitative Approach;;;;auto-extracted from references;;1981;;;
Charpin2009_SchreiberS;;No;FALSE;external;;;Charpin;;No;;Schreiber (Scribe) B. Altbabylonisch;;;;auto-extracted from references;;2009;;;
Civil1969_TheSeriesl;;No;FALSE;external;;;Civil;;No;;The Series lú = ša and Related Texts;;;;auto-extracted from references;;1969;;;
Civil1977_Lexicograp;;No;FALSE;external;;;Civil;;No;;Lexicography;;;;auto-extracted from references;;1977;;;
Civil1979_EanaquAaAn;;No;FALSE;external;;;Civil;;No;;Ea = nâqu, Aa A = nâqu, with Their Forerunners and Related Texts;;;;auto-extracted from references;;1979;;;
Civil2009_TheMesopot;;No;FALSE;external;;;Civil;;No;;The Mesopotamian Lexical Lists: Authors and Commentators;;;;auto-extracted from references;;2009;;;
Collins1996_Socializat;;No;FALSE;external;;;Collins;;No;;Socialization to Text: Structure and Contradiction in Schooled Literacy;;;;auto-extracted from references;;1996;;;
Clifford1984_BookandRea;;No;FALSE;external;;;Clifford;;No;;Book and Reading: Historical Perspectives on Literacy and Schooling;;;;auto-extracted from references;;1984;;;
Cig1959_Zweialtbab;;No;FALSE;external;;;Çiğ;;No;;Zwei altbabylonische Schulbücher aus Nippur;;;;auto-extracted from references;;1959;;;
Dalley2009_Babylonian;;No;FALSE;external;;;Dalley;;No;;Babylonian Tablets from the First Sealand Dynasty in the Schøyen Collection;;;;auto-extracted from references;;2009;;;
Dobbert1984_CulturalTr;;No;FALSE;external;;;Dobbert;;No;;Cultural Transmission in Three Societies;;;;auto-extracted from references;;1984;;;
Finkel1999_OnSomeDogS;;No;FALSE;external;;;Finkel;;No;;On Some Dog, Snake and Scorpion Incantations;;;;auto-extracted from references;;1999;;;
Friberg2009_AGeometric;;No;FALSE;external;;;Friberg;;No;;A Geometric Algorithm;;;;auto-extracted from references;;2009;;;
Friedrich1989_LanguageId;;No;FALSE;external;;;Friedrich;;No;;Language, Ideology, and Political Economy;;;;auto-extracted from references;;1989;;;
Gladwin1970_EastIsaBig;;No;FALSE;external;;;Gladwin;;No;;East Is a Big Bird;;;;auto-extracted from references;;1970;;;
Glassner2009_Ecriredesl;;No;FALSE;external;;;Glassner;;No;;Écrire des livres à l’époque paléo-babylonienne;;;;auto-extracted from references;;2009;;;
Krecher1966_Sumerische;;No;FALSE;external;;;Krecher;;No;;Sumerische Kultlyrik;;;;auto-extracted from references;;1966;;;
Landsberger1955_Remarksont;;No;FALSE;external;;;Landsberger;;No;;Remarks on the Archive of the Soldier Ubarum;;;;auto-extracted from references;;1955;;;
Lewy1938_NotesonPre;;No;FALSE;external;;;Lewy;;No;;Notes on Pre-Hurrian Texts from Nuzi;;;;auto-extracted from references;;1938;;;
Lion2005_Quelqueste;;No;FALSE;external;;;Lion;;No;;Quelques textes scolaires paléobabyloniens;;;;auto-extracted from references;;2005;;;
Unknown1995_Authoritya;;No;FALSE;external;;;Unknown;;No;;Authority and Orality in the Mahāyāna;;;;auto-extracted from references;;1995;;;
Lotman1978_OntheSemio;;No;FALSE;external;;;Lotman;;No;;On the Semiotic Mechanism of Culture;;;;auto-extracted from references;;1978;;;
Lozada2006_CulturalTr;;No;FALSE;external;;;Lozada;;No;;Cultural Transmission of Ethnobotanical Knowledge;;;;auto-extracted from references;;2006;;;
Ludwig2009_Literarisc;;No;FALSE;external;;;Ludwig;;No;;Literarische Texte aus Ur;;;;auto-extracted from references;;2009;;;
Michalowski1983_ReviewofBr;;No;FALSE;external;;;Michalowski;;No;;Review of Briefe aus dem Iraq Museum;;;;auto-extracted from references;;1983;;;
Michalowski1987_Charismaan;;No;FALSE;external;;;Michalowski;;No;;Charisma and Control;;;;auto-extracted from references;;1987;;;
Michalowski1993_TheEarlyMe;;No;FALSE;external;;;Michalowski;;No;;The Early Mesopotamian Incantation Tradition;;;;auto-extracted from references;;1993;;;
Michalowski1996_Mesopotami;;No;FALSE;external;;;Michalowski;;No;;Mesopotamian Cuneiform: Origins;;;;auto-extracted from references;;1996;;;
Michalowski2006_TheLivesof;;No;FALSE;external;;;Michalowski;;No;;The Lives of the Sumerian Language;;;;auto-extracted from references;;2006;;;
Michalowski2009_Observatio;;No;FALSE;external;;;Michalowski;;No;;Observations on Divination and Extispicy in Early Mesopotamia;;;;auto-extracted from references;;2009;;;
Michalowski2011_TheCorresp;;No;FALSE;external;;;Michalowski;;No;;The Correspondence of the Kings of Ur;;;;auto-extracted from references;;2011;;;
Ohgama2010_ScribalSch;;No;FALSE;external;;;Ohgama;;No;;Scribal Schooling in Old Babylonian Kish;;;;auto-extracted from references;;2010;;;
Ong1959_LatinLangu;;No;FALSE;external;;;Ong;;No;;Latin Language Study as a Renaissance Puberty Rite;;;;auto-extracted from references;;1959;;;
Oppenheim1984_AncientMes;;No;FALSE;external;;;Oppenheim;;No;;Ancient Mesopotamia: A Portrait of a Dead Civilization;;;;auto-extracted from references;;1984;;;
Peterson2011_ThePersona;;No;FALSE;external;;;Peterson;;No;;The Personal Name Lists;;;;auto-extracted from references;;2011;;;
Richter2004_Untersuchu;;No;FALSE;external;;;Richter;;No;;Untersuchungen zu den lokalen Panthea... Münster;;;;auto-extracted from references;;2004;;;
Risager2006_Languagean;;No;FALSE;external;;;Risager;;No;;Language and Culture;;;;auto-extracted from references;;2006;;;
Rubio2006_Sulgiandth;;No;FALSE;external;;;Rubio;;No;;Šulgi and the Death of Sumerian;;;;auto-extracted from references;;2006;;;
Scheil1902_Unesaisond;;No;FALSE;external;;;Scheil;;No;;Une saison de fouilles à Sippar;;;;auto-extracted from references;;1902;;;
Seri2012_TheHouseof;;No;FALSE;external;;;Seri;;No;;The House of Prisoners;;;;auto-extracted from references;;2012;;;
Stol2004_Wirtschaft;;No;FALSE;external;;;Stol;;No;;Wirtschaft und Gesellschaft in altbabylonischer Zeit;;;;auto-extracted from references;;2004;;;
Tanret2010_TheExercis;;No;FALSE;external;;;Tanret;;No;;The Exercise Tablets from Chantier B in Susa Revisited;;;;auto-extracted from references;;2010;;;
Thureau-Dangin1914_Fragmentsd;;No;FALSE;external;;;Thureau-Dangin;;No;;Fragments des hymnes;;;;auto-extracted from references;;1914;;;
Tinney2011_TabletsofS;;No;FALSE;external;;;Tinney;;No;;Tablets of Schools and Scholars;;;;auto-extracted from references;;2011;;;
Veenhof2008_TheOldAssy;;No;FALSE;external;;;Veenhof;;No;;The Old Assyrian Period;;;;auto-extracted from references;;2008;;;
Veldhuis1999_Continuity;;No;FALSE;external;;;Veldhuis;;No;;Continuity and Change in the Mesopotamian Lexical Tradition;;;;auto-extracted from references;;1999;;;
Veldhuis2006_HowtoClass;;No;FALSE;external;;;Veldhuis;;No;;How to Classify Pigs;;;;auto-extracted from references;;2006;;;
Waetzoldt2009_SchreiberA;;No;FALSE;external;;;Waetzoldt;;No;;Schreiber. A. Im 3. Jahrtausend;;;;auto-extracted from references;;2009;;;
Waetzoldt2009_Schule;;No;FALSE;external;;;Waetzoldt;;No;;Schule;;;;auto-extracted from references;;2009;;;
Walker1980_SomeAssyri;;No;FALSE;external;;;Walker;;No;;Some Assyrians at Sippar in the Old Babylonian Period;;;;auto-extracted from references;;1980;;;
Webster2006_Keepingthe;;No;FALSE;external;;;Webster;;No;;Keeping the Word;;;;auto-extracted from references;;2006;;;
Wilson2008_Educationi;;No;FALSE;external;;;Wilson;;No;;Education in the Earliest Schools;;;;auto-extracted from references;;2008;;;
Woods2006_Bilinguali;;No;FALSE;external;;;Woods;;No;;Bilingualism, Scribal Learning, and the Death of Sumerian;;;;auto-extracted from references;;2006;;;
Biggs1976_Inscriptio;;No;FALSE;external;;;Biggs;;No;;Inscriptions from Al-Hiba–Lagash: The First and Second Seasons;;;;auto-extracted from references;;1976;;;
Brisch2007_Traditiona;;No;FALSE;external;;;Brisch;;No;;Tradition and the Poetics of Innovation: Sumerian Court Literature of the Larsa Dynasty (ca;;;;auto-extracted from references;;2007;;;
Cavigneaux1998_AScholarsL;;No;FALSE;external;;;Cavigneaux;;No;;A Scholar’s Library in Meturan?;;;;auto-extracted from references;;1998;;;
Charpin1990_Lesdivinit;;No;FALSE;external;;;Charpin;;No;;Les divinités familiales des Babyloniens d’après les légendes de leurs sceaux-cylindres;;;;auto-extracted from references;;1990;;;
Civil1989_TheTextsfr;;No;FALSE;external;;;Civil;;No;;The Texts from Meskene-Emar;;;;auto-extracted from references;;1989;;;
Cohen1976_LiteraryTe;;No;FALSE;external;;;Cohen;;No;;Literary Texts from the Andrews University Archaeological Museum;;;;auto-extracted from references;;1976;;;
Edzard1984_HymnenBesc;;No;FALSE;external;;;Edzard;;No;;Hymnen, Beschwörungen und Verwandtes (aus dem Archiv L. 2769;;;;auto-extracted from references;;1984;;;
Edzard2004_Altbabylon;;No;FALSE;external;;;Edzard;;No;;Altbabylonische Literatur und Religion;;;;auto-extracted from references;;2004;;;
Finkel1998_OnSomeDogS;;No;FALSE;external;;;Finkel;;No;;On Some Dog, Snake and Scorpion Incantations;;;;auto-extracted from references;;1998;;;
Gadotti2011_HereIsWhat;;No;FALSE;external;;;Gadotti;;No;;‘Here Is What I Have. Send Me What I Am Missing’: Exchange of Syllabi in Ancient Mesopotamia;;;;auto-extracted from references;;2011;;;
Gadotti2012_Unfulfille;;No;FALSE;external;;;Gadotti;;No;;Unfulfilled Destinies: Yet Again on the Old Babylonian Sumerian Scribal Curriculum;;;;auto-extracted from references;;2012;;;
Geller2003_MusicLesso;;No;FALSE;external;;;Geller;;No;;Music Lessons;;;;auto-extracted from references;;2003;;;
Hall1985_AStudyofth;;No;FALSE;external;;;Hall;;No;;A Study of the Sumerian Moon-God Nanna/Suen;;;;auto-extracted from references;;1985;;;
Hallo1968_Individual;;No;FALSE;external;;;Hallo;;No;;Individual Prayer in Sumerian: The Continuity of a Tradition;;;;auto-extracted from references;;1968;;;
Kammerer1998_simamilhaI;;No;FALSE;external;;;Kämmerer;;No;;simâ milḫa: Induktion und Rezeption der mittelbabylonischen Dichtung von Ugarit, Emar und Tell el-Amarna;;;;auto-extracted from references;;1998;;;
Krebernik1997_ZurInterpr;;No;FALSE;external;;;Krebernik;;No;;Zur Interpretation von ARET 5, 24–26;;;;auto-extracted from references;;1997;;;
Krebernik2004_WorterundS;;No;FALSE;external;;;Krebernik;;No;;Wörter und Sprichwörter: der zweisprachige Schultext HS 1461;;;;auto-extracted from references;;2004;;;
Lohnert2008_Scribesand;;No;FALSE;external;;;Löhnert;;No;;Scribes and Singers of Emesal Lamentations;;;;auto-extracted from references;;2008;;;
Lohnert2011_Manipulati;;No;FALSE;external;;;Löhnert;;No;;Manipulating the Gods: Lamenting in Context;;;;auto-extracted from references;;2011;;;
Marchesi1999_NotesonTwo;;No;FALSE;external;;;Marchesi;;No;;Notes on Two Alleged Literary Texts from Al-Hiba/Lagaš;;;;auto-extracted from references;;1999;;;
Michalowski1980_ANewSumeri;;No;FALSE;external;;;Michalowski;;No;;A New Sumerian Catalogue from Nippur;;;;auto-extracted from references;;1980;;;
Michalowski1991_Incantatio;;No;FALSE;external;;;Michalowski;;No;;Incantation Incipits;;;;auto-extracted from references;;1991;;;
Michalowski2010_LearningMu;;No;FALSE;external;;;Michalowski;;No;;Learning Music: Schooling, Apprenticeship, and Gender in Early Mesopotamia;;;;auto-extracted from references;;2010;;;
Peterson2010_ANewOldBab;;No;FALSE;external;;;Peterson;;No;;A New Old Babylonian Sumerian Literary ‘Catalog’?;;;;auto-extracted from references;;2010;;;
Rubio2003_EarlySumer;;No;FALSE;external;;;Rubio;;No;;Early Sumerian Literature: Enumerating the Whole;;;;auto-extracted from references;;2003;;;
Shehata2009_Musikerund;;No;FALSE;external;;;Shehata;;No;;Musiker und ihr vokales Repertoire;;;;auto-extracted from references;;2009;;;
Sjoberg1960_DerMondgot;;No;FALSE;external;;;Sjöberg;;No;;Der Mondgott Nanna-Suen in der sumerischen Überlieferung;;;;auto-extracted from references;;1960;;;
Sjoberg1972_HeIsaGoodS;;No;FALSE;external;;;Sjöberg;;No;;‘He Is a Good Seed of a Dog’ and ‘Engardu, the Fool.’;;;;auto-extracted from references;;1972;;;
Abrahami2012_Larchivede;;No;FALSE;external;;;Abrahami;;No;;L’archive de Tulpun-naya. Studies on the Civilization and Culture of Nuzi and the Hurrians 19;;;;auto-extracted from references;;2012;;;
Archi2003_ArchivalRe;;No;FALSE;external;;;Archi;;No;;Archival Record-Keeping at Ebla, 2400–2340 BC;;;;auto-extracted from references;;2003;;;
Barjamovic2014_TheSizeofK;;No;FALSE;external;;;Barjamovic;;No;;The Size of Kanesh and the Demography of Early Middle Bronze Age Anatolia;;;;auto-extracted from references;;2014;;;
Unknown2003_Archivesan;;No;FALSE;external;;;Unknown;;No;;Archives and Archival Tradition: Concepts of Record-Keeping in the Ancient World. Oxford Studies in Ancient Documents;;;;auto-extracted from references;;2003;;;
Charpin1985_Lesarchive;;No;FALSE;external;;;Charpin;;No;;Les archives d’époque assyrienne;;;;auto-extracted from references;;1985;;;
Clancier2009_Lesbibliot;;No;FALSE;external;;;Clancier;;No;;Les bibliothèques en Babylonie dans la deuxième moitié du Ier millénaire av;;;;auto-extracted from references;;2009;;;
Dercksen2015_TheArchive;;No;FALSE;external;;;Dercksen;;No;;The Archives of Ali-ahum (I;;;;auto-extracted from references;;2015;;;
Erol2015_TheArchive;;No;FALSE;external;;;Erol;;No;;The Archives of Šu-Ištar son of Aššur-bāni;;;;auto-extracted from references;;2015;;;
Unknown2013_Archivesan;;No;FALSE;external;;;Unknown;;No;;Archives and Archival Documents in Ancient Societies;;;;auto-extracted from references;;2013;;;
Grayson1987_AssyrianRu;;No;FALSE;external;;;Grayson;;No;;Assyrian Rulers of the Third and Second Millennium BC (to 1115 BC;;;;auto-extracted from references;;1987;;;
Gunbatti1998_Kultepeden;;No;FALSE;external;;;Günbattı;;No;;Kültepe’den Akadlı Sargon’a Ait Bir Tablet;;;;auto-extracted from references;;1998;;;
Gunbatti2004_TwoTreatyT;;No;FALSE;external;;;Günbattı;;No;;Two Treaty Texts Found at Kültepe;;;;auto-extracted from references;;2004;;;
Hertel2013_OldAssyria;;No;FALSE;external;;;Hertel;;No;;Old Assyrian Legal Practices;;;;auto-extracted from references;;2013;;;
Hertel2014_TheLowerTo;;No;FALSE;external;;;Hertel;;No;;The Lower Town of Kültepe;;;;auto-extracted from references;;2014;;;
Hockmann2010_GraberundG;;No;FALSE;external;;;Hockmann;;No;;Gräber und Grüfte in Assur I;;;;auto-extracted from references;;2010;;;
Jas2000_OldandNewA;;No;FALSE;external;;;Jas;;No;;Old and New Archives from Nuzi;;;;auto-extracted from references;;2000;;;
Kienast2015_Dasaltassy;;No;FALSE;external;;;Kienast;;No;;Das altassyrische Eherecht;;;;auto-extracted from references;;2015;;;
Kraus1968_Briefeausd;;No;FALSE;external;;;Kraus;;No;;Briefe aus dem Archive des Šamaš-Hazir. Altbabylonische Briefe 4;;;;auto-extracted from references;;1968;;;
Kulakoglu2015_CurrentRes;;No;FALSE;external;;;Kulakoğlu;;No;;Current Research at Kültepe;;;;auto-extracted from references;;2015;;;
Kulakoglu2010_Anadolunun;;No;FALSE;external;;;Kulakoğlu;;No;;Anadolu’nun Önsözü: Kültepe Kaniš-Karumu;;;;auto-extracted from references;;2010;;;
Kulakoglu2015_NewEvidenc;;No;FALSE;external;;;Kulakoğlu;;No;;New Evidence for International Trade in Bronze Age Central Anatolia;;;;auto-extracted from references;;2015;;;
Larsen1977_SealUseint;;No;FALSE;external;;;Larsen;;No;;Seal Use in the Old Assyrian Period;;;;auto-extracted from references;;1977;;;
Larsen2008_Archivesan;;No;FALSE;external;;;Larsen;;No;;Archives and Filing Systems at Kültepe;;;;auto-extracted from references;;2008;;;
Larsen2010_KultepeTab;;No;FALSE;external;;;Larsen;;No;;Kültepe Tabletleri VI-a: The Archive of Šalim-Aššur;;;;auto-extracted from references;;2010;;;
Larsen2013_KultepeTab;;No;FALSE;external;;;Larsen;;No;;Kültepe Tabletleri VI-b: The Archive of Šalim-Aššur;;;;auto-extracted from references;;2013;;;
Larsen2014_KultepeTab;;No;FALSE;external;;;Larsen;;No;;Kültepe Tabletleri VI-c: The Archive of Šalim-Aššur;;;;auto-extracted from references;;2014;;;
Unknown2003_Wiedererst;;No;FALSE;external;;;Unknown;;No;;Wiedererstehendes Assur;;;;auto-extracted from references;;2003;;;
Michel1995_Validiteet;;No;FALSE;external;;;Michel;;No;;Validité et durée de vie des contrats paléo-assyriens;;;;auto-extracted from references;;1995;;;
Michel1998_Quelquesre;;No;FALSE;external;;;Michel;;No;;Quelques réflexions sur les archives récentes de Kültepe;;;;auto-extracted from references;;1998;;;
Michel2000_Leslitiges;;No;FALSE;external;;;Michel;;No;;Les litiges commerciaux paléo-assyriens;;;;auto-extracted from references;;2000;;;
Michel2000_Aproposdun;;No;FALSE;external;;;Michel;;No;;À propos d’un testament paléo-assyrien;;;;auto-extracted from references;;2000;;;
Michel2001_Correspond;;No;FALSE;external;;;Michel;;No;;Correspondance des marchands de Kaniš;;;;auto-extracted from references;;2001;;;
Michel2003_OldAssyria;;No;FALSE;external;;;Michel;;No;;Old Assyrian Bibliography of Cuneiform Texts;;;;auto-extracted from references;;2003;;;
Michel2006_OldAssyria;;No;FALSE;external;;;Michel;;No;;Old Assyrian Bibliography 1;;;;auto-extracted from references;;2006;;;
Michel2008_Lacorrespo;;No;FALSE;external;;;Michel;;No;;La correspondance des marchands assyriens;;;;auto-extracted from references;;2008;;;
Michel2008_TheAlahuma;;No;FALSE;external;;;Michel;;No;;The Alāhum and Aššur-taklāku Archives;;;;auto-extracted from references;;2008;;;
Michel2011_OldAssyria;;No;FALSE;external;;;Michel;;No;;Old Assyrian Bibliography 2;;;;auto-extracted from references;;2011;;;
Michel2011_ThePrivate;;No;FALSE;external;;;Michel;;No;;The Private Archives from Kaneš;;;;auto-extracted from references;;2011;;;
Michel2015_Lorganisat;;No;FALSE;external;;;Michel;;No;;L’organisation du palais de Kaneš;;;;auto-extracted from references;;2015;;;
Michel2015_Womeninthe;;No;FALSE;external;;;Michel;;No;;Women in the Family of Ali-ahum;;;;auto-extracted from references;;2015;;;
Michel2015_OldAssyria;;No;FALSE;external;;;Michel;;No;;Old Assyrian Bibliography 3;;;;auto-extracted from references;;2015;;;
Michel2015_Leslettres;;No;FALSE;external;;;Michel;;No;;Les lettres des rois d’Aššur;;;;auto-extracted from references;;2015;;;
Michel2016_Quelquesre;;No;FALSE;external;;;Michel;;No;;Quelques remarques sur les bullae inscrites;;;;auto-extracted from references;;2016;;;
Michel0_Forthcomin;;No;FALSE;external;;;Michel;;No;;Forthcoming. Women from Aššur and Kaniš. Writings from the Ancient World;;;;auto-extracted from references;;0000;;;
Michel1997_Tablettesp;;No;FALSE;external;;;Michel;;No;;Tablettes paléo-assyriennes de Kültepe I (Kt 90/k;;;;auto-extracted from references;;1997;;;
Ozguc2001_KultepeKan;;No;FALSE;external;;;Özgüç;;No;;Kültepe-Kaniš: Sealed and Inscribed Clay Bullae;;;;auto-extracted from references;;2001;;;
Ozguc1994_ABoatShape;;No;FALSE;external;;;Özgüç;;No;;A Boat-Shaped Cult-Vessel from the Karum of Kanish;;;;auto-extracted from references;;1994;;;
Ozguc1999_ThePalaces;;No;FALSE;external;;;Özgüç;;No;;The Palaces and Temples of Kültepe-Kaniš/Neša;;;;auto-extracted from references;;1999;;;
Ozguc2003_KultepeKan;;No;FALSE;external;;;Özgüç;;No;;Kültepe Kaniš/Neša;;;;auto-extracted from references;;2003;;;
Parpola1986_TheRoyalAr;;No;FALSE;external;;;Parpola;;No;;The Royal Archives of Nineveh;;;;auto-extracted from references;;1986;;;
Pedersen1986_Archivesan;;No;FALSE;external;;;Pedersén;;No;;Archives and Libraries in the City of Assur;;;;auto-extracted from references;;1986;;;
Pedersen1998_Archivesan;;No;FALSE;external;;;Pedersén;;No;;Archives and Libraries in the Ancient Near East 1500–300 BC;;;;auto-extracted from references;;1998;;;
Posner1972_Archivesin;;No;FALSE;external;;;Posner;;No;;Archives in the Ancient World;;;;auto-extracted from references;;1972;;;
Postgate1973_TheGoverno;;No;FALSE;external;;;Postgate;;No;;The Governor’s Palace Archive;;;;auto-extracted from references;;1973;;;
Sallaberger2013_TheManagem;;No;FALSE;external;;;Sallaberger;;No;;The Management of Royal Treasure;;;;auto-extracted from references;;2013;;;
Tanret1991_TheUrUtuAr;;No;FALSE;external;;;Tanret;;No;;The Ur-Utu Archive;;;;auto-extracted from references;;1991;;;
Tessier1994_Sealingand;;No;FALSE;external;;;Tessier;;No;;Sealing and Seals on Texts from Kültepe kārum Level 2;;;;auto-extracted from references;;1994;;;
Veenhof1987_DyingTable;;No;FALSE;external;;;Veenhof;;No;;‘Dying Tablets’ and ‘Hungry Silver’;;;;auto-extracted from references;;1987;;;
Veenhof2003_Archivesof;;No;FALSE;external;;;Veenhof;;No;;Archives of Old Assyrian Traders;;;;auto-extracted from references;;2003;;;
Veenhof2003_TradeandPo;;No;FALSE;external;;;Veenhof;;No;;Trade and Politics in Ancient Assur;;;;auto-extracted from references;;2003;;;
Veenhof2005_Lettersint;;No;FALSE;external;;;Veenhof;;No;;Letters in the Louvre. Altbabylonische Briefe 14;;;;auto-extracted from references;;2005;;;
Veenhof2008_Communicat;;No;FALSE;external;;;Veenhof;;No;;Communication in the Old Assyrian Trading Society;;;;auto-extracted from references;;2008;;;
Veenhof2010_KultepeTab;;No;FALSE;external;;;Veenhof;;No;;Kültepe Tabletleri V: The Archive of Kuliya;;;;auto-extracted from references;;2010;;;
Veenhof2013_TheArchive;;No;FALSE;external;;;Veenhof;;No;;The Archives of Old Assyrian Traders;;;;auto-extracted from references;;2013;;;
Veenhof2013_NewMesopot;;No;FALSE;external;;;Veenhof;;No;;New Mesopotamian Treaties;;;;auto-extracted from references;;2013;;;
Veenhof2015_TheArchive;;No;FALSE;external;;;Veenhof;;No;;The Archive of Elamma son of Iddin-Suen;;;;auto-extracted from references;;2015;;;
Veenhof0_KultepeTab;;No;FALSE;external;;;Veenhof;;No;;Kültepe Tabletleri V: The Archive of Elamma, son of Iddin-Suen;;;;auto-extracted from references;;0000;;;
Bass1987_OldestKnow;;No;FALSE;external;;;Bass;;No;;Oldest Known Shipwreck Reveals Splendors of the Bronze Age;;;;auto-extracted from references;;1987;;;
Dalley1976_TheOldBaby;;No;FALSE;external;;;Dalley;;No;;The Old Babylonian Tablets from Tell al-Rimah;;;;auto-extracted from references;;1976;;;
Hallo1976_WomenofSum;;No;FALSE;external;;;Hallo;;No;;Women of Sumer;;;;auto-extracted from references;;1976;;;
Harris1990_TheFemaleS;;No;FALSE;external;;;Harris;;No;;The Female ‘Sage’ in Mesopotamian Literature (with an Appendix on Egypt;;;;auto-extracted from references;;1990;;;
Kramer1959_HistoryBeg;;No;FALSE;external;;;Kramer;;No;;History Begins at Sumer;;;;auto-extracted from references;;1959;;;
Laessoe1953_Literacyan;;No;FALSE;external;;;Laessøe;;No;;Literacy and Oral Tradition;;;;auto-extracted from references;;1953;;;
Landsberger1954_Babylonian;;No;FALSE;external;;;Landsberger;;No;;Babylonian Scribal Craft and Its Terminology;;;;auto-extracted from references;;1954;;;
Landsberger1960_ScribalCon;;No;FALSE;external;;;Landsberger;;No;;Scribal Concepts of Education;;;;auto-extracted from references;;1960;;;
Livingstone1986_Mysticalan;;No;FALSE;external;;;Livingstone;;No;;Mystical and Mythological Explanatory Works of Assyrian and Babylonian Scholars;;;;auto-extracted from references;;1986;;;
Nemet-Nejat1988_CuneiformM;;No;FALSE;external;;;Nemet-Nejat;;No;;Cuneiform Mathematical Tests as Training for Scribal Professions;;;;auto-extracted from references;;1988;;;
Oppenheim1964_AncientMes;;No;FALSE;external;;;Oppenheim;;No;;Ancient Mesopotamia: Portrait of a Dead Civilization;;;;auto-extracted from references;;1964;;;
Oppenheim1975_TheIntelle;;No;FALSE;external;;;Oppenheim;;No;;The Intellectual in Mesopotamian Society;;;;auto-extracted from references;;1975;;;
Otten1988_DieBronzet;;No;FALSE;external;;;Otten;;No;;Die Bronzetafel aus Boğazköy: Ein Staatsvertrag Tuthalijas IV;;;;auto-extracted from references;;1988;;;
Parpola1971_Lettersfro;;No;FALSE;external;;;Parpola;;No;;Letters from Assyrian Scholars to the Kings Esarhaddon and Assurbanipal;;;;auto-extracted from references;;1971;;;
Rochberg-Halton1984_Canonicity;;No;FALSE;external;;;Rochberg-Halton;;No;;Canonicity in Cuneiform Texts;;;;auto-extracted from references;;1984;;;
Streck1916_Assurbanip;;No;FALSE;external;;;Streck;;No;;Assurbanipal und die letzten assyrischen Könige bis zum Untergang Ninivehs;;;;auto-extracted from references;;1916;;;
Barnett0_TheAssyria;;No;FALSE;external;;;Barnett;;No;;The Assyrian Palace Reliefs and Their Relation to the Sculpture of Babylonia and Persia;;;;auto-extracted from references;;0000;;;
Black1992_GodsDemons;;No;FALSE;external;;;Black;;No;;Gods, Demons and Symbols of Ancient Mesopotamia: An Illustrated Dictionary;;;;auto-extracted from references;;1992;;;
Green1983_NeoAssyria;;No;FALSE;external;;;Green;;No;;Neo-Assyrian Apotropaic Figures;;;;auto-extracted from references;;1983;;;
Maxwell-Hyslop1971_WesternAsi;;No;FALSE;external;;;Maxwell-Hyslop;;No;;Western Asiatic Jewellery c. 3000–612 B.C;;;;auto-extracted from references;;1971;;;
Madhloum1966_Foreword;;No;FALSE;external;;;Madhloum;;No;;Foreword;;;;auto-extracted from references;;1966;;;
Madhloum1968_NinevehThe;;No;FALSE;external;;;Madhloum;;No;;Nineveh: The 1967–1968 Campaign;;;;auto-extracted from references;;1968;;;
Madhloum1969_NinevehThe;;No;FALSE;external;;;Madhloum;;No;;Nineveh: The 1968–1969 Campaign;;;;auto-extracted from references;;1969;;;
Madhloum1972_NinevehHis;;No;FALSE;external;;;Madhloum;;No;;Nineveh. Historical Monuments in Iraq 1;;;;auto-extracted from references;;1972;;;
Madhloum1976_NinevehHis;;No;FALSE;external;;;Madhloum;;No;;Nineveh. Historical Monuments in Iraq 1;;;;auto-extracted from references;;1976;;;
Parker1961_Administra;;No;FALSE;external;;;Parker;;No;;Administrative Tablets from the North-West Palace, Nimrud;;;;auto-extracted from references;;1961;;;
Parpola1970_NeoAssyria;;No;FALSE;external;;;Parpola;;No;;Neo-Assyrian Toponyms. Alter Orient und Altes Testament 6;;;;auto-extracted from references;;1970;;;
Reade2002_TheZiggura;;No;FALSE;external;;;Reade;;No;;The Ziggurat and Temples of Nimrud;;;;auto-extracted from references;;2002;;;
Scott1990_NotesonNin;;No;FALSE;external;;;Scott;;No;;Notes on Nineveh;;;;auto-extracted from references;;1990;;;
Stronach1989_WhenAssyri;;No;FALSE;external;;;Stronach;;No;;When Assyria Fell: New Light on the Last Days of Nineveh;;;;auto-extracted from references;;1989;;;
Stronach1994_VillagetoM;;No;FALSE;external;;;Stronach;;No;;Village to Metropolis: Nineveh and the Beginning of Urbanism in Northern Mesopotamia;;;;auto-extracted from references;;1994;;;
Stronach1997_Notesonthe;;No;FALSE;external;;;Stronach;;No;;Notes on the Fall of Nineveh;;;;auto-extracted from references;;1997;;;
Stronach1992_UCBerkeley;;No;FALSE;external;;;Stronach;;No;;UC Berkeley’s Excavations at Nineveh;;;;auto-extracted from references;;1992;;;
Sulaiman1971_AdabalRafa;;No;FALSE;external;;;Sulaiman;;No;;Adab al-Rafadan;;;;auto-extracted from references;;1971;;;
Thompson1929_ACenturyof;;No;FALSE;external;;;Thompson;;No;;A Century of Exploration at Nineveh;;;;auto-extracted from references;;1929;;;
Wiggermann1992_Mesopotami;;No;FALSE;external;;;Wiggermann;;No;;Mesopotamian Protective Spirits: The Ritual Texts;;;;auto-extracted from references;;1992;;;
Astour1981_Ugaritandt;;No;FALSE;external;;;Astour;;No;;Ugarit and the Great Powers;;;;auto-extracted from references;;1981;;;
Curtis1985_UgaritRasS;;No;FALSE;external;;;Curtis;;No;;Ugarit (Ras Shamra;;;;auto-extracted from references;;1985;;;
Garr1987_APopulatio;;No;FALSE;external;;;Garr;;No;;A Population Estimate of Ancient Ugarit;;;;auto-extracted from references;;1987;;;
Al-Fouadi1979_Lenticular;;No;FALSE;external;;;Al-Fouadi;;No;;Lenticular Exercise School Texts, I (Texts in the Iraq Museum 10/1;;;;auto-extracted from references;;1979;;;
Baqir1951_SomeMoreMa;;No;FALSE;external;;;Baqir;;No;;Some More Mathematical Texts from Tell Harmal;;;;auto-extracted from references;;1951;;;
Bregstein1992_NippurBibl;;No;FALSE;external;;;Bregstein;;No;;Nippur Bibliography;;;;auto-extracted from references;;1992;;;
Duchesne-Guillemin1984_AHurrianMu;;No;FALSE;external;;;Duchesne-Guillemin;;No;;A Hurrian Musical Score from Ugarit: The Discovery of Mesopotamian Music. Sources from the Ancient Near East 2/2;;;;auto-extracted from references;;1984;;;
Friberg1983_OntheBig6P;;No;FALSE;external;;;Friberg;;No;;On the Big 6-Place Tables of Reciprocals and Squares from Seleucid Babylon and Uruk and Their Old Babylonian and Sumerian Predecessors;;;;auto-extracted from references;;1983;;;
Geere1904_ByNileandE;;No;FALSE;external;;;Geere;;No;;By Nile and Euphrates: A Record of Discovery and Adventure;;;;auto-extracted from references;;1904;;;
Gerardi1984_ABibliogra;;No;FALSE;external;;;Gerardi;;No;;A Bibliography of the Tablet Collections of the University Museum;;;;auto-extracted from references;;1984;;;
Goetze1951_AMathemati;;No;FALSE;external;;;Goetze;;No;;A Mathematical Compendium from Tell Harmal;;;;auto-extracted from references;;1951;;;
Gordon1959_SumerianPr;;No;FALSE;external;;;Gordon;;No;;Sumerian Proverbs: Glimpses of Everyday Life in Ancient Mesopotamia;;;;auto-extracted from references;;1959;;;
Hilprecht1903_DieAusgrab;;No;FALSE;external;;;Hilprecht;;No;;Die Ausgrabungen der Universität von Pennsylvania im Bel-Tempel zu Nippur: Ein Vortrag;;;;auto-extracted from references;;1903;;;
Hilprecht1906_Mathematic;;No;FALSE;external;;;Hilprecht;;No;;Mathematical, Metrological and Chronological Tablets from the Temple Library of Nippur;;;;auto-extracted from references;;1906;;;
Hilprecht1908_TheSoCalle;;No;FALSE;external;;;Hilprecht;;No;;The So-Called Peters–Hilprecht Controversy;;;;auto-extracted from references;;1908;;;
Horowitz1993_TheReverse;;No;FALSE;external;;;Horowitz;;No;;The Reverse of the Neo-Assyrian Planisphere CT 33, 11;;;;auto-extracted from references;;1993;;;
Hoyrup1990_Algebraand;;No;FALSE;external;;;Høyrup;;No;;Algebra and Naive Geometry;;;;auto-extracted from references;;1990;;;
Hoyrup1999_TheFinerSt;;No;FALSE;external;;;Høyrup;;No;;The Finer Structure of the Old Babylonian Mathematical Corpus;;;;auto-extracted from references;;1999;;;
Hoyrup0_LengthsWid;;No;FALSE;external;;;Høyrup;;No;;Lengths, Widths, Surfaces: A Portrait of Old Babylonian Algebra and Its Kin;;;;auto-extracted from references;;0000;;;
Kilmer1960_TwoNewList;;No;FALSE;external;;;Kilmer;;No;;Two New Lists of Key Numbers for Mathematical Operations;;;;auto-extracted from references;;1960;;;
Kilmer1980_Leier;;No;FALSE;external;;;Kilmer;;No;;Leier;;;;auto-extracted from references;;1980;;;
Kuklick1996_Puritansin;;No;FALSE;external;;;Kuklick;;No;;Puritans in Babylon: The Ancient Near East and American Intellectual Life, 1880–1930;;;;auto-extracted from references;;1996;;;
Liverani1990_TheShapeof;;No;FALSE;external;;;Liverani;;No;;The Shape of Neo-Sumerian Fields;;;;auto-extracted from references;;1990;;;
McCown1967_NippurITem;;No;FALSE;external;;;McCown;;No;;Nippur I: Temple of Enlil, Scribal Quarter and Soundings;;;;auto-extracted from references;;1967;;;
Muroi1988_Extraction;;No;FALSE;external;;;Muroi;;No;;Extraction of Cube Roots in Babylonian Mathematics;;;;auto-extracted from references;;1988;;;
Myer1992_JosephAndr;;No;FALSE;external;;;Myer;;No;;Joseph Andrew Meyer, Jr.: Architect at Niffer;;;;auto-extracted from references;;1992;;;
Neugebauer1935_Mathematis;;No;FALSE;external;;;Neugebauer;;No;;Mathematische Keilschrift-Texte I–III;;;;auto-extracted from references;;1935;;;
Neugebauer1984_Mathematic;;No;FALSE;external;;;Neugebauer;;No;;Mathematical and Metrological Texts;;;;auto-extracted from references;;1984;;;
Nissen1993_ArchaicBoo;;No;FALSE;external;;;Nissen;;No;;Archaic Bookkeeping;;;;auto-extracted from references;;1993;;;
Peters1897_NippurorEx;;No;FALSE;external;;;Peters;;No;;Nippur, or Explorations and Adventures on the Euphrates;;;;auto-extracted from references;;1897;;;
Powell1987_MasseundGe;;No;FALSE;external;;;Powell;;No;;Maße und Gewichte;;;;auto-extracted from references;;1987;;;
Robson1998_Countingin;;No;FALSE;external;;;Robson;;No;;Counting in Cuneiform;;;;auto-extracted from references;;1998;;;
Rochberg-Halton1983_StellarDis;;No;FALSE;external;;;Rochberg-Halton;;No;;Stellar Distances in Early Babylonian Astronomy;;;;auto-extracted from references;;1983;;;
Sachs1947_Babylonian;;No;FALSE;external;;;Sachs;;No;;Babylonian Mathematical Texts I;;;;auto-extracted from references;;1947;;;
Steele1951_Writingand;;No;FALSE;external;;;Steele;;No;;Writing and History: The New Tablets from Nippur;;;;auto-extracted from references;;1951;;;
Westenholz1992_TheEarlyEx;;No;FALSE;external;;;Westenholz;;No;;The Early Excavators of Nippur;;;;auto-extracted from references;;1992;;;
Ali1964_SumerianLe;;No;FALSE;external;;;Ali;;No;;Sumerian Letters: Two Collections from the Old Babylonian Schools;;;;auto-extracted from references;;1964;;;
Black1998_TheElectro;;No;FALSE;external;;;Black;;No;;The Electronic Text Corpus of Sumerian Literature;;;;auto-extracted from references;;1998;;;
Cavigneaux1999_AScholarsL;;No;FALSE;external;;;Cavigneaux;;No;;A Scholar’s Library in Meturan? With an Edition of the Tablet H 72 (Textes de Tell Haddad VII;;;;auto-extracted from references;;1999;;;
Cavigneaux2000_Einaltbaby;;No;FALSE;external;;;Cavigneaux;;No;;Ein altbabylonischer Gilgameš-Text aus Nippur;;;;auto-extracted from references;;2000;;;
Dekiere1994_Lagenealog;;No;FALSE;external;;;Dekiere;;No;;La généalogie d’Ur-Utu, gala-mah à Sippar-Amnanum;;;;auto-extracted from references;;1994;;;
Gadd1966_Literaryan;;No;FALSE;external;;;Gadd;;No;;Literary and Religious Texts: Second Part;;;;auto-extracted from references;;1966;;;
Gasche1998_DatingtheF;;No;FALSE;external;;;Gasche;;No;;Dating the Fall of Babylon: A Reappraisal of Second-Millennium Chronology;;;;auto-extracted from references;;1998;;;
Gasche1991_Aproposdel;;No;FALSE;external;;;Gasche;;No;;À propos de la durée de vie d’une maison paléo-babylonienne en briques crues;;;;auto-extracted from references;;1991;;;
Gibson2001_NippurBArc;;No;FALSE;external;;;Gibson;;No;;Nippur B. Archäologisch;;;;auto-extracted from references;;2001;;;
Heimerdinger1979_SumerianLi;;No;FALSE;external;;;Heimerdinger;;No;;Sumerian Literary Fragments from Nippur. Occasional Publications of the Babylonian Fund 4;;;;auto-extracted from references;;1979;;;
Janssen1991_eiltampata;;No;FALSE;external;;;Janssen;;No;;e’iltam patarum: awat hade!;;;;auto-extracted from references;;1991;;;
Janssen1992_Inannamans;;No;FALSE;external;;;Janssen;;No;;Inanna-mansum et ses fils;;;;auto-extracted from references;;1992;;;
Janssen1996_WhentheHou;;No;FALSE;external;;;Janssen;;No;;When the House Is on Fire and the Children Are Gone;;;;auto-extracted from references;;1996;;;
Janssen1994_Duchantier;;No;FALSE;external;;;Janssen;;No;;Du chantier à la tablette;;;;auto-extracted from references;;1994;;;
Postgate1990_Archaeolog;;No;FALSE;external;;;Postgate;;No;;Archaeology and the Texts—Bridging the Gap;;;;auto-extracted from references;;1990;;;
Tanret1993_Ritualsand;;No;FALSE;external;;;Tanret;;No;;Rituals and Profits in the Ur-Utu Archive;;;;auto-extracted from references;;1993;;;
Lerberghe1991_SipparAmna;;No;FALSE;external;;;Lerberghe;;No;;Sippar-Amnanum: The Ur-Utu Archive. Mesopotamian History and Environment, Series III, Texts 1;;;;auto-extracted from references;;1991;;;
Veldhuis1997_ReviewofCa;;No;FALSE;external;;;Veldhuis;;No;;Review of Cavigneaux 1996;;;;auto-extracted from references;;1997;;;
Walker1995_Mesopotami;;No;FALSE;external;;;Walker;;No;;Mesopotamian Chronology;;;;auto-extracted from references;;1995;;;
Wilcke2000_Werlasunds;;No;FALSE;external;;;Wilcke;;No;;Wer las und schrieb in Babylonien und Assyrien;;;;auto-extracted from references;;2000;;;
Unknown1991_PrincesPat;;No;FALSE;external;;;Unknown;;No;;Princes, Patronage, and the Nobility: The Court at the Beginning of the Modern Age;;;;auto-extracted from references;;1991;;;
Unknown2001_TheProsopo;;No;FALSE;external;;;Unknown;;No;;The Prosopography of the Neo-Assyrian Empire;;;;auto-extracted from references;;2001;;;
Unknown2005_Patronatea;;No;FALSE;external;;;Unknown;;No;;Patronate and Patronage in Early and Classical Islam;;;;auto-extracted from references;;2005;;;
Bottero1992_Mesopotami;;No;FALSE;external;;;Bottéro;;No;;Mesopotamia: Writing, Reasoning, and the Gods;;;;auto-extracted from references;;1992;;;
Brentjes2009_Patronageo;;No;FALSE;external;;;Brentjes;;No;;Patronage of the Mathematical Sciences in Islamic Societies;;;;auto-extracted from references;;2009;;;
Unknown2001_ChangingIm;;No;FALSE;external;;;Unknown;;No;;Changing Images of Mathematics in History: From the French Revolution to the New Millennium;;;;auto-extracted from references;;2001;;;
Fales1997_TheImpacto;;No;FALSE;external;;;Fales;;No;;The Impact of Oracular Materials on the Political Utterances and Political Actions of the Sargonid Dynasty;;;;auto-extracted from references;;1997;;;
Fincke2004_TheBritish;;No;FALSE;external;;;Fincke;;No;;The British Museum’s Ashurbanipal Library Project;;;;auto-extracted from references;;2004;;;
Hardwig1991_TheRoleofT;;No;FALSE;external;;;Hardwig;;No;;The Role of Trust in Knowledge;;;;auto-extracted from references;;1991;;;
Heessel2000_Babylonisc;;No;FALSE;external;;;Heeßel;;No;;Babylonisch-assyrische Diagnostik. Alter Orient und Altes Testament 43;;;;auto-extracted from references;;2000;;;
Hunger1992_Astrologic;;No;FALSE;external;;;Hunger;;No;;Astrological Reports to Assyrian Kings. State Archives of Assyria 8;;;;auto-extracted from references;;1992;;;
Jean2006_Lamagieneo;;No;FALSE;external;;;Jean;;No;;La magie néo-assyrienne en contexte. State Archives of Assyria Studies 17;;;;auto-extracted from references;;2006;;;
Jeyes1991_Divination;;No;FALSE;external;;;Jeyes;;No;;Divination as a Science in Ancient Mesopotamia;;;;auto-extracted from references;;1991;;;
Jeyes1997_Assurbanip;;No;FALSE;external;;;Jeyes;;No;;Assurbanipal’s bārûtu;;;;auto-extracted from references;;1997;;;
Koch-Westenholz1995_Mesopotami;;No;FALSE;external;;;Koch-Westenholz;;No;;Mesopotamian Astrology: An Introduction to Babylonian and Assyrian Celestial Divination;;;;auto-extracted from references;;1995;;;
Koch-Westenholz2000_Babylonian;;No;FALSE;external;;;Koch-Westenholz;;No;;Babylonian Liver Omens;;;;auto-extracted from references;;2000;;;
Koch2005_SecretsofE;;No;FALSE;external;;;Koch;;No;;Secrets of Extispicy;;;;auto-extracted from references;;2005;;;
Lambert1997_QuestionsA;;No;FALSE;external;;;Lambert;;No;;Questions Addressed to the Babylonian Oracle: The tāmītu Texts;;;;auto-extracted from references;;1997;;;
Lambert1998_TheQualifi;;No;FALSE;external;;;Lambert;;No;;The Qualifications of Babylonian Diviners;;;;auto-extracted from references;;1998;;;
Lambert2007_Babylonian;;No;FALSE;external;;;Lambert;;No;;Babylonian Oracle Questions;;;;auto-extracted from references;;2007;;;
Larsen1987_TheMesopot;;No;FALSE;external;;;Larsen;;No;;The Mesopotamian Lukewarm Mind;;;;auto-extracted from references;;1987;;;
Leichty1970_TheOmenSer;;No;FALSE;external;;;Leichty;;No;;The Omen Series Šumma Izbu. Texts from Cuneiform Sources 4;;;;auto-extracted from references;;1970;;;
Lipton1998_TheEpistem;;No;FALSE;external;;;Lipton;;No;;The Epistemology of Testimony;;;;auto-extracted from references;;1998;;;
Lohnert2007_TheInstall;;No;FALSE;external;;;Löhnert;;No;;The Installation of Priests According to Neo-Assyrian Documents;;;;auto-extracted from references;;2007;;;
Maul1994_Zukunftsbe;;No;FALSE;external;;;Maul;;No;;Zukunftsbewältigung. Baghdader Forschungen 18;;;;auto-extracted from references;;1994;;;
Maul2003_OminaundOr;;No;FALSE;external;;;Maul;;No;;Omina und Orakel;;;;auto-extracted from references;;2003;;;
Oppenheim1977_AncientMes;;No;FALSE;external;;;Oppenheim;;No;;Ancient Mesopotamia: Portrait of a Dead Civilization;;;;auto-extracted from references;;1977;;;
Park1963_Divination;;No;FALSE;external;;;Park;;No;;Divination and Its Social Contexts;;;;auto-extracted from references;;1963;;;
Parpola1970_Lettersfro;;No;FALSE;external;;;Parpola;;No;;Letters from Assyrian Scholars to the Kings Esarhaddon and Assurbanipal;;;;auto-extracted from references;;1970;;;
Parpola1993_Lettersfro;;No;FALSE;external;;;Parpola;;No;;Letters from Assyrian and Babylonian Scholars;;;;auto-extracted from references;;1993;;;
Pecirkova1985_Divination;;No;FALSE;external;;;Pečírková;;No;;Divination and Politics in the Late Assyrian Empire;;;;auto-extracted from references;;1985;;;
Radner2007_Knowledgea;;No;FALSE;external;;;Radner;;No;;Knowledge and Power in the Neo-Assyrian Empire;;;;auto-extracted from references;;2007;;;
Robson2008_Mesopotami;;No;FALSE;external;;;Robson;;No;;Mesopotamian Medicine and Religion;;;;auto-extracted from references;;2008;;;
Rochberg2004_TheHeavenl;;No;FALSE;external;;;Rochberg;;No;;The Heavenly Writing;;;;auto-extracted from references;;2004;;;
Shapin1982_HistoryofS;;No;FALSE;external;;;Shapin;;No;;History of Science and Its Sociological Reconstruction;;;;auto-extracted from references;;1982;;;
Shapin1989_TheInvisib;;No;FALSE;external;;;Shapin;;No;;The Invisible Technician;;;;auto-extracted from references;;1989;;;
Shapin1994_ASocialHis;;No;FALSE;external;;;Shapin;;No;;A Social History of Truth;;;;auto-extracted from references;;1994;;;
Starr1990_Queriestot;;No;FALSE;external;;;Starr;;No;;Queries to the Sungod. State Archives of Assyria 4;;;;auto-extracted from references;;1990;;;
Starr1992_Chapters1a;;No;FALSE;external;;;Starr;;No;;Chapters 1 and 2 of the bārûtu;;;;auto-extracted from references;;1992;;;
Steinkeller2005_OfStarsand;;No;FALSE;external;;;Steinkeller;;No;;Of Stars and Men;;;;auto-extracted from references;;2005;;;
Traweek1988_Beamtimesa;;No;FALSE;external;;;Traweek;;No;;Beamtimes and Lifetimes;;;;auto-extracted from references;;1988;;;
Veldhuis1995_OnInterpre;;No;FALSE;external;;;Veldhuis;;No;;On Interpreting Mesopotamian Namburbi Rituals;;;;auto-extracted from references;;1995;;;
Unknown1989_Patronagei;;No;FALSE;external;;;Unknown;;No;;Patronage in Ancient Society;;;;auto-extracted from references;;1989;;;
Westbrook2005_Patronagei;;No;FALSE;external;;;Westbrook;;No;;Patronage in the Ancient Near East;;;;auto-extracted from references;;2005;;;
Adams1993_ANewModelf;;No;FALSE;external;;;Adams;;No;;A New Model for the Study of the Book;;;;auto-extracted from references;;1993;;;
Unknown1987_Excavation;;No;FALSE;external;;;Unknown;;No;;Excavations in Iraq, 1985–86;;;;auto-extracted from references;;1987;;;
Beaulieu2006_TheAstrono;;No;FALSE;external;;;Beaulieu;;No;;The Astronomers of the Esagil Temple in the Fourth Century BC;;;;auto-extracted from references;;2006;;;
Black2009_TheLibrari;;No;FALSE;external;;;Black;;No;;The Libraries of Kalḫu;;;;auto-extracted from references;;2009;;;
Britton1993_Scientific;;No;FALSE;external;;;Britton;;No;;Scientific Astronomy in Pre-Seleucid Babylon;;;;auto-extracted from references;;1993;;;
Cavigneaux1981_Textesscol;;No;FALSE;external;;;Cavigneaux;;No;;Textes scolaires du temple de Nabû ša ḫarê. Texts from Babylon 1;;;;auto-extracted from references;;1981;;;
Darnton1982_WhatIstheH;;No;FALSE;external;;;Darnton;;No;;What Is the History of Books?;;;;auto-extracted from references;;1982;;;
Darnton2007_WhatIstheH;;No;FALSE;external;;;Darnton;;No;;‘What Is the History of Books?’ Revisited;;;;auto-extracted from references;;2007;;;
Dijk1980_Texteausde;;No;FALSE;external;;;Dijk;;No;;Texte aus dem Rēš-Heiligtum in Uruk-Warka;;;;auto-extracted from references;;1980;;;
Edzard1997_GudeaandHi;;No;FALSE;external;;;Edzard;;No;;Gudea and His Dynasty;;;;auto-extracted from references;;1997;;;
Fahdil1998_DerPrologd;;No;FALSE;external;;;Fahdil;;No;;Der Prolog des Kodex Hammurabi in einer Abschrift aus Sippar;;;;auto-extracted from references;;1998;;;
Fahdil2008_TheCulticL;;No;FALSE;external;;;Fahdil;;No;;The Cultic Lament ‘a gal-gal buru14 su-su’ in a Manuscript from the Sippar Library;;;;auto-extracted from references;;2008;;;
Frahm2004_RoyalHerme;;No;FALSE;external;;;Frahm;;No;;Royal Hermeneutics: Observations on the Commentaries from Assurbanipal’s Libraries at Nineveh;;;;auto-extracted from references;;2004;;;
Frayne1997_UrIIIPerio;;No;FALSE;external;;;Frayne;;No;;Ur III Period (2112–2004 BC;;;;auto-extracted from references;;1997;;;
Freedman2006_IfaCityIsS;;No;FALSE;external;;;Freedman;;No;;If a City Is Set on a Height: The Akkadian Omen Series Šumma ālu ina mēlê šakin;;;;auto-extracted from references;;2006;;;
George1986_TheTopogra;;No;FALSE;external;;;George;;No;;The Topography of Babylon Reconsidered;;;;auto-extracted from references;;1986;;;
Gesche2001_Schulunter;;No;FALSE;external;;;Gesche;;No;;Schulunterricht in Babylonien im ersten Jahrtausend v;;;;auto-extracted from references;;2001;;;
Gurney1997_ScribesatH;;No;FALSE;external;;;Gurney;;No;;Scribes at Ḫuzirina;;;;auto-extracted from references;;1997;;;
Gurney1957_TheSultant;;No;FALSE;external;;;Gurney;;No;;The Sultantepe Tablets;;;;auto-extracted from references;;1957;;;
Gurney1964_TheSultant;;No;FALSE;external;;;Gurney;;No;;The Sultantepe Tablets;;;;auto-extracted from references;;1964;;;
Heessel2008_Astrologic;;No;FALSE;external;;;Heeßel;;No;;Astrological Medicine in Babylonia;;;;auto-extracted from references;;2008;;;
Houston2009_Papyrologi;;No;FALSE;external;;;Houston;;No;;Papyrological Evidence for Book Collections and Libraries in the Roman Empire;;;;auto-extracted from references;;2009;;;
Hunger1976_Spatbabylo;;No;FALSE;external;;;Hunger;;No;;Spätbabylonische Texte aus Uruk;;;;auto-extracted from references;;1976;;;
Hunger2001_Astronomic;;No;FALSE;external;;;Hunger;;No;;Astronomical Diaries and Related Texts from Babylonia;;;;auto-extracted from references;;2001;;;
Ismail1999_Tabletfrom;;No;FALSE;external;;;Ismail;;No;;Tablet from the Sippar Library: Dating for Two Sumerian Kings;;;;auto-extracted from references;;1999;;;
Latour1987_ScienceinA;;No;FALSE;external;;;Latour;;No;;Science in Action;;;;auto-extracted from references;;1987;;;
Livingstone2003_PuttingSci;;No;FALSE;external;;;Livingstone;;No;;Putting Science in Its Place;;;;auto-extracted from references;;2003;;;
Lloyd1953_Sultantepe;;No;FALSE;external;;;Lloyd;;No;;Sultantepe: Anglo-Turkish Joint Excavations, 1952;;;;auto-extracted from references;;1953;;;
Maul2003_WiedieBibl;;No;FALSE;external;;;Maul;;No;;Wie die Bibliothek eines assyrischen Gelehrten wiederersteht;;;;auto-extracted from references;;2003;;;
Maul2010_DieTontafe;;No;FALSE;external;;;Maul;;No;;Die Tontafelbibliothek aus dem sogenannten ‘Haus des Beschwörungspriesters.’;;;;auto-extracted from references;;2010;;;
Michalowski1995_SailingtoB;;No;FALSE;external;;;Michalowski;;No;;Sailing to Babylon, Reading the Dark Side of the Moon;;;;auto-extracted from references;;1995;;;
Oppenheim1960_Assyriolog;;No;FALSE;external;;;Oppenheim;;No;;Assyriology: Why and How?;;;;auto-extracted from references;;1960;;;
Pedersen1985_Archivesan;;No;FALSE;external;;;Pedersen;;No;;Archives and Libraries in the City of Assur;;;;auto-extracted from references;;1985;;;
Robson2007_GenderedLi;;No;FALSE;external;;;Robson;;No;;Gendered Literacy and Numeracy in the Sumerian Literary Corpus;;;;auto-extracted from references;;2007;;;
Robson2007_Secretsdef;;No;FALSE;external;;;Robson;;No;;Secrets de famille;;;;auto-extracted from references;;2007;;;
Robson2009_ReviewofLa;;No;FALSE;external;;;Robson;;No;;Review of Lambert, Babylonian Oracle Questions;;;;auto-extracted from references;;2009;;;
Rochberg1984_Canonicity;;No;FALSE;external;;;Rochberg;;No;;Canonicity in Cuneiform Texts;;;;auto-extracted from references;;1984;;;
Rochberg1998_Babylonian;;No;FALSE;external;;;Rochberg;;No;;Babylonian Horoscopes;;;;auto-extracted from references;;1998;;;
Scurlock2005_Sorceryint;;No;FALSE;external;;;Scurlock;;No;;Sorcery in the Stars;;;;auto-extracted from references;;2005;;;
Soldt1995_SolarOmens;;No;FALSE;external;;;Soldt;;No;;Solar Omens of Enūma Anu Enlil;;;;auto-extracted from references;;1995;;;
Stevens2009_Secretsint;;No;FALSE;external;;;Stevens;;No;;Secrets in the Library;;;;auto-extracted from references;;2009;;;
Strassmaier1889_Inschrifte;;No;FALSE;external;;;Strassmaier;;No;;Inschriften von Nabuchodonosor;;;;auto-extracted from references;;1889;;;
Thureau-Dangin1922_Tablettesd;;No;FALSE;external;;;Thureau-Dangin;;No;;Tablettes d’Uruk. Textes Cunéiformes du Louvre 6;;;;auto-extracted from references;;1922;;;
Veldhuis1998_TINTIRBaby;;No;FALSE;external;;;Veldhuis;;No;;TIN.TIR = Babylon;;;;auto-extracted from references;;1998;;;
Weiher1982_Spatbabylo;;No;FALSE;external;;;Weiher;;No;;Spätbabylonische Texte aus Uruk;;;;auto-extracted from references;;1982;;;
Weiher1988_Spatbabylo;;No;FALSE;external;;;Weiher;;No;;Spätbabylonische Texte aus Uruk;;;;auto-extracted from references;;1988;;;
Weiher1993_Spatbabylo;;No;FALSE;external;;;Weiher;;No;;Spätbabylonische Texte aus dem Planquadrat U 18;;;;auto-extracted from references;;1993;;;
Weiher1998_Spatbabylo;;No;FALSE;external;;;Weiher;;No;;Spätbabylonische Texte aus dem Planquadrat U 18;;;;auto-extracted from references;;1998;;;
Wiseman1996_LiteraryTe;;No;FALSE;external;;;Wiseman;;No;;Literary Texts from the Temple of Nabû. Cuneiform Texts from Nimrud 4;;;;auto-extracted from references;;1996;;;
Anbar1975_Textesdele;;No;FALSE;external;;;Anbar;;No;;Textes de l’époque babylonienne ancienne;;;;auto-extracted from references;;1975;;;
Graef2002_AnAccounto;;No;FALSE;external;;;Graef;;No;;An Account of the Redistribution of Land to Soldiers in Late Old Babylonian Sippar Amnānum;;;;auto-extracted from references;;2002;;;
Edzard1971_Altbabylon;;No;FALSE;external;;;Edzard;;No;;Altbabylonische Rechts- und Wirtschaftsurkunden aus Tell ed-Dēr bei Sippar (BAW Abhandlungen NF 72;;;;auto-extracted from references;;1971;;;
Klengel1994_RichterSip;;No;FALSE;external;;;Klengel;;No;;Richter Sippars in der Zeit des Ammisaduqa: ein neuer Text;;;;auto-extracted from references;;1994;;;
Lion2001_DameInanna;;No;FALSE;external;;;Lion;;No;;Dame Inanna-ama-mu, scribe à Sippar;;;;auto-extracted from references;;2001;;;
Dekiere1994_OldBabylon;;No;FALSE;external;;;Dekiére;;No;;Old Babylonian Real Estate Documents from Sippar in the British Museum;;;;auto-extracted from references;;1994;;;
Gasche1993_Outilsbibl;;No;FALSE;external;;;Gasche;;No;;Outils bibliographiques;;;;auto-extracted from references;;1993;;;
Tanret2001_AsYearsWen;;No;FALSE;external;;;Tanret;;No;;As Years Went By in Sippar-Amnānum;;;;auto-extracted from references;;2001;;;
Tanret2004_Verbavolan;;No;FALSE;external;;;Tanret;;No;;Verba volant, scripta non manent. Tablettes nomades dans les archives des gala.mab à Sippar-Amnānum;;;;auto-extracted from references;;2004;;;
Tanret2004_Puzzlingwi;;No;FALSE;external;;;Tanret;;No;;Puzzling with Numbers. The Late Old Babylonian si.bi Clause;;;;auto-extracted from references;;2004;;;
Tanret1993_Priestsand;;No;FALSE;external;;;Tanret;;No;;Priests and Profits;;;;auto-extracted from references;;1993;;;
Yoffee1977_TheEconomi;;No;FALSE;external;;;Yoffee;;No;;The Economic Role of the Crown in the Old Babylonian Period (Bibliotheca Mesopotamica 5;;;;auto-extracted from references;;1977;;;
Barberon2005_Quandlamer;;No;FALSE;external;;;Barberon;;No;;Quand la mère est une religieuse;;;;auto-extracted from references;;2005;;;
Bourdieu1970_Lareproduc;;No;FALSE;external;;;Bourdieu;;No;;La reproduction: éléments pour une théorie du système d’enseignement;;;;auto-extracted from references;;1970;;;
Charpin1988_Sippardeux;;No;FALSE;external;;;Charpin;;No;;Sippar: deux villes jumelles;;;;auto-extracted from references;;1988;;;
Meyer1982_Deuxpriere;;No;FALSE;external;;;Meyer;;No;;Deux prières ikribu du temps d’Ammi-ṣaduqa;;;;auto-extracted from references;;1982;;;
Meyer1989_LedieuNins;;No;FALSE;external;;;Meyer;;No;;Le dieu Ninsianna ou l’art de transposer les logogrammes;;;;auto-extracted from references;;1989;;;
Meyer1989_Unelettred;;No;FALSE;external;;;Meyer;;No;;Une lettre d’Ur-Utu Galamah à une divinité;;;;auto-extracted from references;;1989;;;
Janssen1991_Eiltampata;;No;FALSE;external;;;Janssen;;No;;E’iltam paṭārum: awāt hadê!” In Mésopotamie et Elam: Actes de la XXXVIe Rencontre Assyriologique Internationale, Gand, 10–14 juillet 1989 (Mesopotamian History and Environment;;;;auto-extracted from references;;1991;;;
Janssen1993_Debrievenv;;No;FALSE;external;;;Janssen;;No;;De brieven van het Ur-Utu archief [The Letters from the Ur-Utu Archive;;;;auto-extracted from references;;1993;;;
Civil1975_Lexicograp;;No;FALSE;external;;;Civil;;No;;Lexicography;;;;auto-extracted from references;;1975;;;
Gadd1963_UrExcavati;;No;FALSE;external;;;Gadd;;No;;Ur Excavations Texts;;;;auto-extracted from references;;1963;;;
Ghirshman1965_Suseautemp;;No;FALSE;external;;;Ghirshman;;No;;Suse au temps des sukkalmah. Campagne des fouilles 1963–1964: Rapport préliminaire;;;;auto-extracted from references;;1965;;;
Hilprecht1903_Exploratio;;No;FALSE;external;;;Hilprecht;;No;;Exploration in Bible Lands during the Nineteenth Century;;;;auto-extracted from references;;1903;;;
Michalowski1995_SumerianLi;;No;FALSE;external;;;Michalowski;;No;;Sumerian Literature: An Overview;;;;auto-extracted from references;;1995;;;
Robson1995_ReviewofNe;;No;FALSE;external;;;Robson;;No;;Review of Nemet-Nejat, Cuneiform Mathematical Texts;;;;auto-extracted from references;;1995;;;
Tinney1995_OnthePoetr;;No;FALSE;external;;;Tinney;;No;;On the Poetry for King Ishme-Dagan;;;;auto-extracted from references;;1995;;;
Vanstiphout1978_LipitEshta;;No;FALSE;external;;;Vanstiphout;;No;;Lipit-Eshtar’s Praise in the Edubba;;;;auto-extracted from references;;1978;;;
Ambos2004_Mesopotami;;No;FALSE;external;;;Ambos;;No;;Mesopotamische Baurituale aus dem 1. Jahrtausend v;;;;auto-extracted from references;;2004;;;
Banks1912_Bismyaorth;;No;FALSE;external;;;Banks;;No;;Bismya or the Lost City of Adab;;;;auto-extracted from references;;1912;;;
Beaulieu1994_Antiquaria;;No;FALSE;external;;;Beaulieu;;No;;Antiquarianism and the Concern for the Past in the Neo-Babylonian Period;;;;auto-extracted from references;;1994;;;
Sarzec1884_Decouverte;;No;FALSE;external;;;Sarzec;;No;;Découvertes en Chaldée;;;;auto-extracted from references;;1884;;;
Dunham1986_SumerianWo;;No;FALSE;external;;;Dunham;;No;;Sumerian Words for Foundation;;;;auto-extracted from references;;1986;;;
Foucault1969_Larcheolog;;No;FALSE;external;;;Foucault;;No;;L’archéologie du savoir;;;;auto-extracted from references;;1969;;;
Frayne2008_Presargoni;;No;FALSE;external;;;Frayne;;No;;Presargonic Period (2700–2350 BC;;;;auto-extracted from references;;2008;;;
Haines1956_WhereaGodd;;No;FALSE;external;;;Haines;;No;;Where a Goddess of Love and War Was Worshipped 4000 Years Ago;;;;auto-extracted from references;;1956;;;
Haines1958_FurtherExc;;No;FALSE;external;;;Haines;;No;;Further Excavations at the Temple of Inanna;;;;auto-extracted from references;;1958;;;
Hallo1962_TheRoyalIn;;No;FALSE;external;;;Hallo;;No;;The Royal Inscriptions of Ur: A Typology;;;;auto-extracted from references;;1962;;;
Hansen1970_AlHiba1968;;No;FALSE;external;;;Hansen;;No;;Al-Hiba, 1968–1969, a Preliminary Report;;;;auto-extracted from references;;1970;;;
Hansen1992_RoyalBuild;;No;FALSE;external;;;Hansen;;No;;Royal Building Activity at Sumerian Lagash in the Early Dynastic Period;;;;auto-extracted from references;;1992;;;
Hilgert2010_TextAnthro;;No;FALSE;external;;;Hilgert;;No;;‘Text-Anthropologie’: Die Erforschung von Materialität und Präsenz des Geschriebenen als hermeneutische Strategie;;;;auto-extracted from references;;2010;;;
Mecquenem1911_Constructi;;No;FALSE;external;;;Mecquenem;;No;;Constructions élamites du Tell de l’Acropole de Suse;;;;auto-extracted from references;;1911;;;
Muscarella1988_BronzeandI;;No;FALSE;external;;;Muscarella;;No;;Bronze and Iron: Ancient Near Eastern Artifacts in the Metropolitan Museum of Art;;;;auto-extracted from references;;1988;;;
Parrot1948_TelloVingt;;No;FALSE;external;;;Parrot;;No;;Tello: Vingt campagnes de fouilles (1877–1933;;;;auto-extracted from references;;1948;;;
Pearce2010_Materialso;;No;FALSE;external;;;Pearce;;No;;Materials of Writing and Materiality of Knowledge;;;;auto-extracted from references;;2010;;;
Porter1993_ImagesPowe;;No;FALSE;external;;;Porter;;No;;Images, Power, and Politics: Figurative Aspects of Esarhaddon’s Babylonian Policy;;;;auto-extracted from references;;1993;;;
Rashid1983_Grundungsf;;No;FALSE;external;;;Rashid;;No;;Gründungsfiguren im Iraq. Prähistorische Bronzefunde 1/2. Munich;;;;auto-extracted from references;;1983;;;
Schaudig2003_Nabonidder;;No;FALSE;external;;;Schaudig;;No;;Nabonid, der ‘Archäologe auf dem Königsthron.’;;;;auto-extracted from references;;2003;;;
Suter2000_GudeasTemp;;No;FALSE;external;;;Suter;;No;;Gudea’s Temple Building: The Representation of an Early Mesopotamian Ruler in Text and Image;;;;auto-extracted from references;;2000;;;
Thomason2005_LuxuryandL;;No;FALSE;external;;;Thomason;;No;;Luxury and Legitimation: Royal Collecting in Ancient Mesopotamia;;;;auto-extracted from references;;2005;;;
Weisberg1998_TheAntiqua;;No;FALSE;external;;;Weisberg;;No;;The ‘Antiquarian’ Interests of the Neo-Babylonian Kings;;;;auto-extracted from references;;1998;;;
Wengrow2005_Violencein;;No;FALSE;external;;;Wengrow;;No;;Violence into Order: Materiality and Sacred Power in Ancient Iraq;;;;auto-extracted from references;;2005;;;
Wilson2012_BismayaRec;;No;FALSE;external;;;Wilson;;No;;Bismaya: Recovering the Lost City of Adab;;;;auto-extracted from references;;2012;;;
Winter2000_Babylonian;;No;FALSE;external;;;Winter;;No;;Babylonian Archaeologists of the(ir) Mesopotamian Past;;;;auto-extracted from references;;2000;;;
Woolley1926_TheExcavat;;No;FALSE;external;;;Woolley;;No;;The Excavations at Ur, 1925–26;;;;auto-extracted from references;;1926;;;
Woolley1939_TheZiggura;;No;FALSE;external;;;Woolley;;No;;The Ziggurat and Its Surroundings;;;;auto-extracted from references;;1939;;;
Woolley1962_TheNeoBaby;;No;FALSE;external;;;Woolley;;No;;The Neo-Babylonian and Persian Periods;;;;auto-extracted from references;;1962;;;
Woolley1974_TheBuildin;;No;FALSE;external;;;Woolley;;No;;The Buildings of the Third Dynasty;;;;auto-extracted from references;;1974;;;
Zettler1986_Frombeneat;;No;FALSE;external;;;Zettler;;No;;From beneath the Temple: Inscribed Objects from Ur;;;;auto-extracted from references;;1986;;;
Zettler1992_TheUrIIIIn;;No;FALSE;external;;;Zettler;;No;;The Ur III Inanna Temple at Nippur. Berliner Beiträge zum Vorderen Orient 11;;;;auto-extracted from references;;1992;;;
Alster1983_EnlilandNi;;No;FALSE;external;;;Alster;;No;;Enlil and Ninlil: The Marriage of Sud;;;;auto-extracted from references;;1983;;;
Andre-Salvini1999_Lestablett;;No;FALSE;external;;;André-Salvini;;No;;Les tablettes cunéiformes de Qalʿat al-Bahreïn;;;;auto-extracted from references;;1999;;;
Black1994_TheFarmers;;No;FALSE;external;;;Black;;No;;The Farmer’s Instructions;;;;auto-extracted from references;;1994;;;
Black1987_SumerianRi;;No;FALSE;external;;;Black;;No;;Sumerian Riddles: A Corpus;;;;auto-extracted from references;;1987;;;
Cole1996_NippurinLa;;No;FALSE;external;;;Cole;;No;;Nippur in Late Assyrian Times. State Archives of Assyria Studies 4;;;;auto-extracted from references;;1996;;;
Cooper1996_Miettesdel;;No;FALSE;external;;;Cooper;;No;;Miettes de l’edubba;;;;auto-extracted from references;;1996;;;
Cooper1978_TheReturno;;No;FALSE;external;;;Cooper;;No;;The Return of Ninurta to Nippur;;;;auto-extracted from references;;1978;;;
Dijk1983_LUGALUDMEL;;No;FALSE;external;;;Dijk;;No;;LUGAL UD ME-LAM-bi NIR-GAL: Le récit épique et didactique des Travaux de Ninurta, du Déluge et de la Nouvelle Création;;;;auto-extracted from references;;1983;;;
Eidem1997_CuneiformI;;No;FALSE;external;;;Eidem;;No;;Cuneiform Inscriptions;;;;auto-extracted from references;;1997;;;
Finkel1986_OntheSerie;;No;FALSE;external;;;Finkel;;No;;On the Series of Sidu;;;;auto-extracted from references;;1986;;;
George1999_TheEpicofG;;No;FALSE;external;;;George;;No;;The Epic of Gilgamesh;;;;auto-extracted from references;;1999;;;
Hilgert1998_DrehemAdmi;;No;FALSE;external;;;Hilgert;;No;;Drehem Administrative Documents from the Reign of Šulgi;;;;auto-extracted from references;;1998;;;
Koldewey1908_AusdenBeri;;No;FALSE;external;;;Koldewey;;No;;Aus den Berichten Professor Dr. Koldeweys aus Babylon;;;;auto-extracted from references;;1908;;;
Kraus1985_Mittelbaby;;No;FALSE;external;;;Kraus;;No;;Mittelbabylonische Opferschauprotokolle;;;;auto-extracted from references;;1985;;;
McEwan1986_ReviewofJe;;No;FALSE;external;;;McEwan;;No;;Review of Jean-Marie Durand, Textes babyloniens d’époque récente;;;;auto-extracted from references;;1986;;;
Reiner1987_OntheEarly;;No;FALSE;external;;;Reiner;;No;;On the Early History of the Eršahunga Prayer;;;;auto-extracted from references;;1987;;;
Reiner1998_Literature;;No;FALSE;external;;;Reiner;;No;;Literature as a Source of Lexical Inspiration: Some Notes on a Hymn to the Goddess Inanna;;;;auto-extracted from references;;1998;;;
Sassmannshausen1994_Einungewoh;;No;FALSE;external;;;Sassmannshausen;;No;;Ein ungewöhnliches mittelbabylonisches Urkundenfragment aus Nippur;;;;auto-extracted from references;;1994;;;
Sjoberg1975_Inninmagur;;No;FALSE;external;;;Sjöberg;;No;;In-nin ma-gur4-ra: A Hymn to the Goddess Inanna by the En-Priestess Enheduanna;;;;auto-extracted from references;;1975;;;
Stol1980_Lederindus;;No;FALSE;external;;;Stol;;No;;Leder(industrie;;;;auto-extracted from references;;1980;;;
Tigay1982_TheEvoluti;;No;FALSE;external;;;Tigay;;No;;The Evolution of the Gilgamesh Epic;;;;auto-extracted from references;;1982;;;
Veldhuis1999_ReviewofSi;;No;FALSE;external;;;Veldhuis;;No;;Review of Simo Parpola, The Standard Babylonian Epic of Gilgamesh;;;;auto-extracted from references;;1999;;;
Archi1973_FromEnkisH;;No;FALSE;external;;;Archi;;No;;From Enki’s Headaches to Phonology;;;;auto-extracted from references;;1973;;;
Archi1987_TheSignlis;;No;FALSE;external;;;Archi;;No;;The ‘Sign-list’ from Ebla;;;;auto-extracted from references;;1987;;;
Bauer1994_TheFarmers;;No;FALSE;external;;;Bauer;;No;;The Farmer’s Instructions: A Sumerian Agricultural Manual;;;;auto-extracted from references;;1994;;;
Bauer1998_Dervorsarg;;No;FALSE;external;;;Bauer;;No;;Der vorsargonische Abschnitt der mesopotamischen Geschichte;;;;auto-extracted from references;;1998;;;
Bauer2002_TheForerun;;No;FALSE;external;;;Bauer;;No;;The Forerunners of Maru and Hamtu in Old Babylonian;;;;auto-extracted from references;;2002;;;
Civil1961_TheHomeoft;;No;FALSE;external;;;Civil;;No;;The Home of the Fish: A New Sumerian Literary Composition;;;;auto-extracted from references;;1961;;;
Cohen1988_TheCanonic;;No;FALSE;external;;;Cohen;;No;;The Canonical Lamentations of Ancient Mesopotamia;;;;auto-extracted from references;;1988;;;
Maaijer1999_IBTURTumma;;No;FALSE;external;;;Maaijer;;No;;IB.TUR = Tummal;;;;auto-extracted from references;;1999;;;
Englund1995_TheresaRat;;No;FALSE;external;;;Englund;;No;;There’s a Rat in My Soup!;;;;auto-extracted from references;;1995;;;
Farber1977_Beschworun;;No;FALSE;external;;;Farber;;No;;Beschwörungsrituale an Ištar und Dumuzi;;;;auto-extracted from references;;1977;;;
Finkel1998_AStudyinSc;;No;FALSE;external;;;Finkel;;No;;A Study in Scarlet: Incantations against Samana;;;;auto-extracted from references;;1998;;;
Geller1985_Forerunner;;No;FALSE;external;;;Geller;;No;;Forerunners to Udug-Hul: Sumerian Exorcistic Incantations;;;;auto-extracted from references;;1985;;;
George1999_TheDogsofN;;No;FALSE;external;;;George;;No;;The Dogs of Ninkilim: Magic against Field Pests in Ancient Mesopotamia;;;;auto-extracted from references;;1999;;;
Hallo1970_TheCulticS;;No;FALSE;external;;;Hallo;;No;;The Cultic Setting of Sumerian Poetry;;;;auto-extracted from references;;1970;;;
Heimpel1968_Tierbilder;;No;FALSE;external;;;Heimpel;;No;;Tierbilder in der sumerischen Literatur;;;;auto-extracted from references;;1968;;;
Jacobsen2000_Ningiszida;;No;FALSE;external;;;Jacobsen;;No;;Ningiszida’s Boat-Ride to Hades;;;;auto-extracted from references;;2000;;;
Krebernik1983_ZuSyllabar;;No;FALSE;external;;;Krebernik;;No;;Zu Syllabar und Orthographie der lexikalischen Texte aus Ebla. Teil 2 (Glossar;;;;auto-extracted from references;;1983;;;
Krebernik1984_DieBeschwo;;No;FALSE;external;;;Krebernik;;No;;Die Beschwörungen aus Fara und Ebla: Untersuchungen zur ältesten keilschriftlichen Beschwörungsliteratur;;;;auto-extracted from references;;1984;;;
Krecher1983_Eineunorth;;No;FALSE;external;;;Krecher;;No;;Eine unorthographische sumerische Wortliste aus Ebla;;;;auto-extracted from references;;1983;;;
Krispijn1981_DieIdentif;;No;FALSE;external;;;Krispijn;;No;;Die Identifikation zweier lexikalischen Texte aus Ebla MEE III Nr. 62 und 63;;;;auto-extracted from references;;1981;;;
Landsberger1934_DieFaunade;;No;FALSE;external;;;Landsberger;;No;;Die Fauna des alten Mesopotamien nach der 14. Tafel der Serie Har-ra = hubullu;;;;auto-extracted from references;;1934;;;
Owen1981_OfBirdsEgg;;No;FALSE;external;;;Owen;;No;;Of Birds, Eggs and Turtles;;;;auto-extracted from references;;1981;;;
Rubio0_Orthograph;;No;FALSE;external;;;Rubio;;No;;Orthography and Grammar of the Ur III Sumerian Literary Texts;;;;auto-extracted from references;;0000;;;
Salonen1973_VogelundVo;;No;FALSE;external;;;Salonen;;No;;Vögel und Vogelfang im alten Mesopotamien. AASF B 180;;;;auto-extracted from references;;1973;;;
Schretter1990_EmesalStud;;No;FALSE;external;;;Schretter;;No;;Emesal-Studien: Sprach- und literaturgeschichtliche Untersuchungen zur sogenannten Frauensprache des Sumerischen. Innsbrucker Beiträge zur Kulturwissenschaft, Sonderheft 69;;;;auto-extracted from references;;1990;;;
Sjoberg1969_TheCollect;;No;FALSE;external;;;Sjӧberg;;No;;The Collection of the Sumerian Temple Hymns;;;;auto-extracted from references;;1969;;;
Steinkeller1984_TheSumeria;;No;FALSE;external;;;Steinkeller;;No;;The Sumerian Verb lugx (LUL;;;;auto-extracted from references;;1984;;;
Steinkeller2001_NewLighton;;No;FALSE;external;;;Steinkeller;;No;;New Light on the Hydrology and Topography of Southern Babylonia in the Third Millennium;;;;auto-extracted from references;;2001;;;
Veldhuis1996_ANippurEme;;No;FALSE;external;;;Veldhuis;;No;;A Nippur Emesal Vocabulary;;;;auto-extracted from references;;1996;;;
Horowitz1988_AnAssurSou;;No;FALSE;external;;;Horowitz;;No;;An Assur Source for Urra 21;;;;auto-extracted from references;;1988;;;
Biggs1974_Inscriptio;;No;FALSE;external;;;Biggs;;No;;Inscriptions from Tell Abū Ṣalābīkh;;;;auto-extracted from references;;1974;;;
Civil1983_TheSignLAK;;No;FALSE;external;;;Civil;;No;;The Sign LAK 384;;;;auto-extracted from references;;1983;;;
Cohen1976_TheNameNin;;No;FALSE;external;;;Cohen;;No;;The Name Nintinugga with a Note on the Possible Identification of Tell Abu Salabikh;;;;auto-extracted from references;;1976;;;
Englund1998_Textsfromt;;No;FALSE;external;;;Englund;;No;;Texts from the Late Uruk Period;;;;auto-extracted from references;;1998;;;
Englund1993_Dielexikal;;No;FALSE;external;;;Englund;;No;;Die lexikalischen Listen der archaischen Texte aus Uruk;;;;auto-extracted from references;;1993;;;
Farber-Flugge1999_KleinerLei;;No;FALSE;external;;;Farber-Flügge;;No;;Kleiner Leitfaden zum Silbenvokabular A;;;;auto-extracted from references;;1999;;;
Gelb1991_EarliestLa;;No;FALSE;external;;;Gelb;;No;;Earliest Land Tenure Systems in the Near East: Ancient Kudurrus;;;;auto-extracted from references;;1991;;;
Green1981_TheConstru;;No;FALSE;external;;;Green;;No;;The Construction and Implementation of the Cuneiform Writing System;;;;auto-extracted from references;;1981;;;
Green1987_Zeichenlis;;No;FALSE;external;;;Green;;No;;Zeichenliste der archaischen Texte aus Uruk;;;;auto-extracted from references;;1987;;;
Krispijn1992_TheEarlyMe;;No;FALSE;external;;;Krispijn;;No;;The Early Mesopotamian Lexical Lists and the Dawn of Linguistics;;;;auto-extracted from references;;1992;;;
Michalowski1994_Writingand;;No;FALSE;external;;;Michalowski;;No;;Writing and Literacy in Early States: A Mesopotamianist Perspective;;;;auto-extracted from references;;1994;;;
Nissen2004_DieVerwend;;No;FALSE;external;;;Nissen;;No;;Die Verwendung der Schrift im frühen Babylonien;;;;auto-extracted from references;;2004;;;
Pearce1996_TheNumberS;;No;FALSE;external;;;Pearce;;No;;The Number-Syllabary Texts;;;;auto-extracted from references;;1996;;;
Steinkeller1990_TheValuesu;;No;FALSE;external;;;Steinkeller;;No;;The Value sur of ÉREN in Third Millennium Sources;;;;auto-extracted from references;;1990;;;
Steinkeller1995_ReviewofZe;;No;FALSE;external;;;Steinkeller;;No;;Review of Zeichenliste der archaischen Texte aus Uruk, by Margaret W;;;;auto-extracted from references;;1995;;;
Steinkeller2004_ABuildingI;;No;FALSE;external;;;Steinkeller;;No;;A Building Inscription of Sîn-iddinam and Other Inscribed Materials from Abu Duwari;;;;auto-extracted from references;;2004;;;
Steinkeller2004_StudiesinT;;No;FALSE;external;;;Steinkeller;;No;;Studies in Third Millennium Paleography, 4: Sign KI;;;;auto-extracted from references;;2004;;;
Vanstiphout1992_Repetition;;No;FALSE;external;;;Vanstiphout;;No;;Repetition and Structure in the Aratta Cycle;;;;auto-extracted from references;;1992;;;
Soden1936_Leistungun;;No;FALSE;external;;;Soden;;No;;Leistung und Grenze sumerischer und babylonischer Wissenschaft;;;;auto-extracted from references;;1936;;;
Westenholz1998_Thoughtson;;No;FALSE;external;;;Westenholz;;No;;Thoughts on Esoteric Knowledge and Secret Lore;;;;auto-extracted from references;;1998;;;
Wilcke1995_DieInschri;;No;FALSE;external;;;Wilcke;;No;;Die Inschrift der ‘Figure aux plumes’;;;;auto-extracted from references;;1995;;;
Wilcke2003_EarlyAncie;;No;FALSE;external;;;Wilcke;;No;;Early Ancient Near Eastern Law: A History of Its Beginnings;;;;auto-extracted from references;;2003;;;
Bock2004_Uberlegung;;No;FALSE;external;;;Böck;;No;;Überlegungen zu einem Kultfest der altmesopotamischen Göttin Inanna;;;;auto-extracted from references;;2004;;;
Clayden1996_KurigalzuI;;No;FALSE;external;;;Clayden;;No;;Kurigalzu I and the Restoration of Babylonia;;;;auto-extracted from references;;1996;;;
Feldman2006_Diplomacyb;;No;FALSE;external;;;Feldman;;No;;Diplomacy by Design: Luxury Arts and an ‘International Style’ in the Ancient Near East, 1400–1200 BCE;;;;auto-extracted from references;;2006;;;
Finkelstein1953_CuneiformT;;No;FALSE;external;;;Finkelstein;;No;;Cuneiform Texts from Tell Billa;;;;auto-extracted from references;;1953;;;
Fleming1992_TheInstall;;No;FALSE;external;;;Fleming;;No;;The Installation of Baal’s High Priestess at Emar: A Window on Ancient Syrian Religion;;;;auto-extracted from references;;1992;;;
Foster1993_BeforetheM;;No;FALSE;external;;;Foster;;No;;Before the Muses: An Anthology of Akkadian Literature;;;;auto-extracted from references;;1993;;;
Izre'el1997_TheAmarnaS;;No;FALSE;external;;;Izre’el;;No;;The Amarna Scholarly Tablets;;;;auto-extracted from references;;1997;;;
Kramer1948_Fragmentso;;No;FALSE;external;;;Kramer;;No;;Fragments of a Diorite Statue of Kurigalzu in the Iraq Museum;;;;auto-extracted from references;;1948;;;
Lenzi2008_Secrecyand;;No;FALSE;external;;;Lenzi;;No;;Secrecy and the Gods: Secret Knowledge in Ancient Mesopotamia and Biblical Israel;;;;auto-extracted from references;;2008;;;
Machinist1984_TheAssyria;;No;FALSE;external;;;Machinist;;No;;The Assyrians and Their Babylonian Problem: Some Reflections;;;;auto-extracted from references;;1984;;;
Maul1998_MardukNabu;;No;FALSE;external;;;Maul;;No;;Marduk, Nabû und der assyrische Fall: Die Geschichte eines sumerischen Šuʾilas;;;;auto-extracted from references;;1998;;;
Myhrman1911_Babylonian;;No;FALSE;external;;;Myhrman;;No;;Babylonian Hymns and Prayers. Publications of the Babylonian Section 1/1;;;;auto-extracted from references;;1911;;;
Sallaberger1996_ReviewofFl;;No;FALSE;external;;;Sallaberger;;No;;Review of Fleming 1992;;;;auto-extracted from references;;1996;;;
Slanski2000_Classifica;;No;FALSE;external;;;Slanski;;No;;Classification, Historiography and Monumental Authority: The Babylonian Entitlement narû (kudurrus;;;;auto-extracted from references;;2000;;;
Mieroop2007_AHistoryof;;No;FALSE;external;;;Mieroop;;No;;A History of the Ancient Near East;;;;auto-extracted from references;;2007;;;
Soldt2001_Nabusallim;;No;FALSE;external;;;Soldt;;No;;Nabû-šallim, an Assyrian Scribe Working in the ‘Southern Palace’ at Ugarit;;;;auto-extracted from references;;2001;;;
Veldhuis2008_Kurigalzus;;No;FALSE;external;;;Veldhuis;;No;;Kurigalzu’s Statue Inscription;;;;auto-extracted from references;;2008;;;
Weidner1952_DieBibliot;;No;FALSE;external;;;Weidner;;No;;Die Bibliothek Tiglatpilesers I;;;;auto-extracted from references;;1952;;;
Westenholz2005_SingaSongf;;No;FALSE;external;;;Westenholz;;No;;Sing a Song for Šulgi;;;;auto-extracted from references;;2005;;;
Cavigneaux1980_DieFragmen;;No;FALSE;external;;;Cavigneaux;;No;;Die Fragmente der sumerisch-akkadischen Wortliste ‘ERIMḫuš’ im Vorderasiatischen Museum zu Berlin;;;;auto-extracted from references;;1980;;;
Cavigneaux1981_TextsfromB;;No;FALSE;external;;;Cavigneaux;;No;;Texts from Babylon: Textes scolaires du Temple de Nabû ša Harê;;;;auto-extracted from references;;1981;;;
Cavigneaux1996_Uncolophon;;No;FALSE;external;;;Cavigneaux;;No;;Un colophon de type Nabû ša Harê;;;;auto-extracted from references;;1996;;;
Cavigneaux1999_Nabusahare;;No;FALSE;external;;;Cavigneaux;;No;;Nabû ša harê und die Kinder von Babylon;;;;auto-extracted from references;;1999;;;
Civil2010_TheLexical;;No;FALSE;external;;;Civil;;No;;The Lexical Texts in the Schøyen Collection;;;;auto-extracted from references;;2010;;;
Frahm1995_TonvomTond;;No;FALSE;external;;;Frahm;;No;;Ton vom Ton des heiligen Hügels;;;;auto-extracted from references;;1995;;;
Frahm2002_Assur2001D;;No;FALSE;external;;;Frahm;;No;;Assur 2001: Die Schriftfunde;;;;auto-extracted from references;;2002;;;
Frahm2011_Babylonian;;No;FALSE;external;;;Frahm;;No;;Babylonian and Assyrian Text Commentaries: Origins of Interpretation;;;;auto-extracted from references;;2011;;;
George1992_Babylonian;;No;FALSE;external;;;George;;No;;Babylonian Topographical Texts;;;;auto-extracted from references;;1992;;;
George2010_TheColopho;;No;FALSE;external;;;George;;No;;The Colophon of MS 5007;;;;auto-extracted from references;;2010;;;
Gesche1995_TonvomTond;;No;FALSE;external;;;Gesche;;No;;Ton vom Ton des heiligen Hügels – woher stammt der Ton wirklich?;;;;auto-extracted from references;;1995;;;
Hrusa2010_Dieakkadis;;No;FALSE;external;;;Hruša;;No;;Die akkadische Synonymenliste malku = šarru: Eine Textedition mit Übersetzung und Kommentar;;;;auto-extracted from references;;2010;;;
Maul1998_Tikipsanta;;No;FALSE;external;;;Maul;;No;;Tikip santakki mala bašmu ... Anstelle eines Vorwortes;;;;auto-extracted from references;;1998;;;
Ossendrijver2011_Exzellente;;No;FALSE;external;;;Ossendrijver;;No;;Exzellente Netzwerke: Die Astronomen von Uruk;;;;auto-extracted from references;;2011;;;
Ossendrijver2011_ScienceinA;;No;FALSE;external;;;Ossendrijver;;No;;Science in Action: Networks in Babylonian Astronomy;;;;auto-extracted from references;;2011;;;
Pearce1993_Statements;;No;FALSE;external;;;Pearce;;No;;Statements of Purpose: Why the Scribes Wrote;;;;auto-extracted from references;;1993;;;
Peterson2007_ANewSource;;No;FALSE;external;;;Peterson;;No;;A New Source for Diri Tablet 7;;;;auto-extracted from references;;2007;;;
Snell1994_ANeoBabylo;;No;FALSE;external;;;Snell;;No;;A Neo-Babylonian Colophon;;;;auto-extracted from references;;1994;;;
Waerzeggers2010_TheEzidaTe;;No;FALSE;external;;;Waerzeggers;;No;;The Ezida Temple of Borsippa: Priesthood, Cult, Archives;;;;auto-extracted from references;;2010;;;
Waerzeggers2011_TheBabylon;;No;FALSE;external;;;Waerzeggers;;No;;The Babylonian Priesthood in the Long Sixth Century BC;;;;auto-extracted from references;;2011;;;
Wagensonner2011_AScribalFa;;No;FALSE;external;;;Wagensonner;;No;;A Scribal Family and Its Orthographic Peculiarities;;;;auto-extracted from references;;2011;;;
Cohen1973_Enmerkaran;;No;FALSE;external;;;Cohen;;No;;Enmerkar and the Lord of Aratta;;;;auto-extracted from references;;1973;;;
Glassner2003_TheInventi;;No;FALSE;external;;;Glassner;;No;;The Invention of Cuneiform Writing in Sumer;;;;auto-extracted from references;;2003;;;
Green1980_AnimalHusb;;No;FALSE;external;;;Green;;No;;Animal Husbandry at Uruk in the Archaic Period;;;;auto-extracted from references;;1980;;;
Jacobsen1939_TheSumeria;;No;FALSE;external;;;Jacobsen;;No;;The Sumerian King List;;;;auto-extracted from references;;1939;;;
Jacobsen1987_TheHarpsTh;;No;FALSE;external;;;Jacobsen;;No;;The Harps That Once... Sumerian Poetry in Translation;;;;auto-extracted from references;;1987;;;
Komoroczy1975_ZurAtiolog;;No;FALSE;external;;;Komoróczy;;No;;Zur Ätiologie der Schrifterfindung im Enmerkar-Epos;;;;auto-extracted from references;;1975;;;
Kramer1952_Enmerkaran;;No;FALSE;external;;;Kramer;;No;;Enmerkar and the Lord of Aratta;;;;auto-extracted from references;;1952;;;
Lieberman1980_OfClayPebb;;No;FALSE;external;;;Lieberman;;No;;Of Clay Pebbles, Hollow Clay Balls, and Writing: A Sumerian View;;;;auto-extracted from references;;1980;;;
Michalowski1986_MentalMaps;;No;FALSE;external;;;Michalowski;;No;;Mental Maps and Ideology: Reflections on Subartu;;;;auto-extracted from references;;1986;;;
Nissen1990_FruheSchri;;No;FALSE;external;;;Nissen;;No;;Frühe Schrift und Techniken der Wirtschaftsverwaltung im Alten Vorderen Orient;;;;auto-extracted from references;;1990;;;
Pallis1956_TheAntiqui;;No;FALSE;external;;;Pallis;;No;;The Antiquity of Iraq: A Handbook of Assyriology;;;;auto-extracted from references;;1956;;;
Rogers1915_AHistoryof;;No;FALSE;external;;;Rogers;;No;;A History of Babylonia and Assyria;;;;auto-extracted from references;;1915;;;
Schmandt-Besserat1977_AnArchaicR;;No;FALSE;external;;;Schmandt-Besserat;;No;;An Archaic Recording System and the Origin of Writing;;;;auto-extracted from references;;1977;;;
Schmandt-Besserat1979_AnArchaicR;;No;FALSE;external;;;Schmandt-Besserat;;No;;An Archaic Recording System in the Uruk–Jemdet Nasr Period;;;;auto-extracted from references;;1979;;;
Schmandt-Besserat1992_BeforeWrit;;No;FALSE;external;;;Schmandt-Besserat;;No;;Before Writing;;;;auto-extracted from references;;1992;;;
Steinkeller2004_TheFunctio;;No;FALSE;external;;;Steinkeller;;No;;The Function of Written Documentation in the Administrative Praxis of Early Babylonia;;;;auto-extracted from references;;2004;;;
Vanstiphout1989_EnmerkarsI;;No;FALSE;external;;;Vanstiphout;;No;;Enmerkar’s Invention of Writing Revisited;;;;auto-extracted from references;;1989;;;
Vanstiphout1994_AnotherAtt;;No;FALSE;external;;;Vanstiphout;;No;;Another Attempt at the Spell of Nudimmud;;;;auto-extracted from references;;1994;;;
Whittaker2001_TheDawnofW;;No;FALSE;external;;;Whittaker;;No;;The Dawn of Writing and Phoneticism;;;;auto-extracted from references;;2001;;;
Abraham2004_Businessan;;No;FALSE;external;;;Abraham;;No;;Business and Politics under the Persian Empire: The Financial Dealings of Marduk-nasir-apli of the House of Egibi (521–487 B.C.E;;;;auto-extracted from references;;2004;;;
Abrahami2008_Delusageet;;No;FALSE;external;;;Abrahami;;No;;De l’usage et de l’archivage des tablettes cunéiformes d’Amarna;;;;auto-extracted from references;;2008;;;
Abusch2002_Mesopotami;;No;FALSE;external;;;Abusch;;No;;Mesopotamian Witchcraft;;;;auto-extracted from references;;2002;;;
Unknown2002_RichesHidd;;No;FALSE;external;;;Unknown;;No;;Riches Hidden in Secret Places: Ancient Near Eastern Studies in Memory of Thorkild Jacobsen;;;;auto-extracted from references;;2002;;;
Unknown1999_Mesopotami;;No;FALSE;external;;;Unknown;;No;;Mesopotamian Magic: Textual, Historical, and Interpretative Perspectives;;;;auto-extracted from references;;1999;;;
Unknown2001_Historiogr;;No;FALSE;external;;;Unknown;;No;;Historiography in the Cuneiform World: Proceedings of the XLVe Rencontre Assyriologique Internationale, Part I;;;;auto-extracted from references;;2001;;;
Al-Jadir1998_Decouverte;;No;FALSE;external;;;Al-Jadir;;No;;Découverte d’une bibliothèque dans le temple de la ville de Sippar (Abu Habbah;;;;auto-extracted from references;;1998;;;
Alster1987_ANoteonthe;;No;FALSE;external;;;Alster;;No;;A Note on the Uriah Letter in the Sumerian Sargon Legend;;;;auto-extracted from references;;1987;;;
Unknown1982_Naissanced;;No;FALSE;external;;;Unknown;;No;;Naissance de l’écriture;;;;auto-extracted from references;;1982;;;
Archi1992_Transmissi;;No;FALSE;external;;;Archi;;No;;Transmission of the Mesopotamian Lexical and Literary Texts;;;;auto-extracted from references;;1992;;;
Arnaud1980_Labiblioth;;No;FALSE;external;;;Arnaud;;No;;La bibliothèque d’un devin syrien à Meskene-Emar (Syrie;;;;auto-extracted from references;;1980;;;
Arnaud1987_LaSyrieduM;;No;FALSE;external;;;Arnaud;;No;;La Syrie du Moyen-Euphrate sous le protectorat hittite: Contrats de droit privé;;;;auto-extracted from references;;1987;;;
Unknown2009_Advancesin;;No;FALSE;external;;;Unknown;;No;;Advances in Mesopotamian Medicine from Hammurabi to Hippocrates;;;;auto-extracted from references;;2009;;;
Baker2003_RecordKeep;;No;FALSE;external;;;Baker;;No;;Record-Keeping Practices as Revealed by the Neo-Babylonian Private Archival Documents;;;;auto-extracted from references;;2003;;;
Battini1996_Lalocalisa;;No;FALSE;external;;;Battini;;No;;La localisation des archives du palais sud-ouest de Ninive;;;;auto-extracted from references;;1996;;;
Bauer1998_Mesopotami;;No;FALSE;external;;;Bauer;;No;;Mesopotamien: Späturuk-Zeit und Frühdynastische Zeit;;;;auto-extracted from references;;1998;;;
Beaulieu1989_TheReignof;;No;FALSE;external;;;Beaulieu;;No;;The Reign of Nabonidus, King of Babylon (556–539 B.C;;;;auto-extracted from references;;1989;;;
Beaulieu1993_TheHistori;;No;FALSE;external;;;Beaulieu;;No;;The Historical Background of the Uruk Prophecy;;;;auto-extracted from references;;1993;;;
Beaulieu2000_TheDescend;;No;FALSE;external;;;Beaulieu;;No;;The Descendants of Sîn-lēqi-unninni;;;;auto-extracted from references;;2000;;;
Beaulieu2007_LateBabylo;;No;FALSE;external;;;Beaulieu;;No;;Late Babylonian Intellectual Life;;;;auto-extracted from references;;2007;;;
Unknown1989_DUMUEDUBBA;;No;FALSE;external;;;Unknown;;No;;DUMU-E-DUB-BA-A: Studies in Honor of Åke W. Sjöberg;;;;auto-extracted from references;;1989;;;
Bezold1889_Catalogueo;;No;FALSE;external;;;Bezold;;No;;Catalogue of the Cuneiform Tablets in the Kouyunjik Collection of the British Museum;;;;auto-extracted from references;;1889;;;
Biga2003_TheReconst;;No;FALSE;external;;;Biga;;No;;The Reconstruction of a Relative Chronology for the Ebla Texts;;;;auto-extracted from references;;2003;;;
Biggs1973_RegionalCu;;No;FALSE;external;;;Biggs;;No;;Regional Cuneiform Handwritings in Third Millennium Mesopotamia;;;;auto-extracted from references;;1973;;;
Birot1985_Leschroniq;;No;FALSE;external;;;Birot;;No;;Les chroniques ‘assyriennes’ de Mari;;;;auto-extracted from references;;1985;;;
Black2008_TextsfromU;;No;FALSE;external;;;Black;;No;;Texts from Ur Kept in the Iraq Museum and in the British Museum;;;;auto-extracted from references;;2008;;;
Bleibtreu2003_Bemerkunge;;No;FALSE;external;;;Bleibtreu;;No;;Bemerkungen zum Griffel des Tontafelschreibers;;;;auto-extracted from references;;2003;;;
Bock1996_WennduzuNi;;No;FALSE;external;;;Böck;;No;;‘Wenn du zu Nintinuga gesprochen hast ...’: Untersuchungen zu Aufbau, Inhalt, Sitz-im-Leben und Funktion sumerischer Gottesbriefe;;;;auto-extracted from references;;1996;;;
Bock2000_Mesopotami;;No;FALSE;external;;;Böck;;No;;Mesopotamische Morphoskopie;;;;auto-extracted from references;;2000;;;
Bonechi1992_Relationsa;;No;FALSE;external;;;Bonechi;;No;;Relations amicales syro-palestiniennes: Mari et Hasor au XVIIIe siècle av. J.-C;;;;auto-extracted from references;;1992;;;
Bonneterre1988_Pouruneetu;;No;FALSE;external;;;Bonneterre;;No;;Pour une étude des dermatoglyphes digitaux sur des tablettes cunéiformes;;;;auto-extracted from references;;1988;;;
Unknown1991_Unebibliot;;No;FALSE;external;;;Unknown;;No;;Une bibliothèque au sud de la ville: Les textes de la 34e campagne (1973;;;;auto-extracted from references;;1991;;;
Borger1957_Geheimwiss;;No;FALSE;external;;;Borger;;No;;Geheimwissen;;;;auto-extracted from references;;1957;;;
Borger1990_Schlusselz;;No;FALSE;external;;;Borger;;No;;Schlüssel zu M;;;;auto-extracted from references;;1990;;;
Borger1996_Beitragezu;;No;FALSE;external;;;Borger;;No;;Beiträge zum Inschriftenwerk Assurbanipals;;;;auto-extracted from references;;1996;;;
Bottero1974_Symptomess;;No;FALSE;external;;;Bottéro;;No;;Symptômes, signes, écritures en Mésopotamie ancienne;;;;auto-extracted from references;;1974;;;
Bottero1985_Mythesetri;;No;FALSE;external;;;Bottéro;;No;;Mythes et rites de Babylone;;;;auto-extracted from references;;1985;;;
Bottero1987_LaMesopota;;No;FALSE;external;;;Bottéro;;No;;La Mésopotamie: L’écriture, la raison et les dieux;;;;auto-extracted from references;;1987;;;
Boyer1958_Textesjuri;;No;FALSE;external;;;Boyer;;No;;Textes juridiques;;;;auto-extracted from references;;1958;;;
Brinkman2006_Babylonian;;No;FALSE;external;;;Brinkman;;No;;Babylonian Royal and Land Grants, Memorials of Financial Interest, and Invocation of the Divine;;;;auto-extracted from references;;2006;;;
Brosius2003_AncientArc;;No;FALSE;external;;;Brosius;;No;;Ancient Archives and Concepts of Record-Keeping: An Introduction;;;;auto-extracted from references;;2003;;;
Buccellati1993_ThroughaTa;;No;FALSE;external;;;Buccellati;;No;;Through a Tablet Darkly: A Reconstruction of Old Akkadian Monuments Described in Old Babylonian Copies;;;;auto-extracted from references;;1993;;;
Butler1998_Mesopotami;;No;FALSE;external;;;Butler;;No;;Mesopotamian Conceptions of Dreams and Dream Rituals;;;;auto-extracted from references;;1998;;;
Cancik-Kirschbaum1996_Diemittela;;No;FALSE;external;;;Cancik-Kirschbaum;;No;;Die mittelassyrischen Briefe aus Tall Šēḫ Ḥamad;;;;auto-extracted from references;;1996;;;
Cancik-Kirschbaum2006_Lescaracte;;No;FALSE;external;;;Cancik-Kirschbaum;;No;;Les caractères en forme de coins: Le cas du cunéiforme;;;;auto-extracted from references;;2006;;;
Caquot1989_Textesreli;;No;FALSE;external;;;Caquot;;No;;Textes religieux, rituels, correspondance;;;;auto-extracted from references;;1989;;;
Cassin1987_Lesemblabl;;No;FALSE;external;;;Cassin;;No;;Le semblable et le différent: Symbolismes du pouvoir dans le Proche-Orient ancien;;;;auto-extracted from references;;1987;;;
Castel1995_Contextear;;No;FALSE;external;;;Castel;;No;;Contexte archéologique et statut des documents: Les textes retrouvés dans les maisons mésopotamiennes du Ier millénaire av;;;;auto-extracted from references;;1995;;;
Cavigneaux1996_URUKAltbab;;No;FALSE;external;;;Cavigneaux;;No;;URUK: Altbabylonische Texte aus dem Planquadrat Pe XVI4/5 nach Kopien von Adam Falkenstein;;;;auto-extracted from references;;1996;;;
Cecen1995_Inamatikae;;No;FALSE;external;;;Ceçen;;No;;Ina matika eblum;;;;auto-extracted from references;;1995;;;
Chamaza1992_Syntactica;;No;FALSE;external;;;Chamaza;;No;;Syntactical and Stylistic Observations on the Text of the Eighth Campaign of Sargon II;;;;auto-extracted from references;;1992;;;
Charpin1980_Archivesfa;;No;FALSE;external;;;Charpin;;No;;Archives familiales et propriété privée en Babylonie ancienne: Étude des documents de Tell Sifr;;;;auto-extracted from references;;1980;;;
Charpin1983_Uninventai;;No;FALSE;external;;;Charpin;;No;;Un inventaire général des trésors du palais de Mari;;;;auto-extracted from references;;1983;;;
Charpin1989_Correction;;No;FALSE;external;;;Charpin;;No;;Corrections, ratures, annulations;;;;auto-extracted from references;;1989;;;
Charpin1990_Uneallianc;;No;FALSE;external;;;Charpin;;No;;Une alliance contre l’Elam;;;;auto-extracted from references;;1990;;;
Charpin1991_Untraiteen;;No;FALSE;external;;;Charpin;;No;;Un traité entre Zimri-Lim et Ibal-pi-El II;;;;auto-extracted from references;;1991;;;
Charpin1992_Lesmalheur;;No;FALSE;external;;;Charpin;;No;;Les malheurs d’un scribe;;;;auto-extracted from references;;1992;;;
Charpin1992_Leslegende;;No;FALSE;external;;;Charpin;;No;;Les légendes de sceaux de Mari;;;;auto-extracted from references;;1992;;;
Charpin1993_Unsouverai;;No;FALSE;external;;;Charpin;;No;;Un souverain éphémère;;;;auto-extracted from references;;1993;;;
Charpin1994_Lesumerien;;No;FALSE;external;;;Charpin;;No;;Le sumérien, langue morte parlée;;;;auto-extracted from references;;1994;;;
Charpin1995_Leserreurs;;No;FALSE;external;;;Charpin;;No;;Les erreurs de scribes;;;;auto-extracted from references;;1995;;;
Charpin1997_Sapiratumv;;No;FALSE;external;;;Charpin;;No;;Sapiratum, ville du Suḫûm;;;;auto-extracted from references;;1997;;;
Charpin1999_SumerIIIEc;;No;FALSE;external;;;Charpin;;No;;Sumer III: Écoles et éducation;;;;auto-extracted from references;;1999;;;
Charpin2002_Esquissedu;;No;FALSE;external;;;Charpin;;No;;Esquisse d’une diplomatique des documents mésopotamiens;;;;auto-extracted from references;;2002;;;
Charpin2002_Lacommemor;;No;FALSE;external;;;Charpin;;No;;La commémoration d’actes juridiques;;;;auto-extracted from references;;2002;;;
Charpin2003_Lesacrific;;No;FALSE;external;;;Charpin;;No;;Le sacrifice de chèvres lors d’alliances;;;;auto-extracted from references;;2003;;;
Charpin2004_Histoirepo;;No;FALSE;external;;;Charpin;;No;;Histoire politique du Proche-Orient amorrite;;;;auto-extracted from references;;2004;;;
Civil1979_TheSeriesl;;No;FALSE;external;;;Civil;;No;;The Series lu = ša and Related Texts;;;;auto-extracted from references;;1979;;;
Civil1983_AnEarlyDyn;;No;FALSE;external;;;Civil;;No;;An Early Dynastic School Exercise from Lagaš;;;;auto-extracted from references;;1983;;;
Civil1987_UrIIIBurea;;No;FALSE;external;;;Civil;;No;;Ur III Bureaucracy: Quantitative Aspects;;;;auto-extracted from references;;1987;;;
Civil2008_TheEarlyDy;;No;FALSE;external;;;Civil;;No;;The Early Dynastic Practical Vocabulary A (Archaic HAR-RA A;;;;auto-extracted from references;;2008;;;
Clancier2005_Lesbibliot;;No;FALSE;external;;;Clancier;;No;;Les bibliothèques en Babylonie dans la deuxième moitié du Ier millénaire av;;;;auto-extracted from references;;2005;;;
Unknown1993_TheTableta;;No;FALSE;external;;;Unknown;;No;;The Tablet and the Scroll: Near Eastern Studies in Honor of W;;;;auto-extracted from references;;1993;;;
Cole1996_TheEarlyNe;;No;FALSE;external;;;Cole;;No;;The Early Neo-Babylonian Governor’s Archive from Nippur;;;;auto-extracted from references;;1996;;;
Cooper2006_Responsefo;;No;FALSE;external;;;Cooper;;No;;Response for the First Session;;;;auto-extracted from references;;2006;;;
Cooper1983_TheSumeria;;No;FALSE;external;;;Cooper;;No;;The Sumerian Sargon Legend;;;;auto-extracted from references;;1983;;;
Dain1961_Introducti;;No;FALSE;external;;;Dain;;No;;Introduction à la paléographie;;;;auto-extracted from references;;1961;;;
Unknown2008_TheCityofE;;No;FALSE;external;;;Unknown;;No;;The City of Emar among the Late Bronze Age Empires;;;;auto-extracted from references;;2008;;;
Dalley1973_OldBabylon;;No;FALSE;external;;;Dalley;;No;;Old Babylonian Greeting Formulae and the Iltani’s Archive from Rimah;;;;auto-extracted from references;;1973;;;
Daniels1995_TheDeciphe;;No;FALSE;external;;;Daniels;;No;;The Decipherment of Ancient Near Eastern Scripts;;;;auto-extracted from references;;1995;;;
Daniels1995_CuneiformC;;No;FALSE;external;;;Daniels;;No;;Cuneiform Calligraphy;;;;auto-extracted from references;;1995;;;
Dassow2009_NaramSinof;;No;FALSE;external;;;Dassow;;No;;Naram-Sîn of Uruk: A New King in an Old Shoebox;;;;auto-extracted from references;;2009;;;
Riva2008_TheNeoBaby;;No;FALSE;external;;;Riva;;No;;The Neo-Babylonian Royal Inscriptions: An Introduction;;;;auto-extracted from references;;2008;;;
Demare-Lafont1987_Linterpret;;No;FALSE;external;;;Demare-Lafont;;No;;L’interprétation de Nb 5,31 à la lumière des droits cunéiformes;;;;auto-extracted from references;;1987;;;
Unknown2004_Assyriaand;;No;FALSE;external;;;Unknown;;No;;Assyria and Beyond: Studies Presented to Mogens Trolle Larsen;;;;auto-extracted from references;;2004;;;
Unknown1999_BorninHeav;;No;FALSE;external;;;Unknown;;No;;Born in Heaven, Made on Earth: The Making of the Cult Image in the Ancient Near East;;;;auto-extracted from references;;1999;;;
Dietrich1990_Dieakkadis;;No;FALSE;external;;;Dietrich;;No;;Die akkadischen Texte der Archive und Bibliotheken von Emar;;;;auto-extracted from references;;1990;;;
Dietrich2001_Babylonisc;;No;FALSE;external;;;Dietrich;;No;;Babylonische Sklaven auf der Schreiberschule;;;;auto-extracted from references;;2001;;;
Unknown1995_VomAltenOr;;No;FALSE;external;;;Unknown;;No;;Vom Alten Orient zum Alten Testament: Festschrift für Wolfram Freiherrn von Soden zum 85. Geburtstag;;;;auto-extracted from references;;1995;;;
Dombradi1996_DieDarstel;;No;FALSE;external;;;Dombradi;;No;;Die Darstellung des Rechtsaustrags in den altbabylonischen Prozessurkunden;;;;auto-extracted from references;;1996;;;
Donbaz1997_IstanbulMu;;No;FALSE;external;;;Donbaz;;No;;Istanbul Murashu Texts;;;;auto-extracted from references;;1997;;;
Unknown2003_CulturalRe;;No;FALSE;external;;;Unknown;;No;;Cultural Repertoires: Structure, Function, and Dynamics;;;;auto-extracted from references;;2003;;;
Durand1982_Sumerienet;;No;FALSE;external;;;Durand;;No;;Sumérien et akkadien en pays amorrite I;;;;auto-extracted from references;;1982;;;
Durand1984_Troisetude;;No;FALSE;external;;;Durand;;No;;Trois études sur Mari;;;;auto-extracted from references;;1984;;;
Durand1985_Lasituatio;;No;FALSE;external;;;Durand;;No;;La situation historique des Šakkanakku;;;;auto-extracted from references;;1985;;;
Durand1985_Lesdamesdu;;No;FALSE;external;;;Durand;;No;;Les dames du palais de Mari;;;;auto-extracted from references;;1985;;;
Durand1987_Documentsp;;No;FALSE;external;;;Durand;;No;;Documents pour l’histoire du royaume de Haute-Mésopotamie (I;;;;auto-extracted from references;;1987;;;
Durand1988_Archivesep;;No;FALSE;external;;;Durand;;No;;Archives épistolaires de Mari;;;;auto-extracted from references;;1988;;;
Durand1988_Lecturedun;;No;FALSE;external;;;Durand;;No;;Lecture d’un texte divinatoire babylonien;;;;auto-extracted from references;;1988;;;
Durand1991_Precurseur;;No;FALSE;external;;;Durand;;No;;Précurseurs syriens aux protocoles néo-assyriens;;;;auto-extracted from references;;1991;;;
Durand1992_Uniteetdiv;;No;FALSE;external;;;Durand;;No;;Unité et diversités au Proche-Orient à l’époque amorrite;;;;auto-extracted from references;;1992;;;
Durand1998_Lesdocumen;;No;FALSE;external;;;Durand;;No;;Les documents épistolaires du palais de Mari;;;;auto-extracted from references;;1998;;;
Durand2000_Assyriolog;;No;FALSE;external;;;Durand;;No;;Assyriologie;;;;auto-extracted from references;;2000;;;
Durand2003_Laconscien;;No;FALSE;external;;;Durand;;No;;La conscience du temps et sa commémoration en Mésopotamie;;;;auto-extracted from references;;2003;;;
Durand2006_Lalettrede;;No;FALSE;external;;;Durand;;No;;La lettre de Labarna au roi de Tigunanum;;;;auto-extracted from references;;2006;;;
Durand2008_Lareligion;;No;FALSE;external;;;Durand;;No;;La religion à l’époque amorrite d’après les archives de Mari;;;;auto-extracted from references;;2008;;;
Durand1997_Lesrituels;;No;FALSE;external;;;Durand;;No;;Les rituels de Mari;;;;auto-extracted from references;;1997;;;
Unknown1985_Miscellane;;No;FALSE;external;;;Unknown;;No;;Miscellanea babylonica;;;;auto-extracted from references;;1985;;;
Edel1994_Dieagyptis;;No;FALSE;external;;;Edel;;No;;Die ägyptisch-hethitische Korrespondenz aus Boğazköy;;;;auto-extracted from references;;1994;;;
Edel1997_DerVertrag;;No;FALSE;external;;;Edel;;No;;Der Vertrag zwischen Ramses II;;;;auto-extracted from references;;1997;;;
Edzard1976_Keilschrif;;No;FALSE;external;;;Edzard;;No;;Keilschrift;;;;auto-extracted from references;;1976;;;
Edzard1997_Ledevelopp;;No;FALSE;external;;;Edzard;;No;;Le développement de l’écriture cunéiforme;;;;auto-extracted from references;;1997;;;
Eidem2000_NorthernJe;;No;FALSE;external;;;Eidem;;No;;Northern Jezirah in the Eighteenth Century B.C;;;;auto-extracted from references;;2000;;;
Eidem2002_TheClayThe;;No;FALSE;external;;;Eidem;;No;;The Clay They Wrote On;;;;auto-extracted from references;;2002;;;
Eidem2008_ApumAKingd;;No;FALSE;external;;;Eidem;;No;;Apum: A Kingdom on the Old Assyrian Route;;;;auto-extracted from references;;2008;;;
Unknown1992_Nippuratth;;No;FALSE;external;;;Unknown;;No;;Nippur at the Centennial;;;;auto-extracted from references;;1992;;;
Elsen-Novak2006_DerKonigde;;No;FALSE;external;;;Elsen-Novák;;No;;Der ‘König der Gerechtigkeit’;;;;auto-extracted from references;;2006;;;
Eph'al2006_Observatio;;No;FALSE;external;;;Ephʿal;;No;;Observations on Two Inscriptions of Esarhaddon;;;;auto-extracted from references;;2006;;;
Fales1986_AramaicEpi;;No;FALSE;external;;;Fales;;No;;Aramaic Epigraphs on Clay Tablets of the Neo-Assyrian Period;;;;auto-extracted from references;;1986;;;
Fales1991_Narrativea;;No;FALSE;external;;;Fales;;No;;Narrative and Ideological Variations in the Account of Sargon’s Eighth Campaign;;;;auto-extracted from references;;1991;;;
Fales1999_AssyrianRo;;No;FALSE;external;;;Fales;;No;;Assyrian Royal Inscriptions: Newer Horizons;;;;auto-extracted from references;;1999;;;
Fales2007_Multilingu;;No;FALSE;external;;;Fales;;No;;Multilingualism on Multiple Media in the Neo-Assyrian Period;;;;auto-extracted from references;;2007;;;
Figulla1953_AccountsCo;;No;FALSE;external;;;Figulla;;No;;Accounts Concerning Allocation of Provisions for Offerings in the Ningal Temple at Ur;;;;auto-extracted from references;;1953;;;
Fincke2006_Ominadiego;;No;FALSE;external;;;Fincke;;No;;Omina, die göttlichen ‘Gesetze’ der Divination;;;;auto-extracted from references;;2006;;;
Finet1969_Lessymbole;;No;FALSE;external;;;Finet;;No;;Les symboles du cheveu, du bord du vêtement et de l’ongle en Mésopotamie;;;;auto-extracted from references;;1969;;;
Finkel1988_Adadaplaid;;No;FALSE;external;;;Finkel;;No;;Adad-apla-iddina, Esagil-kin-apli, and the Series SA.GIG;;;;auto-extracted from references;;1988;;;
Finkel2006_OnanIzbuVI;;No;FALSE;external;;;Finkel;;No;;On an Izbu VII Commentary;;;;auto-extracted from references;;2006;;;
Foster1986_Archivesan;;No;FALSE;external;;;Foster;;No;;Archives and Empire in Sargonic Mesopotamia;;;;auto-extracted from references;;1986;;;
Foster1991_OnAuthorsh;;No;FALSE;external;;;Foster;;No;;On Authorship in Akkadian Literature;;;;auto-extracted from references;;1991;;;
Foster1993_Lettersand;;No;FALSE;external;;;Foster;;No;;Letters and Literature: A Ghost’s Entreaty;;;;auto-extracted from references;;1993;;;
Foster2005_Shuruppaka;;No;FALSE;external;;;Foster;;No;;Shuruppak and the Sumerian City State;;;;auto-extracted from references;;2005;;;
Foster2005_BeforetheM;;No;FALSE;external;;;Foster;;No;;Before the Muses: An Anthology of Akkadian Literature;;;;auto-extracted from references;;2005;;;
Foster2007_AkkadianLi;;No;FALSE;external;;;Foster;;No;;Akkadian Literature of the Late Period;;;;auto-extracted from references;;2007;;;
Frahm1997_Einleitung;;No;FALSE;external;;;Frahm;;No;;Einleitung in die Sanherib-Inschriften;;;;auto-extracted from references;;1997;;;
Frahm0_Forthcomin;;No;FALSE;external;;;Frahm;;No;;Forthcoming;;;;auto-extracted from references;;0000;;;
Frake1983_DidLiterac;;No;FALSE;external;;;Frake;;No;;Did Literacy Cause the Great Cognitive Divide?;;;;auto-extracted from references;;1983;;;
Freedman1998_IfaCityIsS;;No;FALSE;external;;;Freedman;;No;;If a City Is Set on a Height;;;;auto-extracted from references;;1998;;;
Freedman2006_BM129092;;No;FALSE;external;;;Freedman;;No;;BM 129092;;;;auto-extracted from references;;2006;;;
Friberg1987_Mathematik;;No;FALSE;external;;;Friberg;;No;;Mathematik;;;;auto-extracted from references;;1987;;;
Fronzaroli2003_Testidican;;No;FALSE;external;;;Fronzaroli;;No;;Testi di cancelleria: I rapporti con le città;;;;auto-extracted from references;;2003;;;
Galter1997_Assyrische;;No;FALSE;external;;;Galter;;No;;Assyrische Königsinschriften des 2. Jahrtausends v. Chr;;;;auto-extracted from references;;1997;;;
Garfinkle2004_ShepherdsM;;No;FALSE;external;;;Garfinkle;;No;;Shepherds, Merchants, and Credit;;;;auto-extracted from references;;2004;;;
Gasche2006_Lieudensei;;No;FALSE;external;;;Gasche;;No;;Lieu d’enseignement ou atelier de recyclage;;;;auto-extracted from references;;2006;;;
Unknown1994_Cinquanted;;No;FALSE;external;;;Unknown;;No;;Cinquante-deux réflexions sur le Proche-Orient ancien;;;;auto-extracted from references;;1994;;;
Gavrilov1997_Techniques;;No;FALSE;external;;;Gavrilov;;No;;Techniques of Reading in Classical Antiquity;;;;auto-extracted from references;;1997;;;
Gelb1977_Typologyof;;No;FALSE;external;;;Gelb;;No;;Typology of Mesopotamian Seal Inscriptions;;;;auto-extracted from references;;1977;;;
Geller1997_TheLastWed;;No;FALSE;external;;;Geller;;No;;The Last Wedge;;;;auto-extracted from references;;1997;;;
Geller2005_RenalandRe;;No;FALSE;external;;;Geller;;No;;Renal and Rectal Disease Texts;;;;auto-extracted from references;;2005;;;
George2003_ReviewofGe;;No;FALSE;external;;;George;;No;;Review of Gesche 2001;;;;auto-extracted from references;;2003;;;
George2005_InSearchof;;No;FALSE;external;;;George;;No;;In Search of the e.dub.ba.a;;;;auto-extracted from references;;2005;;;
George2007_TheEpicofG;;No;FALSE;external;;;George;;No;;The Epic of Gilgamesh;;;;auto-extracted from references;;2007;;;
George2007_Gilgamesha;;No;FALSE;external;;;George;;No;;Gilgamesh and the Literary Traditions of Ancient Mesopotamia;;;;auto-extracted from references;;2007;;;
George2007_TheGilgame;;No;FALSE;external;;;George;;No;;The Gilgamesh Epic at Ugarit;;;;auto-extracted from references;;2007;;;
Unknown2000_WisdomGods;;No;FALSE;external;;;Unknown;;No;;Wisdom, Gods, and Literature;;;;auto-extracted from references;;2000;;;
Unknown1977_SealsandSe;;No;FALSE;external;;;Unknown;;No;;Seals and Sealing in the Ancient Near East;;;;auto-extracted from references;;1977;;;
Glassner2004_Mesopotami;;No;FALSE;external;;;Glassner;;No;;Mesopotamian Chronicles;;;;auto-extracted from references;;2004;;;
Godard1990_Lepouvoird;;No;FALSE;external;;;Godard;;No;;Le pouvoir de l’écrit;;;;auto-extracted from references;;1990;;;
Goddeeris2002_Economyand;;No;FALSE;external;;;Goddeeris;;No;;Economy and Society in Northern Babylonia in the Early Old Babylonian Period;;;;auto-extracted from references;;2002;;;
Goetze1947_OldBabylon;;No;FALSE;external;;;Goetze;;No;;Old Babylonian Omen Texts;;;;auto-extracted from references;;1947;;;
Goossens1952_Introducti;;No;FALSE;external;;;Goossens;;No;;Introduction à l’archivéconomie de l’Asie antérieure;;;;auto-extracted from references;;1952;;;
Grayson1980_Historiesa;;No;FALSE;external;;;Grayson;;No;;Histories and Historians of the Ancient Near East;;;;auto-extracted from references;;1980;;;
Grayson1991_AssyrianRu;;No;FALSE;external;;;Grayson;;No;;Assyrian Rulers of the Early First Millennium B.C;;;;auto-extracted from references;;1991;;;
Grayson1996_AssyrianRu;;No;FALSE;external;;;Grayson;;No;;Assyrian Rulers of the Early First Millennium B.C;;;;auto-extracted from references;;1996;;;
Grayson2000_Murmuringi;;No;FALSE;external;;;Grayson;;No;;Murmuring in Mesopotamia;;;;auto-extracted from references;;2000;;;
Greengus1969_OldBabylon;;No;FALSE;external;;;Greengus;;No;;Old Babylonian Marriage Contracts;;;;auto-extracted from references;;1969;;;
Guichard1994_Aupaysdela;;No;FALSE;external;;;Guichard;;No;;Au pays de la Dame de Nagar;;;;auto-extracted from references;;1994;;;
Guichard1997_Violationd;;No;FALSE;external;;;Guichard;;No;;Violation du serment et casuistique à Mari;;;;auto-extracted from references;;1997;;;
Guichard1999_Lesmention;;No;FALSE;external;;;Guichard;;No;;Les mentions de la Crète à Mari;;;;auto-extracted from references;;1999;;;
Guichard2004_Lamaledict;;No;FALSE;external;;;Guichard;;No;;La malédiction de cette tablette est très dure!;;;;auto-extracted from references;;2004;;;
Unknown2006_IfaManBuil;;No;FALSE;external;;;Unknown;;No;;If a Man Builds a Joyful House;;;;auto-extracted from references;;2006;;;
Gunbatti2001_TheRiverOr;;No;FALSE;external;;;Günbattı;;No;;The River Ordeal in Ancient Anatolia;;;;auto-extracted from references;;2001;;;
Gurney1989_Literaryan;;No;FALSE;external;;;Gurney;;No;;Literary and Miscellaneous Texts in the Ashmolean Museum;;;;auto-extracted from references;;1989;;;
Hackl2007_Dersubordi;;No;FALSE;external;;;Hackl;;No;;Der subordinierte Satz in den spätbabylonischen Briefen;;;;auto-extracted from references;;2007;;;
Hagenbuchner1989_DieKorresp;;No;FALSE;external;;;Hagenbuchner;;No;;Die Korrespondenz der Hethiter;;;;auto-extracted from references;;1989;;;
Hallo1977_SealsLosta;;No;FALSE;external;;;Hallo;;No;;Seals Lost and Found;;;;auto-extracted from references;;1977;;;
Hallo2002_AModelCour;;No;FALSE;external;;;Hallo;;No;;A Model Court Case Concerning Inheritance;;;;auto-extracted from references;;2002;;;
Unknown2001_SealsandSe;;No;FALSE;external;;;Unknown;;No;;Seals and Seal Impressions;;;;auto-extracted from references;;2001;;;
Hattori2001_SealPracti;;No;FALSE;external;;;Hattori;;No;;Seal Practices in Ur III Nippur;;;;auto-extracted from references;;2001;;;
Heesel2000_Babylonisc;;No;FALSE;external;;;Heesel;;No;;Babylonisch-assyrische Diagnostik;;;;auto-extracted from references;;2000;;;
Heimpel2003_Letterstot;;No;FALSE;external;;;Heimpel;;No;;Letters to the King of Mari;;;;auto-extracted from references;;2003;;;
Hilprecht1910_TheEarlies;;No;FALSE;external;;;Hilprecht;;No;;The Earliest Version of the Babylonian Deluge Story and the Temple Library of Nippur;;;;auto-extracted from references;;1910;;;
Horowitz2004_FromHazort;;No;FALSE;external;;;Horowitz;;No;;From Hazor to Mari and Ekallatum;;;;auto-extracted from references;;2004;;;
Horsnell1999_TheYearNam;;No;FALSE;external;;;Horsnell;;No;;The Year Names of the First Dynasty of Babylon;;;;auto-extracted from references;;1999;;;
Horsnell2004_OntheUseof;;No;FALSE;external;;;Horsnell;;No;;On the Use of Year Names;;;;auto-extracted from references;;2004;;;
Huber2001_Lacorrespo;;No;FALSE;external;;;Huber;;No;;La correspondance royale d’Ur, un corpus apocryphe;;;;auto-extracted from references;;2001;;;
Unknown1987_Larsa10eca;;No;FALSE;external;;;Unknown;;No;;Larsa 10e campagne... Rapport préliminaire;;;;auto-extracted from references;;1987;;;
Ichisar1981_Lesarchive;;No;FALSE;external;;;Ichisar;;No;;Les archives cappadociennes du marchand Imdilum;;;;auto-extracted from references;;1981;;;
Ikeda1999_ScribesinE;;No;FALSE;external;;;Ikeda;;No;;Scribes in Emar;;;;auto-extracted from references;;1999;;;
Janssen1991_Samsuiluna;;No;FALSE;external;;;Janssen;;No;;Samsu-iluna and the Hungry nadītums;;;;auto-extracted from references;;1991;;;
Joannes1984_Textesnos9;;No;FALSE;external;;;Joannès;;No;;Textes nos. 91 à 245;;;;auto-extracted from references;;1984;;;
Joannes1985_Nouveauxme;;No;FALSE;external;;;Joannès;;No;;Nouveaux memorandums;;;;auto-extracted from references;;1985;;;
Joannes1990_Lestablett;;No;FALSE;external;;;Joannès;;No;;Les tablettes néo-babyloniennes de la Bodleian Library;;;;auto-extracted from references;;1990;;;
Joannes1992_Lesarchive;;No;FALSE;external;;;Joannès;;No;;Les archives de Ninurta-ahhē-bullit;;;;auto-extracted from references;;1992;;;
Joannes1994_Unprecurse;;No;FALSE;external;;;Joannès;;No;;Un précurseur paléo-babylonien de la série Šumma ālu;;;;auto-extracted from references;;1994;;;
Joannes1997_Palmyreetl;;No;FALSE;external;;;Joannès;;No;;Palmyre et les routes du désert;;;;auto-extracted from references;;1997;;;
Unknown2000_Rendrelaju;;No;FALSE;external;;;Unknown;;No;;Rendre la justice en Mésopotamie;;;;auto-extracted from references;;2000;;;
Jonker1995_TheTopogra;;No;FALSE;external;;;Jonker;;No;;The Topography of Remembrance;;;;auto-extracted from references;;1995;;;
Jursa1997_Einebemerk;;No;FALSE;external;;;Jursa;;No;;Eine bemerkenswerte altbabylonische Prozessurkunde;;;;auto-extracted from references;;1997;;;
Kataja1987_ANeoAssyri;;No;FALSE;external;;;Kataja;;No;;A Neo-Assyrian Document on Two Cases of River Ordeal;;;;auto-extracted from references;;1987;;;
Kessler1980_Untersuchu;;No;FALSE;external;;;Kessler;;No;;Untersuchungen zur historischen Topographie Nordmesopotamiens;;;;auto-extracted from references;;1980;;;
Kestemont1974_Diplomatiq;;No;FALSE;external;;;Kestemont;;No;;Diplomatique et droit international en Asie occidentale;;;;auto-extracted from references;;1974;;;
Kienast1996_Mundlichke;;No;FALSE;external;;;Kienast;;No;;Mündlichkeit und Schriftlichkeit im keilschriftlichen Rechtswesen;;;;auto-extracted from references;;1996;;;
Kienast1995_Diesumeris;;No;FALSE;external;;;Kienast;;No;;Die sumerischen und akkadischen Briefe des III;;;;auto-extracted from references;;1995;;;
Kilmer1974_SymbolicGe;;No;FALSE;external;;;Kilmer;;No;;Symbolic Gestures in Akkadian Contracts from Alalakh;;;;auto-extracted from references;;1974;;;
King1914_Supplement;;No;FALSE;external;;;King;;No;;Supplement to the Catalogue of the Cuneiform Tablets in the Kouyunjik Collection;;;;auto-extracted from references;;1914;;;
Kitz2004_AnOathItsC;;No;FALSE;external;;;Kitz;;No;;An Oath, Its Curse and Anointing Ritual;;;;auto-extracted from references;;2004;;;
Klein1986_OnWritingM;;No;FALSE;external;;;Klein;;No;;On Writing Monumental Inscriptions in Ur III Scribal Curriculum;;;;auto-extracted from references;;1986;;;
Klein2000_TheOrigina;;No;FALSE;external;;;Klein;;No;;The Original Development of Language on Earth;;;;auto-extracted from references;;2000;;;
Klein2007_ACollectio;;No;FALSE;external;;;Klein;;No;;A Collection of Model Court Cases from Old Babylonian Nippur;;;;auto-extracted from references;;2007;;;
Klengel1968_Einealtbab;;No;FALSE;external;;;Klengel;;No;;Eine altbabylonische Verlustanzeige;;;;auto-extracted from references;;1968;;;
Koppen2002_Redeeminga;;No;FALSE;external;;;Koppen;;No;;Redeeming a Father’s Seal;;;;auto-extracted from references;;2002;;;
Kraus1985_Altbabylon;;No;FALSE;external;;;Kraus;;No;;Altbabylonische Briefe mit Siegelabrollungen;;;;auto-extracted from references;;1985;;;
Kraus1985_Einealtbab;;No;FALSE;external;;;Kraus;;No;;Eine altbabylonische Buchhaltung;;;;auto-extracted from references;;1985;;;
Krebernik2001_TallBiaTut;;No;FALSE;external;;;Krebernik;;No;;Tall Biʿa/Tuttul;;;;auto-extracted from references;;2001;;;
Kryszat2008_TheUseofWr;;No;FALSE;external;;;Kryszat;;No;;The Use of Writing among the Anatolians;;;;auto-extracted from references;;2008;;;
Labat1988_Manueldepi;;No;FALSE;external;;;Labat;;No;;Manuel d’épigraphie akkadienne;;;;auto-extracted from references;;1988;;;
Lackenbacher1990_Lepalaissa;;No;FALSE;external;;;Lackenbacher;;No;;Le palais sans rival;;;;auto-extracted from references;;1990;;;
Lackenbacher2002_Textesakka;;No;FALSE;external;;;Lackenbacher;;No;;Textes akkadiens d’Ugarit;;;;auto-extracted from references;;2002;;;
Lafont1990_Nouvellesl;;No;FALSE;external;;;Lafont;;No;;Nouvelles lettres du temps des rois d’Ur;;;;auto-extracted from references;;1990;;;
Lafont1992_Messagerse;;No;FALSE;external;;;Lafont;;No;;Messagers et ambassadeurs dans les archives de Mari;;;;auto-extracted from references;;1992;;;
Lafont1997_Lefonction;;No;FALSE;external;;;Lafont;;No;;Le fonctionnement de la poste;;;;auto-extracted from references;;1997;;;
Lafont2000_Lestextesj;;No;FALSE;external;;;Lafont;;No;;Les textes judiciaires sumériens;;;;auto-extracted from references;;2000;;;
Lafont2001_Relationsi;;No;FALSE;external;;;Lafont;;No;;Relations internationales;;;;auto-extracted from references;;2001;;;
Unknown1997_Jureretmau;;No;FALSE;external;;;Unknown;;No;;Jurer et maudire;;;;auto-extracted from references;;1997;;;
Lafont1999_Femmesdroi;;No;FALSE;external;;;Lafont;;No;;Femmes, droit et justice dans l’Antiquité orientale;;;;auto-extracted from references;;1999;;;
Lambert1960_Babylonian;;No;FALSE;external;;;Lambert;;No;;Babylonian Wisdom Literature;;;;auto-extracted from references;;1960;;;
Lambert1967_Enmedurank;;No;FALSE;external;;;Lambert;;No;;Enmeduranki and Related Matters;;;;auto-extracted from references;;1967;;;
Lambert1989_TheLawsofH;;No;FALSE;external;;;Lambert;;No;;The Laws of Hammurabi in the First Millennium;;;;auto-extracted from references;;1989;;;
Lambert1992_Catalogueo;;No;FALSE;external;;;Lambert;;No;;Catalogue of the Cuneiform Tablets... Third Supplement;;;;auto-extracted from references;;1992;;;
Lambert1999_LiteraryTe;;No;FALSE;external;;;Lambert;;No;;Literary Texts from Nimrud;;;;auto-extracted from references;;1999;;;
Lambert1968_SecondSupp;;No;FALSE;external;;;Lambert;;No;;Second Supplement to Catalogue;;;;auto-extracted from references;;1968;;;
Landsberger1937_DieSeriean;;No;FALSE;external;;;Landsberger;;No;;Die Serie ana ittišu;;;;auto-extracted from references;;1937;;;
Larsen1987_TheBabylon;;No;FALSE;external;;;Larsen;;No;;The Babylonian Lukewarm Mind;;;;auto-extracted from references;;1987;;;
Larsen1988_TheRoleofW;;No;FALSE;external;;;Larsen;;No;;The Role of Writing and Literacy;;;;auto-extracted from references;;1988;;;
Larsen1989_WhatTheyWr;;No;FALSE;external;;;Larsen;;No;;What They Wrote on Clay;;;;auto-extracted from references;;1989;;;
Larsen1996_TheConques;;No;FALSE;external;;;Larsen;;No;;The Conquest of Assyria;;;;auto-extracted from references;;1996;;;
Leemans1960_ForeignTra;;No;FALSE;external;;;Leemans;;No;;Foreign Trade in the Old Babylonian Period;;;;auto-extracted from references;;1960;;;
Leemans1982_Lafonction;;No;FALSE;external;;;Leemans;;No;;La fonction des sceaux;;;;auto-extracted from references;;1982;;;
Leemans1991_Textespale;;No;FALSE;external;;;Leemans;;No;;Textes paléo-babyloniens;;;;auto-extracted from references;;1991;;;
Unknown1988_AScientifi;;No;FALSE;external;;;Unknown;;No;;A Scientific Humanist;;;;auto-extracted from references;;1988;;;
Unknown2007_TheBabylon;;No;FALSE;external;;;Unknown;;No;;The Babylonian World;;;;auto-extracted from references;;2007;;;
Leiderer1990_Anatomiede;;No;FALSE;external;;;Leiderer;;No;;Anatomie der Schafsleber im babylonischen Leberorakel;;;;auto-extracted from references;;1990;;;
Lemaire2001_Nouvellest;;No;FALSE;external;;;Lemaire;;No;;Nouvelles tablettes araméennes;;;;auto-extracted from references;;2001;;;
Lieberman1992_NippurCity;;No;FALSE;external;;;Lieberman;;No;;Nippur: City of Decisions;;;;auto-extracted from references;;1992;;;
Linssen2003_TheCultsof;;No;FALSE;external;;;Linssen;;No;;The Cults of Uruk and Babylon;;;;auto-extracted from references;;2003;;;
Lion2001_Lesgouvern;;No;FALSE;external;;;Lion;;No;;Les gouverneurs provinciaux;;;;auto-extracted from references;;2001;;;
Liverani1973_Memorandum;;No;FALSE;external;;;Liverani;;No;;Memorandum on the Approach to Historiographic Texts;;;;auto-extracted from references;;1973;;;
Liverani2001_Mesopotami;;No;FALSE;external;;;Liverani;;No;;Mesopotamian Historiography and the Amarna Letters;;;;auto-extracted from references;;2001;;;
Livingstone1999_TheMagicof;;No;FALSE;external;;;Livingstone;;No;;The Magic of Time;;;;auto-extracted from references;;1999;;;
Luckenbill1924_Inscriptio;;No;FALSE;external;;;Luckenbill;;No;;Inscriptions of Sennacherib;;;;auto-extracted from references;;1924;;;
Luukko2007_TheAdminis;;No;FALSE;external;;;Luukko;;No;;The Administrative Roles of the Chief Scribe;;;;auto-extracted from references;;2007;;;
Luukko2002_ThePolitic;;No;FALSE;external;;;Luukko;;No;;The Political Correspondence of Esarhaddon;;;;auto-extracted from references;;2002;;;
Machinist1993_HeavenlyWi;;No;FALSE;external;;;Machinist;;No;;Heavenly Wisdom;;;;auto-extracted from references;;1993;;;
Malbran-Labat1995_Lesinscrip;;No;FALSE;external;;;Malbran-Labat;;No;;Les inscriptions royales de Suse: Briques de l’époque paléo-élamite à l’Empire néo-élamite;;;;auto-extracted from references;;1995;;;
Marazzi1994_MagliIttit;;No;FALSE;external;;;Marazzi;;No;;Ma gli Ittiti scrivevano veramente su ‘legno’?;;;;auto-extracted from references;;1994;;;
Margueron1986_Quelquesre;;No;FALSE;external;;;Margueron;;No;;Quelques remarques concernant les archives retrouvées dans le palais de Mari;;;;auto-extracted from references;;1986;;;
Margueron1995_Notesdarch;;No;FALSE;external;;;Margueron;;No;;Notes d’archéologie et d’architecture orientales 7: Le four à tablettes de l’ancienne ‘cour V’ du palais d’Ugarit;;;;auto-extracted from references;;1995;;;
Unknown2000_Assyriolog;;No;FALSE;external;;;Unknown;;No;;Assyriologica et Semitica: Festschrift für Joachim Oelsner anlässlich seines 65. Geburtstages am 18;;;;auto-extracted from references;;2000;;;
Matthiae1986_TheArchive;;No;FALSE;external;;;Matthiae;;No;;The Archives of the Royal Palace G of Ebla;;;;auto-extracted from references;;1986;;;
Matthiae2008_Gliarchivi;;No;FALSE;external;;;Matthiae;;No;;Gli archivi reali di Ebla: La scoperta, i testi, il significato;;;;auto-extracted from references;;2008;;;
Unknown1995_Nineveh612;;No;FALSE;external;;;Unknown;;No;;Nineveh 612 BC: The Glory and Fall of the Assyrian Empire;;;;auto-extracted from references;;1995;;;
Maul1991_ReviewofGu;;No;FALSE;external;;;Maul;;No;;Review of Gurney 1989;;;;auto-extracted from references;;1991;;;
Maul1994_DieKorresp;;No;FALSE;external;;;Maul;;No;;Die Korrespondenz des Iasim-Sime;;;;auto-extracted from references;;1994;;;
Unknown1998_Festschrif;;No;FALSE;external;;;Unknown;;No;;Festschrift für Rykle Borger;;;;auto-extracted from references;;1998;;;
Maul1999_HowtheBaby;;No;FALSE;external;;;Maul;;No;;How the Babylonians Protected Themselves against Calamities Announced by Omens;;;;auto-extracted from references;;1999;;;
Maul2003_DieResteei;;No;FALSE;external;;;Maul;;No;;Die Reste einer mittelassyrischen Beschwörerbibliothek;;;;auto-extracted from references;;2003;;;
Maul2005_BilingualH;;No;FALSE;external;;;Maul;;No;;Bilingual Hymns from the Seleucid–Arsacid Period;;;;auto-extracted from references;;2005;;;
Metman1961_Sigillogra;;No;FALSE;external;;;Metman;;No;;Sigillographie;;;;auto-extracted from references;;1961;;;
Michalowski1981_Konigsbrie;;No;FALSE;external;;;Michalowski;;No;;Königsbriefe;;;;auto-extracted from references;;1981;;;
Michalowski1983_ReviewofLC;;No;FALSE;external;;;Michalowski;;No;;Review of L. Cagni, Briefe aus dem Iraq Museum;;;;auto-extracted from references;;1983;;;
Michalowski1993_Lettersfro;;No;FALSE;external;;;Michalowski;;No;;Letters from Early Mesopotamia;;;;auto-extracted from references;;1993;;;
Michalowski1994_TheDrinkin;;No;FALSE;external;;;Michalowski;;No;;The Drinking of Gods;;;;auto-extracted from references;;1994;;;
Michalowski2003_TheLibrari;;No;FALSE;external;;;Michalowski;;No;;The Libraries of Babel;;;;auto-extracted from references;;2003;;;
Michalowski0_Forthcomin;;No;FALSE;external;;;Michalowski;;No;;Forthcoming;;;;auto-extracted from references;;0000;;;
Miller2001_HattusiliI;;No;FALSE;external;;;Miller;;No;;Hattusili I’s Expansion into Northern Syria;;;;auto-extracted from references;;2001;;;
Mittermayer2006_Altbabylon;;No;FALSE;external;;;Mittermayer;;No;;Altbabylonische Zeichenliste der sumerisch-literarischen Texte;;;;auto-extracted from references;;2006;;;
Mora2004_Leletteret;;No;FALSE;external;;;Mora;;No;;Le lettere tra i re ittiti e i re assiri ritrovate a Hattuša;;;;auto-extracted from references;;2004;;;
Moran2003_AmarnaStud;;No;FALSE;external;;;Moran;;No;;Amarna Studies: Collected Writings;;;;auto-extracted from references;;2003;;;
Morandi1988_Steleestat;;No;FALSE;external;;;Morandi;;No;;Stele e statue reali assire;;;;auto-extracted from references;;1988;;;
Scafa1999_TheScribes;;No;FALSE;external;;;Scafa;;No;;The Scribes of Nuzi;;;;auto-extracted from references;;1999;;;
Nougayrol1955_Textesacca;;No;FALSE;external;;;Nougayrol;;No;;Textes accadiens et hourrites des archives est, ouest et centrales;;;;auto-extracted from references;;1955;;;
Nougayrol1956_Textesacca;;No;FALSE;external;;;Nougayrol;;No;;Textes accadiens des archives sud;;;;auto-extracted from references;;1956;;;
Oettinger1976_Diemilitar;;No;FALSE;external;;;Oettinger;;No;;Die militärischen Eide der Hethiter;;;;auto-extracted from references;;1976;;;
Offner1950_Aproposdel;;No;FALSE;external;;;Offner;;No;;À propos de la sauvegarde des tablettes;;;;auto-extracted from references;;1950;;;
Oppenheim1960_TheCityofA;;No;FALSE;external;;;Oppenheim;;No;;The City of Assur in 714 BC;;;;auto-extracted from references;;1960;;;
Ouy1961_Lesbibliot;;No;FALSE;external;;;Ouy;;No;;Les bibliothèques;;;;auto-extracted from references;;1961;;;
Palaima2003_Archivesan;;No;FALSE;external;;;Palaima;;No;;‘Archives’ and ‘Scribes’ in Mycenaean Linear B Records;;;;auto-extracted from references;;2003;;;
Unknown2008_Lalettreda;;No;FALSE;external;;;Unknown;;No;;La lettre d’archive;;;;auto-extracted from references;;2008;;;
Pantalacci2008_Archivagee;;No;FALSE;external;;;Pantalacci;;No;;Archivage et scribes dans l’oasis de Dakhla;;;;auto-extracted from references;;2008;;;
Parpola1987_TheForlorn;;No;FALSE;external;;;Parpola;;No;;The Forlorn Scholar;;;;auto-extracted from references;;1987;;;
Unknown1987_StateArchi;;No;FALSE;external;;;Unknown;;No;;State Archives of Assyria;;;;auto-extracted from references;;1987;;;
Parpola1993_Mesopotami;;No;FALSE;external;;;Parpola;;No;;Mesopotamian Astrology and Astronomy;;;;auto-extracted from references;;1993;;;
Parpola1995_TheImperia;;No;FALSE;external;;;Parpola;;No;;The Imperial Archives of Nineveh;;;;auto-extracted from references;;1995;;;
Parpola1997_TheManwith;;No;FALSE;external;;;Parpola;;No;;The Man without a Scribe;;;;auto-extracted from references;;1997;;;
Parpola1988_NeoAssyria;;No;FALSE;external;;;Parpola;;No;;Neo-Assyrian Treaties and Loyalty Oaths;;;;auto-extracted from references;;1988;;;
Parrot1954_Lesfouille;;No;FALSE;external;;;Parrot;;No;;Les fouilles de Mari;;;;auto-extracted from references;;1954;;;
Pearce1998_Babylonian;;No;FALSE;external;;;Pearce;;No;;Babylonian Commentaries and Intellectual Innovation;;;;auto-extracted from references;;1998;;;
Poebel1909_Babylonian;;No;FALSE;external;;;Poebel;;No;;Babylonian Legal and Business Documents;;;;auto-extracted from references;;1909;;;
Pongratz-Leisten1999_Herrschaft;;No;FALSE;external;;;Pongratz-Leisten;;No;;Herrschaftswissen in Mesopotamien;;;;auto-extracted from references;;1999;;;
Postgate1976_FiftyNeoAs;;No;FALSE;external;;;Postgate;;No;;Fifty Neo-Assyrian Legal Documents;;;;auto-extracted from references;;1976;;;
Postgate1986_Administra;;No;FALSE;external;;;Postgate;;No;;Administrative Archives from the City of Assur;;;;auto-extracted from references;;1986;;;
Postgate2003_Documentsi;;No;FALSE;external;;;Postgate;;No;;Documents in Government under the Middle Assyrian Kingdom;;;;auto-extracted from references;;2003;;;
Potts1990_LockandKey;;No;FALSE;external;;;Potts;;No;;Lock and Key in Ancient Mesopotamia;;;;auto-extracted from references;;1990;;;
Powell1991_NaramSinSo;;No;FALSE;external;;;Powell;;No;;Naram-Sin, Son of Sargon;;;;auto-extracted from references;;1991;;;
Prang1981_Sonderbest;;No;FALSE;external;;;Prang;;No;;Sonderbestimmungen in altbabylonischen Erbteilungsurkunden;;;;auto-extracted from references;;1981;;;
Radner1995_TheRelatio;;No;FALSE;external;;;Radner;;No;;The Relation between Format and Content of Neo-Assyrian Texts;;;;auto-extracted from references;;1995;;;
Radner2005_DieMachtde;;No;FALSE;external;;;Radner;;No;;Die Macht des Namens;;;;auto-extracted from references;;2005;;;
Reade1998_NiniveNine;;No;FALSE;external;;;Reade;;No;;Ninive (Nineveh;;;;auto-extracted from references;;1998;;;
Reiner1960_PlagueAmul;;No;FALSE;external;;;Reiner;;No;;Plague Amulets and House Blessings;;;;auto-extracted from references;;1960;;;
Reiner1961_TheEtiolog;;No;FALSE;external;;;Reiner;;No;;The Etiological Myth of the Seven Sages;;;;auto-extracted from references;;1961;;;
Reiner2004_RunawaySei;;No;FALSE;external;;;Reiner;;No;;Runaway—Seize Him;;;;auto-extracted from references;;2004;;;
Reiner2005_Babylonian;;No;FALSE;external;;;Reiner;;No;;Babylonian Planetary Omens;;;;auto-extracted from references;;2005;;;
Renger1971_Uberlegung;;No;FALSE;external;;;Renger;;No;;Überlegungen zum akkadischen Syllabar;;;;auto-extracted from references;;1971;;;
Richardson2006_gir2gennaa;;No;FALSE;external;;;Richardson;;No;;gir2-gen-na and Šulgi’s ‘Library.’;;;;auto-extracted from references;;2006;;;
Richter2005_Qatnainthe;;No;FALSE;external;;;Richter;;No;;Qatna in the Late Bronze Age;;;;auto-extracted from references;;2005;;;
Unknown1987_LanguageLi;;No;FALSE;external;;;Unknown;;No;;Language, Literature and History: Studies Presented to Erica Reiner;;;;auto-extracted from references;;1987;;;
Robson2004_TheHeavenl;;No;FALSE;external;;;Robson;;No;;The Heavenly Writing;;;;auto-extracted from references;;2004;;;
Robson2006_OldBabylon;;No;FALSE;external;;;Robson;;No;;Old Babylonian Celestial Divination;;;;auto-extracted from references;;2006;;;
Rubio2000_OntheOrtho;;No;FALSE;external;;;Rubio;;No;;On the Orthography of Sumerian Literary Texts from the Ur III Period;;;;auto-extracted from references;;2000;;;
Russell1999_TheWriting;;No;FALSE;external;;;Russell;;No;;The Writing on the Wall;;;;auto-extracted from references;;1999;;;
Ruster1972_Hethitisch;;No;FALSE;external;;;Rüster;;No;;Hethitische Keilschrift-Paläographie;;;;auto-extracted from references;;1972;;;
Ruster1975_Hethitisch;;No;FALSE;external;;;Rüster;;No;;Hethitische Keilschrift-Paläographie II;;;;auto-extracted from references;;1975;;;
Sachs1976_TheLatestD;;No;FALSE;external;;;Sachs;;No;;The Latest Datable Cuneiform Tablets;;;;auto-extracted from references;;1976;;;
Sallaberger1996_ZueinigenJ;;No;FALSE;external;;;Sallaberger;;No;;Zu einigen Jahresdaten Enlil-banis von Isin;;;;auto-extracted from references;;1996;;;
Sallaberger1999_Wenndumein;;No;FALSE;external;;;Sallaberger;;No;;Wenn du mein Bruder bist ...: Interaktion und Textgestaltung in altbabylonischen Alltagsbriefen;;;;auto-extracted from references;;1999;;;
Sallaberger2001_DieEntwick;;No;FALSE;external;;;Sallaberger;;No;;Die Entwicklung der Keilschrift in Ebla;;;;auto-extracted from references;;2001;;;
Sallaberger2004_DasEndedes;;No;FALSE;external;;;Sallaberger;;No;;Das Ende des Sumerischen: Tod und Nachleben einer altmesopotamischen Sprache;;;;auto-extracted from references;;2004;;;
Sallaberger2008_DasGilgame;;No;FALSE;external;;;Sallaberger;;No;;Das Gilgamesch-Epos: Mythos, Werk und Tradition;;;;auto-extracted from references;;2008;;;
Unknown2003_LiteraturP;;No;FALSE;external;;;Unknown;;No;;Literatur, Politik und Recht in Mesopotamien: Festschrift für Claus Wilcke;;;;auto-extracted from references;;2003;;;
Salvini1994_Unalettera;;No;FALSE;external;;;Salvini;;No;;Una lettera di Ḫattušili I relativa alla spedizione contro Hahhum;;;;auto-extracted from references;;1994;;;
Unknown1961_Lhistoiree;;No;FALSE;external;;;Unknown;;No;;L’histoire et ses méthodes;;;;auto-extracted from references;;1961;;;
Unknown2006_MarginsofW;;No;FALSE;external;;;Unknown;;No;;Margins of Writing, Origins of Culture: New Approaches to Writing and Reading in the Ancient Near East;;;;auto-extracted from references;;2006;;;
Nicolo1922_DieSchluss;;No;FALSE;external;;;Nicolò;;No;;Die Schlussklauseln der altbabylonischen Kauf- und Tauschverträge;;;;auto-extracted from references;;1922;;;
Sasson1981_OnIdrimian;;No;FALSE;external;;;Sasson;;No;;On Idrimi and Sarruwa, the Scribe;;;;auto-extracted from references;;1981;;;
Sasson1988_ShunuhraHa;;No;FALSE;external;;;Sasson;;No;;Shunuhra-Ḫalu;;;;auto-extracted from references;;1988;;;
Sasson1995_Waterbenea;;No;FALSE;external;;;Sasson;;No;;Water beneath Straw: Adventures of a Prophetic Phrase in the Mari Archives;;;;auto-extracted from references;;1995;;;
Sasson1997_TheVowofMu;;No;FALSE;external;;;Sasson;;No;;The Vow of Mutiya, King of Shekhna;;;;auto-extracted from references;;1997;;;
Sasson1998_TheKingand;;No;FALSE;external;;;Sasson;;No;;The King and I: A Mari King in Changing Perception;;;;auto-extracted from references;;1998;;;
Sasson2002_TheBurdeno;;No;FALSE;external;;;Sasson;;No;;The Burden of Scribes;;;;auto-extracted from references;;2002;;;
Unknown1995_Civilizati;;No;FALSE;external;;;Unknown;;No;;Civilizations of the Ancient Near East;;;;auto-extracted from references;;1995;;;
Schaudig2002_DieInschri;;No;FALSE;external;;;Schaudig;;No;;Die Inschriften Nabonids von Babylon und Kyros’ des Großen;;;;auto-extracted from references;;2002;;;
Scheil1937_Auserviced;;No;FALSE;external;;;Scheil;;No;;Au service de Clio: Notices diverses;;;;auto-extracted from references;;1937;;;
Seidl2007_Assurbanip;;No;FALSE;external;;;Seidl;;No;;Assurbanipals Griffel;;;;auto-extracted from references;;2007;;;
Unknown2003_Festschrif;;No;FALSE;external;;;Unknown;;No;;Festschrift für Burkhart Kienast zum 70;;;;auto-extracted from references;;2003;;;
Seminara2004_Leiscrizio;;No;FALSE;external;;;Seminara;;No;;Le iscrizioni reali sumero-accadiche d’età paleobabilonese;;;;auto-extracted from references;;2004;;;
Seux1976_Hymnesetpr;;No;FALSE;external;;;Seux;;No;;Hymnes et prières aux dieux de Babylonie et d’Assyrie;;;;auto-extracted from references;;1976;;;
Shaffer2000_ANewLookat;;No;FALSE;external;;;Shaffer;;No;;A New Look at Some Old Catalogues;;;;auto-extracted from references;;2000;;;
Sigrist1984_Lessattukk;;No;FALSE;external;;;Sigrist;;No;;Les šattukku dans l’Ešumeša durant la période d’Isin et Larsa;;;;auto-extracted from references;;1984;;;
Singer2003_TheGreatSc;;No;FALSE;external;;;Singer;;No;;The Great Scribe Taki-Šarruma;;;;auto-extracted from references;;2003;;;
Sjoberg1972_InPraiseof;;No;FALSE;external;;;Sjöberg;;No;;In Praise of the Scribal Art;;;;auto-extracted from references;;1972;;;
Sjoberg1973_DerVaterun;;No;FALSE;external;;;Sjöberg;;No;;Der Vater und sein missratener Sohn;;;;auto-extracted from references;;1973;;;
Skaist1990_TheSaleCon;;No;FALSE;external;;;Skaist;;No;;The Sale Contracts from Khafajah;;;;auto-extracted from references;;1990;;;
Slanski2003_TheBabylon;;No;FALSE;external;;;Slanski;;No;;The Babylonian Entitlement narû (Kudurrus;;;;auto-extracted from references;;2003;;;
Slanski2003_Representa;;No;FALSE;external;;;Slanski;;No;;Representation of the Divine on the Babylonian Entitlement Monuments;;;;auto-extracted from references;;2003;;;
Smith1876_TheChaldea;;No;FALSE;external;;;Smith;;No;;The Chaldean Account of Genesis;;;;auto-extracted from references;;1876;;;
Sollberger1966_Businessan;;No;FALSE;external;;;Sollberger;;No;;Business and Administrative Correspondence under the Kings of Ur;;;;auto-extracted from references;;1966;;;
Sollberger1968_TheCrucifo;;No;FALSE;external;;;Sollberger;;No;;The Cruciform Monument;;;;auto-extracted from references;;1968;;;
Sollberger1971_Inscriptio;;No;FALSE;external;;;Sollberger;;No;;Inscriptions royales sumériennes et akkadiennes;;;;auto-extracted from references;;1971;;;
Spada2007_Testiecono;;No;FALSE;external;;;Spada;;No;;Testi economici da Ur di periodo paleo-babilonese;;;;auto-extracted from references;;2007;;;
Spycket1981_Lastatuair;;No;FALSE;external;;;Spycket;;No;;La statuaire du Proche-Orient ancien;;;;auto-extracted from references;;1981;;;
Steinkeller2003_ArchivalPr;;No;FALSE;external;;;Steinkeller;;No;;Archival Practices at Babylonia in the Third Millennium;;;;auto-extracted from references;;2003;;;
Steve1992_Syllabaire;;No;FALSE;external;;;Steve;;No;;Syllabaire élamite: Histoire et paléographie;;;;auto-extracted from references;;1992;;;
Stol1981_Lettersfro;;No;FALSE;external;;;Stol;;No;;Letters from Yale;;;;auto-extracted from references;;1981;;;
Stol2001_ARescripto;;No;FALSE;external;;;Stol;;No;;A Rescript of an Old Babylonian Letter;;;;auto-extracted from references;;2001;;;
Stolper1998_Inscribedi;;No;FALSE;external;;;Stolper;;No;;Inscribed in Egyptian;;;;auto-extracted from references;;1998;;;
Streck2000_Dasamurrit;;No;FALSE;external;;;Streck;;No;;Das amurritische Onomastikon der altbabylonischen Zeit;;;;auto-extracted from references;;2000;;;
Svenbro1997_LaGrecearc;;No;FALSE;external;;;Svenbro;;No;;La Grèce archaïque et classique;;;;auto-extracted from references;;1997;;;
Tadmor1997_Propaganda;;No;FALSE;external;;;Tadmor;;No;;Propaganda, Literature, Historiography;;;;auto-extracted from references;;1997;;;
Unknown1998_EnSyrieaux;;No;FALSE;external;;;Unknown;;No;;En Syrie aux origines de l’écriture;;;;auto-extracted from references;;1998;;;
Tanret2005_Shekelsfor;;No;FALSE;external;;;Tanret;;No;;Shekels for the Scribe;;;;auto-extracted from references;;2005;;;
Tanret2003_Puzzlingwi;;No;FALSE;external;;;Tanret;;No;;Puzzling with Numbers;;;;auto-extracted from references;;2003;;;
Teissier1961_Diplomatiq;;No;FALSE;external;;;Teissier;;No;;Diplomatique;;;;auto-extracted from references;;1961;;;
Unknown1950_TheHistory;;No;FALSE;external;;;Unknown;;No;;The History of the Peloponnesian War;;;;auto-extracted from references;;1950;;;
Thureau-Dangin1912_Notesassyr;;No;FALSE;external;;;Thureau-Dangin;;No;;Notes assyriologiques XVI;;;;auto-extracted from references;;1912;;;
Ulshefer1995_Diealtassy;;No;FALSE;external;;;Ulshefer;;No;;Die altassyrischen Privaturkunden;;;;auto-extracted from references;;1995;;;
Mieroop1997_OnWritinga;;No;FALSE;external;;;Mieroop;;No;;On Writing a History of the Ancient Near East;;;;auto-extracted from references;;1997;;;
Mieroop1999_CuneiformT;;No;FALSE;external;;;Mieroop;;No;;Cuneiform Texts and the Writing of History;;;;auto-extracted from references;;1999;;;
Mieroop2000_SargonofAg;;No;FALSE;external;;;Mieroop;;No;;Sargon of Agade and His Successors in Anatolia;;;;auto-extracted from references;;2000;;;
Toorn2000_CuneiformD;;No;FALSE;external;;;Toorn;;No;;Cuneiform Documents from Syria-Palestine;;;;auto-extracted from references;;2000;;;
Toorn2007_WhyWisdomB;;No;FALSE;external;;;Toorn;;No;;Why Wisdom Became a Secret;;;;auto-extracted from references;;2007;;;
Dijk1965_Uneinsurre;;No;FALSE;external;;;Dijk;;No;;Une insurrection générale au pays de Larsa;;;;auto-extracted from references;;1965;;;
Driel1973_ReviewofEl;;No;FALSE;external;;;Driel;;No;;Review of Ellis 1968;;;;auto-extracted from references;;1973;;;
Unknown1982_Zikirsumim;;No;FALSE;external;;;Unknown;;No;;Zikir šumim;;;;auto-extracted from references;;1982;;;
Lerberghe1989_ALongLasti;;No;FALSE;external;;;Lerberghe;;No;;A Long Lasting Life;;;;auto-extracted from references;;1989;;;
Lerberghe1994_AnOldBabyl;;No;FALSE;external;;;Lerberghe;;No;;An Old Babylonian Clone;;;;auto-extracted from references;;1994;;;
Unknown2001_VeenhofAnn;;No;FALSE;external;;;Unknown;;No;;Veenhof Anniversary Volume;;;;auto-extracted from references;;2001;;;
Soldt2001_Nahissalmu;;No;FALSE;external;;;Soldt;;No;;Nahiššalmu;;;;auto-extracted from references;;2001;;;
Vanstiphout1978_LipitIstar;;No;FALSE;external;;;Vanstiphout;;No;;Lipit-Ištar’s Praise in Edubba;;;;auto-extracted from references;;1978;;;
Vanstiphout2003_EpicsofSum;;No;FALSE;external;;;Vanstiphout;;No;;Epics of Sumerian Kings: The Matter of Aratta;;;;auto-extracted from references;;2003;;;
Vanstiphout2003_TheOldBaby;;No;FALSE;external;;;Vanstiphout;;No;;The Old Babylonian Literary Canon;;;;auto-extracted from references;;2003;;;
Veenhof1966_ReviewofKu;;No;FALSE;external;;;Veenhof;;No;;Review of Kutsch 1963;;;;auto-extracted from references;;1966;;;
Veenhof1986_CuneiformA;;No;FALSE;external;;;Veenhof;;No;;Cuneiform Archives: An Introduction;;;;auto-extracted from references;;1986;;;
Veenhof2003_Fatherhood;;No;FALSE;external;;;Veenhof;;No;;Fatherhood Is a Matter of Opinion;;;;auto-extracted from references;;2003;;;
Veenhof2008_Mesopotami;;No;FALSE;external;;;Veenhof;;No;;Mesopotamia: The Old Assyrian Period;;;;auto-extracted from references;;2008;;;
Veldhuis1999_ThePoetryo;;No;FALSE;external;;;Veldhuis;;No;;The Poetry of Magic;;;;auto-extracted from references;;1999;;;
Verbrugghe1996_Berossosan;;No;FALSE;external;;;Verbrugghe;;No;;Berossos and Manetho;;;;auto-extracted from references;;1996;;;
Villard1992_Parademili;;No;FALSE;external;;;Villard;;No;;Parade militaire dans les jardins de Babylone;;;;auto-extracted from references;;1992;;;
Villard1995_Lesdernier;;No;FALSE;external;;;Villard;;No;;Les derniers rapports des devins néo-assyriens;;;;auto-extracted from references;;1995;;;
Villard2006_Achemineme;;No;FALSE;external;;;Villard;;No;;Acheminement et réception de la correspondance royale;;;;auto-extracted from references;;2006;;;
Villard2008_Leslettres;;No;FALSE;external;;;Villard;;No;;Les lettres du temple d’Aššur;;;;auto-extracted from references;;2008;;;
Vincente1995_TheTallLei;;No;FALSE;external;;;Vincente;;No;;The Tall Leilan Recension of the Sumerian King List;;;;auto-extracted from references;;1995;;;
Voet1993_SealinginP;;No;FALSE;external;;;Voet;;No;;Sealing in Philadelphia and Elsewhere;;;;auto-extracted from references;;1993;;;
Voet1994_Comments;;No;FALSE;external;;;Voet;;No;;Comments;;;;auto-extracted from references;;1994;;;
Weiher1983_Spatbabylo;;No;FALSE;external;;;Weiher;;No;;Spätbabylonische Texte aus Uruk;;;;auto-extracted from references;;1983;;;
Waetzoldt1991_ReviewofTh;;No;FALSE;external;;;Waetzoldt;;No;;Review of The Organization of Power;;;;auto-extracted from references;;1991;;;
Unknown1997_Assyrienim;;No;FALSE;external;;;Unknown;;No;;Assyrien im Wandel der Zeiten;;;;auto-extracted from references;;1997;;;
Walker1987_CuneiformR;;No;FALSE;external;;;Walker;;No;;Cuneiform: Reading the Past;;;;auto-extracted from references;;1987;;;
Walker1987_TheKouyunj;;No;FALSE;external;;;Walker;;No;;The Kouyunjik Collection;;;;auto-extracted from references;;1987;;;
Walker2001_TheInducti;;No;FALSE;external;;;Walker;;No;;The Induction of the Cult Image in Ancient Mesopotamia;;;;auto-extracted from references;;2001;;;
Watanabe1985_DieBriefed;;No;FALSE;external;;;Watanabe;;No;;Die Briefe der neuassyrischen Könige;;;;auto-extracted from references;;1985;;;
Weisberg1969_AnOldBabyl;;No;FALSE;external;;;Weisberg;;No;;An Old Babylonian Forerunner to šumma ālu;;;;auto-extracted from references;;1969;;;
Westbrook1988_OldBabylon;;No;FALSE;external;;;Westbrook;;No;;Old Babylonian Marriage Law;;;;auto-extracted from references;;1988;;;
Westenholz2007_TheGraecoB;;No;FALSE;external;;;Westenholz;;No;;The Graeco-Babyloniaca Once Again;;;;auto-extracted from references;;2007;;;
Westenholz1993_Writingfor;;No;FALSE;external;;;Westenholz;;No;;Writing for Posterity;;;;auto-extracted from references;;1993;;;
Westenholz1997_Legendsoft;;No;FALSE;external;;;Westenholz;;No;;Legends of the Kings of Akkade;;;;auto-extracted from references;;1997;;;
Westenholz2004_TheOldAkka;;No;FALSE;external;;;Westenholz;;No;;The Old Akkadian Presence at Nineveh;;;;auto-extracted from references;;2004;;;
Whiting1977_SealingPra;;No;FALSE;external;;;Whiting;;No;;Sealing Practices at Eshnunna;;;;auto-extracted from references;;1977;;;
Whiting1987_OldBabylon;;No;FALSE;external;;;Whiting;;No;;Old Babylonian Letters from Tell Asmar;;;;auto-extracted from references;;1987;;;
Wilcke2006_DieHymneau;;No;FALSE;external;;;Wilcke;;No;;Die Hymne auf das Heiligtum Keš;;;;auto-extracted from references;;2006;;;
Wilhelm1970_Untersuchu;;No;FALSE;external;;;Wilhelm;;No;;Untersuchungen zum Hurro-Akkadischen von Nuzi;;;;auto-extracted from references;;1970;;;
Wilhelm1991_AHurrianLe;;No;FALSE;external;;;Wilhelm;;No;;A Hurrian Letter from Tell Brak;;;;auto-extracted from references;;1991;;;
Unknown2004_TheCambrid;;No;FALSE;external;;;Unknown;;No;;The Cambridge Encyclopedia of the World’s Ancient Languages;;;;auto-extracted from references;;2004;;;
Unknown1914_Cyropaedia;;No;FALSE;external;;;Unknown;;No;;Cyropaedia;;;;auto-extracted from references;;1914;;;
Unknown2001_Etudesouga;;No;FALSE;external;;;Unknown;;No;;Études ougaritiques I;;;;auto-extracted from references;;2001;;;
Unknown1997_CrossingBo;;No;FALSE;external;;;Unknown;;No;;Crossing Boundaries and Linking Horizons;;;;auto-extracted from references;;1997;;;
Ziegler2000_Aspectseco;;No;FALSE;external;;;Ziegler;;No;;Aspects économiques des guerres de Šamši-Addu;;;;auto-extracted from references;;2000;;;
Unknown2006_Lamusiquea;;No;FALSE;external;;;Unknown;;No;;La musique au Proche-Orient ancien;;;;auto-extracted from references;;2006;;;
Ziegler2007_Florilegiu;;No;FALSE;external;;;Ziegler;;No;;Florilegium marianum IX;;;;auto-extracted from references;;2007;;;
Ziegler2004_Unelettred;;No;FALSE;external;;;Ziegler;;No;;Une lettre de Šamši-Addu découverte à Hazor?;;;;auto-extracted from references;;2004;;;
Ziegler2007_Amurritisc;;No;FALSE;external;;;Ziegler;;No;;Amurritisch lernen;;;;auto-extracted from references;;2007;;;
Barjamovic2008_AnOldAssyr;;No;FALSE;external;;;Barjamovic;;No;;An Old Assyrian Incantation against the Evil Eye;;;;auto-extracted from references;;2008;;;
Buccellati1993_ThroughaGl;;No;FALSE;external;;;Buccellati;;No;;Through a Glass Darkly: A Reconstruction of Old Babylonian Monuments Described in Old Babylonian Copies;;;;auto-extracted from references;;1993;;;
Cammarosano2019_TheyWroteo;;No;FALSE;external;;;Cammarosano;;No;;They Wrote on Wax: Wax Boards in the Ancient Near East;;;;auto-extracted from references;;2019;;;
Chiera1956_TheyWroteo;;No;FALSE;external;;;Chiera;;No;;They Wrote on Clay: The Babylonian Tablets Speak Today;;;;auto-extracted from references;;1956;;;
Dalley2020_TheFirstSe;;No;FALSE;external;;;Dalley;;No;;The First Sealand Dynasty: Literacy, Economy, and the Likely Location of Dur-Enlil(e;;;;auto-extracted from references;;2020;;;
Derksen2017_NewEvidenc;;No;FALSE;external;;;Derksen;;No;;New Evidence for Beeswax during the Old Assyrian Colony Period and the Ur III Period;;;;auto-extracted from references;;2017;;;
Devecchi2020_DallaMesop;;No;FALSE;external;;;Devecchi;;No;;Dalla Mesopotamia a Parigi, passando per Susa;;;;auto-extracted from references;;2020;;;
Eppihimer2010_Assembling;;No;FALSE;external;;;Eppihimer;;No;;Assembling King and State;;;;auto-extracted from references;;2010;;;
Fales2010_NewLighton;;No;FALSE;external;;;Fales;;No;;New Light on Assyro-Aramaic Interference: The Assur Ostracon;;;;auto-extracted from references;;2010;;;
Feldman2009_Knowledgea;;No;FALSE;external;;;Feldman;;No;;Knowledge as Cultural Biography;;;;auto-extracted from references;;2009;;;
Finkel2018_Amuletsaga;;No;FALSE;external;;;Finkel;;No;;Amulets against Fever;;;;auto-extracted from references;;2018;;;
Finkel2019_Assurbanip;;No;FALSE;external;;;Finkel;;No;;Assurbanipal’s Library: An Overview;;;;auto-extracted from references;;2019;;;
Franklin2019_ReviewofVo;;No;FALSE;external;;;Franklin;;No;;Review of Voices on Birchbark;;;;auto-extracted from references;;2019;;;
Friberg1990_SeedandRee;;No;FALSE;external;;;Friberg;;No;;‘Seed and Reeds’;;;;auto-extracted from references;;1990;;;
Greco2019_TheCodeofH;;No;FALSE;external;;;Greco;;No;;The Code of Hammurabi in Later Tradition;;;;auto-extracted from references;;2019;;;
Guterbock1934_Diehistori;;No;FALSE;external;;;Güterbock;;No;;Die historische Tradition;;;;auto-extracted from references;;1934;;;
Harper1993_TheRoyalCi;;No;FALSE;external;;;Harper;;No;;The Royal City of Susa;;;;auto-extracted from references;;1993;;;
Henkelman2012_SutrukNahh;;No;FALSE;external;;;Henkelman;;No;;Šutruk-Nahhunte;;;;auto-extracted from references;;2012;;;
Heessel2012_Amuletteun;;No;FALSE;external;;;Heeßel;;No;;Amulette und ‘Amulettform’;;;;auto-extracted from references;;2012;;;
Jendritzki2019_Rekonstruk;;No;FALSE;external;;;Jendritzki;;No;;Rekonstruktion einer Elfenbein-Klapptafel;;;;auto-extracted from references;;2019;;;
Jursa2004_Accounting;;No;FALSE;external;;;Jursa;;No;;Accounting in Neo-Babylonian Institutional Archives;;;;auto-extracted from references;;2004;;;
Konig1977_Dieelamisc;;No;FALSE;external;;;König;;No;;Die elamischen Königsinschriften;;;;auto-extracted from references;;1977;;;
Larsen2015_AncientKan;;No;FALSE;external;;;Larsen;;No;;Ancient Kanesh;;;;auto-extracted from references;;2015;;;
Maiocchi2012_Ildolcesap;;No;FALSE;external;;;Maiocchi;;No;;Il dolce sapore della morte;;;;auto-extracted from references;;2012;;;
Maul2012_Tontafelab;;No;FALSE;external;;;Maul;;No;;Tontafelabschriften des Kodex Hammurapi;;;;auto-extracted from references;;2012;;;
Michalowski1980_NewSources;;No;FALSE;external;;;Michalowski;;No;;New Sources Concerning Naram-Sin;;;;auto-extracted from references;;1980;;;
Michalowski2020_TheKingdom;;No;FALSE;external;;;Michalowski;;No;;The Kingdom of Akkad in Contact with the World;;;;auto-extracted from references;;2020;;;
Michel2020_WomenofAss;;No;FALSE;external;;;Michel;;No;;Women of Assur and Kanesh;;;;auto-extracted from references;;2020;;;
Nougayrol1958_Lesfragmen;;No;FALSE;external;;;Nougayrol;;No;;Les fragments en pierre du Code Hammourabien II;;;;auto-extracted from references;;1958;;;
Ornan2019_Unfinished;;No;FALSE;external;;;Ornan;;No;;Unfinished Business;;;;auto-extracted from references;;2019;;;
Panayotov2018_Magicomedi;;No;FALSE;external;;;Panayotov;;No;;Magico-medical Plants;;;;auto-extracted from references;;2018;;;
Paulus2017_Akkadeinmi;;No;FALSE;external;;;Paulus;;No;;Akkade in mittelbabylonischer Zeit;;;;auto-extracted from references;;2017;;;
Postgate2001_SystemandS;;No;FALSE;external;;;Postgate;;No;;System and Style in Three Near Eastern Bureaucracies;;;;auto-extracted from references;;2001;;;
Potts1999_TheArchaeo;;No;FALSE;external;;;Potts;;No;;The Archaeology of Elam;;;;auto-extracted from references;;1999;;;
Potts2006_Elamitesan;;No;FALSE;external;;;Potts;;No;;Elamites and Kassites in the Gulf;;;;auto-extracted from references;;2006;;;
Potts2018_Archaeolog;;No;FALSE;external;;;Potts;;No;;Archaeology and the Art of the Ancient Near East;;;;auto-extracted from references;;2018;;;
Powell1996_Wineandthe;;No;FALSE;external;;;Powell;;No;;Wine and the Vine in Ancient Mesopotamia;;;;auto-extracted from references;;1996;;;
Radner2014_AnImperial;;No;FALSE;external;;;Radner;;No;;An Imperial Communication Network;;;;auto-extracted from references;;2014;;;
Reichel2013_Eshnunna;;No;FALSE;external;;;Reichel;;No;;Eshnunna;;;;auto-extracted from references;;2013;;;
Rey2020_ASeleucidC;;No;FALSE;external;;;Rey;;No;;A Seleucid Cult of Royal Ancestors in Girsu;;;;auto-extracted from references;;2020;;;
Robson2019_ScholarlyT;;No;FALSE;external;;;Robson;;No;;Scholarly Tablet Collections;;;;auto-extracted from references;;2019;;;
Unknown2019_LibrariesB;;No;FALSE;external;;;Unknown;;No;;Libraries Before Alexandria;;;;auto-extracted from references;;2019;;;
Sallaberger2012_Bierbrauen;;No;FALSE;external;;;Sallaberger;;No;;Bierbrauen in Versen;;;;auto-extracted from references;;2012;;;
Thavapalan2019_Stonesfrom;;No;FALSE;external;;;Thavapalan;;No;;Stones from the Mountain;;;;auto-extracted from references;;2019;;;
Dijk1986_Diedynasti;;No;FALSE;external;;;Dijk;;No;;Die dynastischen Heiraten;;;;auto-extracted from references;;1986;;;
Veenhof2010_TheArchive;;No;FALSE;external;;;Veenhof;;No;;The Archive of Kuliya, son of Ali-abum;;;;auto-extracted from references;;2010;;;
Veenhof2020_OldAssyria;;No;FALSE;external;;;Veenhof;;No;;Old Assyrian Iṣurtum;;;;auto-extracted from references;;2020;;;
Volk1999_Imkereiima;;No;FALSE;external;;;Volk;;No;;Imkerei im alten Mesopotamien?;;;;auto-extracted from references;;1999;;;
Waal2012_WritinginA;;No;FALSE;external;;;Waal;;No;;Writing in Anatolia;;;;auto-extracted from references;;2012;;;
Wasserman1994_BM78613;;No;FALSE;external;;;Wasserman;;No;;BM 78613;;;;auto-extracted from references;;1994;;;
Winter1992_Idolsofthe;;No;FALSE;external;;;Winter;;No;;‘Idols of the King.’;;;;auto-extracted from references;;1992;;;
Winter1996_SexRhetori;;No;FALSE;external;;;Winter;;No;;Sex, Rhetoric and the Public Monument;;;;auto-extracted from references;;1996;;;
Winter2002_DefiningAe;;No;FALSE;external;;;Winter;;No;;Defining Aesthetics for Non-Western Studies;;;;auto-extracted from references;;2002;;;
Unknown2017_Entrelesfl;;No;FALSE;external;;;Unknown;;No;;Entre les fleuves II;;;;auto-extracted from references;;2017;;;
Abela-Ridder2010_Estimating;;No;FALSE;external;;;Abela-Ridder;;No;;Estimating the Burden of Human Leptospirosis;;;;auto-extracted from references;;2010;;;
Bandara2014_Globalizat;;No;FALSE;external;;;Bandara;;No;;Globalization of Leptospirosis through Travel and Migration;;;;auto-extracted from references;;2014;;;
Baermann1928_DiagnoseKl;;No;FALSE;external;;;Baermann;;No;;Diagnose, Klinik, Epidemiologie und Therapie der kurzfristigen Weilschen Erkrankung;;;;auto-extracted from references;;1928;;;
Berman1973_ScrubTyphu;;No;FALSE;external;;;Berman;;No;;Scrub Typhus in South Vietnam;;;;auto-extracted from references;;1973;;;
Borg-Petersen1949_Experience;;No;FALSE;external;;;Borg-Petersen;;No;;Experience of Leptospirosis in Denmark;;;;auto-extracted from references;;1949;;;
Borghouts1998_TheClinica;;No;FALSE;external;;;Borghouts;;No;;The Clinical Course and Prognostic Factors of Non-Specific Neck Pain: A Systematic Review;;;;auto-extracted from references;;1998;;;
Broom1951_Leptospiro;;No;FALSE;external;;;Broom;;No;;Leptospirosis in England and Wales;;;;auto-extracted from references;;1951;;;
Broom1948_WeilsDisea;;No;FALSE;external;;;Broom;;No;;Weil’s Disease;;;;auto-extracted from references;;1948;;;
Brown1997_BM13470119;;No;FALSE;external;;;Brown;;No;;BM 134701 = 1966-10-14, 1 and the Hellenistic Period Eclipse Ritual from Uruk;;;;auto-extracted from references;;1997;;;
Bulmer1945_WeilsDisea;;No;FALSE;external;;;Bulmer;;No;;Weil’s Disease in Normandy: Its Treatment with Penicillin;;;;auto-extracted from references;;1945;;;
Cavigneaux1948_CasesofLep;;No;FALSE;external;;;Cavigneaux;;No;;Cases of Leptospirosis Icterohaemorrhagica in the Paris District;;;;auto-extracted from references;;1948;;;
Daher2009_Predictors;;No;FALSE;external;;;Daher;;No;;Predictors of Oliguric Acute Kidney Injury in Leptospirosis;;;;auto-extracted from references;;2009;;;
Daher1999_RiskFactor;;No;FALSE;external;;;Daher;;No;;Risk Factors for Death and Changing Patterns in Leptospirosis Acute Renal Failure;;;;auto-extracted from references;;1999;;;
Dittrich2015_OrientiaRi;;No;FALSE;external;;;Dittrich;;No;;Orientia, Rickettsia, and Leptospira Pathogens as Causes of CNS Infections in Laos;;;;auto-extracted from references;;2015;;;
Edwards1960_HumanLepto;;No;FALSE;external;;;Edwards;;No;;Human Leptospirosis;;;;auto-extracted from references;;1960;;;
Fairburn1956_Chloramphe;;No;FALSE;external;;;Fairburn;;No;;Chloramphenicol and Penicillin in the Treatment of Leptospirosis among British Troops in Malaya;;;;auto-extracted from references;;1956;;;
Faine1982_Guidelines;;No;FALSE;external;;;Faine;;No;;Guidelines for the Control of Leptospirosis. WHO Offset Publication;;;;auto-extracted from references;;1982;;;
Fletcher1927_Leptospiro;;No;FALSE;external;;;Fletcher;;No;;Leptospirosis, Tsutsugamushi Disease and Tropical Typhus;;;;auto-extracted from references;;1927;;;
Gardner1946_Laboratory;;No;FALSE;external;;;Gardner;;No;;Laboratory Diagnosis of Weil’s Disease;;;;auto-extracted from references;;1946;;;
Hall1951_Evaluation;;No;FALSE;external;;;Hall;;No;;Evaluation of Antibiotic Therapy in Human Leptospirosis;;;;auto-extracted from references;;1951;;;
Hamilton1934_WeilsDisea;;No;FALSE;external;;;Hamilton Fairley;;No;;Weil’s Disease among Sewer Workers in London;;;;auto-extracted from references;;1934;;;
Hartskeerl2011_EmergenceC;;No;FALSE;external;;;Hartskeerl;;No;;Emergence, Control and Re-emerging Leptospirosis: Dynamics of Infection in the Changing World;;;;auto-extracted from references;;2011;;;
Ido1918_Spirochaet;;No;FALSE;external;;;Ido;;No;;Spirochaeta Hebdomadis, the Causative Agent of Seven Day Fever;;;;auto-extracted from references;;1918;;;
Ko1999_UrbanEpide;;No;FALSE;external;;;Ko;;No;;Urban Epidemic of Severe Leptospirosis in Brazil;;;;auto-extracted from references;;1999;;;
Kocen1962_Leptospiro;;No;FALSE;external;;;Kocen;;No;;Leptospirosis: A Comparison of Symptomatic and Penicillin Therapy;;;;auto-extracted from references;;1962;;;
Kristensen1935_OmWeilsSyg;;No;FALSE;external;;;Kristensen;;No;;Om Weil’s Sygdom i Danmark;;;;auto-extracted from references;;1935;;;
Limmathurotsakul2012_FoolsGoldW;;No;FALSE;external;;;Limmathurotsakul;;No;;Fool’s Gold: Why Imperfect Reference Tests Are Undermining the Evaluation of Novel Diagnostics;;;;auto-extracted from references;;2012;;;
Lopes2004_Comparativ;;No;FALSE;external;;;Lopes;;No;;Comparative Study of In-Hospital Case-Fatality Rate of Leptospirosis;;;;auto-extracted from references;;2004;;;
Mayxay2013_CausesofNo;;No;FALSE;external;;;Mayxay;;No;;Causes of Non-Malarial Fever in Laos;;;;auto-extracted from references;;2013;;;
McClain1984_Doxycyclin;;No;FALSE;external;;;McClain;;No;;Doxycycline Therapy for Leptospirosis;;;;auto-extracted from references;;1984;;;
Molner1948_Leptospira;;No;FALSE;external;;;Molner;;No;;Leptospiral Infections: A Survey;;;;auto-extracted from references;;1948;;;
Pappas2008_TheGlobali;;No;FALSE;external;;;Pappas;;No;;The Globalization of Leptospirosis;;;;auto-extracted from references;;2008;;;
Puliyath2012_Leptospiro;;No;FALSE;external;;;Puliyath;;No;;Leptospirosis in Pregnancy;;;;auto-extracted from references;;2012;;;
Reller2014_Unsuspecte;;No;FALSE;external;;;Reller;;No;;Unsuspected Leptospirosis Is a Cause of Acute Febrile Illness in Nicaragua;;;;auto-extracted from references;;2014;;;
Ross1958_Treatmento;;No;FALSE;external;;;Ross Russell;;No;;Treatment of Leptospirosis with Oxytetracycline;;;;auto-extracted from references;;1958;;;
Segura2005_ClinicalSp;;No;FALSE;external;;;Segura;;No;;Clinical Spectrum of Pulmonary Involvement in Leptospirosis;;;;auto-extracted from references;;2005;;;
Silva2011_RIFLEandAK;;No;FALSE;external;;;Silva Júnior;;No;;RIFLE and AKIN Classifications Predict Mortality in Leptospirosis;;;;auto-extracted from references;;2011;;;
Slot1932_Leptospiro;;No;FALSE;external;;;Slot;;No;;Leptospirosen in Bangkinang en Omgeving;;;;auto-extracted from references;;1932;;;
Smith1949_WeilsDisea;;No;FALSE;external;;;Smith;;No;;Weil’s Disease in the North-East of Scotland;;;;auto-extracted from references;;1949;;;
Smythe2009_TheMicrosc;;No;FALSE;external;;;Smythe;;No;;The Microscopic Agglutination Test Is an Unreliable Predictor;;;;auto-extracted from references;;2009;;;
Spichler2012_Comparativ;;No;FALSE;external;;;Spichler;;No;;Comparative Analysis of Severe Pediatric and Adult Leptospirosis;;;;auto-extracted from references;;2012;;;
Hooste2007_Leptospiro;;No;FALSE;external;;;Hooste;;No;;Leptospirosis: Review of the Literature;;;;auto-extracted from references;;2007;;;
Vervoort1923_Spirochaet;;No;FALSE;external;;;Vervoort;;No;;Spirochaeten bij Acute Koortsige Ziekten van Onbekende Oorsprong in de Tropen;;;;auto-extracted from references;;1923;;;
Vijayachari2004_Leptospiro;;No;FALSE;external;;;Vijayachari;;No;;Leptospirosis among Schoolchildren of the Andaman & Nicobar Islands;;;;auto-extracted from references;;2004;;;
Walch-Sorgdrager1939_Leptospiro;;No;FALSE;external;;;Walch-Sorgdrager;;No;;Leptospiroses;;;;auto-extracted from references;;1939;;;
Wilmaers1917_Quarantese;;No;FALSE;external;;;Wilmaers;;No;;Quarante-sept cas de spirochétose ictero-hémorragique;;;;auto-extracted from references;;1917;;;
Wilson1927_ProbableIn;;No;FALSE;external;;;Wilson;;No;;Probable Inference, the Law of Succession, and Statistical Inference;;;;auto-extracted from references;;1927;;;
Organization2010_Reportofth;;No;FALSE;external;;;Organization;;No;;Report of the First Meeting of the Leptospirosis Burden Epidemiology Reference Group;;;;auto-extracted from references;;2010;;;
Zaki1996_Leptospiro;;No;FALSE;external;;;Zaki;;No;;Leptospirosis Associated with Acute Febrile Illness and Pulmonary Hemorrhage;;;;auto-extracted from references;;1996;;;
Barberon2012_ArchibabIL;;No;FALSE;external;;;Barberon;;No;;Archibab I. Les religieuses et le culte de Marduk dans le royaume de Babylone;;;;auto-extracted from references;;2012;;;
Cohen1993_TheCulticC;;No;FALSE;external;;;Cohen;;No;;The Cultic Calendars of the Ancient Near East;;;;auto-extracted from references;;1993;;;
Graef2001_Unsceauave;;No;FALSE;external;;;Graef;;No;;Un sceau avec le kišib d’Ur-Utu, grand lamentateur d’Anunītum;;;;auto-extracted from references;;2001;;;
Meyer1982_Mubabbilut;;No;FALSE;external;;;Meyer;;No;;Mubabbilūtum dans une lettre paléo-babylonienne tardive;;;;auto-extracted from references;;1982;;;
Dresch1989_TribesGove;;No;FALSE;external;;;Dresch;;No;;Tribes, Government and History in Yemen;;;;auto-extracted from references;;1989;;;
Eidem2008_ApumaKingd;;No;FALSE;external;;;Eidem;;No;;Apum, a Kingdom on the Old Assyrian Route;;;;auto-extracted from references;;2008;;;
Janssen2012_OfWillsand;;No;FALSE;external;;;Janssen;;No;;Of Wills and Bills: On Inherited Debts in the Ur-Utu Archive;;;;auto-extracted from references;;2012;;;
Janssen2012_TheGuardWh;;No;FALSE;external;;;Janssen;;No;;The Guard Who Molested Gentlemen ... A Letter Ana Awīlē from the Ur-Utu Archive;;;;auto-extracted from references;;2012;;;
Kouwenberg2010_TheAkkadia;;No;FALSE;external;;;Kouwenberg;;No;;The Akkadian Verb and Its Semitic Background;;;;auto-extracted from references;;2010;;;
Landsberger1915_Derkultisc;;No;FALSE;external;;;Landsberger;;No;;Der kultische Kalender der Babylonier und Assyrer;;;;auto-extracted from references;;1915;;;
Saller1999_PaterFamil;;No;FALSE;external;;;Saller;;No;;Pater Familias, Mater Familias, and the Gendered Semantics of the Roman Household;;;;auto-extracted from references;;1999;;;
Tanret2005_Kubburumlo;;No;FALSE;external;;;Tanret;;No;;Kubburum loue une maison;;;;auto-extracted from references;;2005;;;
Tanret1992_Anaqabequi;;No;FALSE;external;;;Tanret;;No;;Ana qabê: qui remplace qui?;;;;auto-extracted from references;;1992;;;
Toorn1996_FamilyReli;;No;FALSE;external;;;Toorn;;No;;Family Religion in Babylonia, Syria and Israel: Continuity and Change in the Forms of Religious Life;;;;auto-extracted from references;;1996;;;
Veenhof1991_AssyrianCo;;No;FALSE;external;;;Veenhof;;No;;Assyrian Commercial Activities in Old Babylonian Sippar – Some New Evidence;;;;auto-extracted from references;;1991;;;
Veenhof2012_DasAnsehen;;No;FALSE;external;;;Veenhof;;No;;Das Ansehen eines altorientalischen Herrschers bei seinen Untertanen;;;;auto-extracted from references;;2012;;;
Unknown1996_HousesandH;;No;FALSE;external;;;Unknown;;No;;Houses and Households in Ancient Mesopotamia;;;;auto-extracted from references;;1996;;;
Albayrak2001_KultepeMet;;No;FALSE;external;;;Albayrak;;No;;Kültepe Metinlerinde Geçen mā’û ‘Su’ Kelimesi;;;;auto-extracted from references;;2001;;;
Alp1968_Zylinderun;;No;FALSE;external;;;Alp;;No;;Zylinder und Stempelsiegel aus Karahöyük bei Konya;;;;auto-extracted from references;;1968;;;
Balkan1957_LetterofKi;;No;FALSE;external;;;Balkan;;No;;Letter of King Anum-Hirbi of Mama to King Warshama of Kanish;;;;auto-extracted from references;;1957;;;
Barjamovic2011_AHistorica;;No;FALSE;external;;;Barjamovic;;No;;A Historical Geography of Ancient Anatolia in the Old Assyrian Colony Period;;;;auto-extracted from references;;2011;;;
Barjamovic2012_UpsandDown;;No;FALSE;external;;;Barjamovic;;No;;Ups and Downs at Kanesh: Chronology, History and Society in the Old Assyrian Period;;;;auto-extracted from references;;2012;;;
Bilgic1964_ThreeTable;;No;FALSE;external;;;Bilgiç;;No;;Three Tablets from the City Mound of Kültepe;;;;auto-extracted from references;;1964;;;
Bilgic1992_EblainCapp;;No;FALSE;external;;;Bilgiç;;No;;‘Ebla’ in Cappadocian Inscriptions;;;;auto-extracted from references;;1992;;;
Dassow2008_StateandSo;;No;FALSE;external;;;Dassow;;No;;State and Society in the Late Bronze Age Alalah under the Mittani Empire;;;;auto-extracted from references;;2008;;;
Dercksen1996_TheOldAssy;;No;FALSE;external;;;Dercksen;;No;;The Old Assyrian Copper Trade in Anatolia;;;;auto-extracted from references;;1996;;;
Dercksen2001_WhenWeMeti;;No;FALSE;external;;;Dercksen;;No;;‘When We Met in Hattuš.’ Trade according to Old Assyrian Texts from Alishar and Boğazköy;;;;auto-extracted from references;;2001;;;
Dercksen2002_Kulturelle;;No;FALSE;external;;;Dercksen;;No;;Kultureller und wirtschaftlicher Austausch zwischen Assyrern und Anatoliern;;;;auto-extracted from references;;2002;;;
Dercksen2004_OldAssyria;;No;FALSE;external;;;Dercksen;;No;;Old Assyrian Institutions;;;;auto-extracted from references;;2004;;;
Dercksen2004_SomeElemen;;No;FALSE;external;;;Dercksen;;No;;Some Elements of Old Anatolian Society in Kaniš;;;;auto-extracted from references;;2004;;;
Dercksen2005_MetalsAcco;;No;FALSE;external;;;Dercksen;;No;;Metals According to Documents from Kültepe-Kanish;;;;auto-extracted from references;;2005;;;
Dercksen2007_OnAnatolia;;No;FALSE;external;;;Dercksen;;No;;On Anatolian Loanwords in Akkadian Texts from Kültepe;;;;auto-extracted from references;;2007;;;
Dercksen2008_Subsistenc;;No;FALSE;external;;;Dercksen;;No;;Subsistence, Surplus and the Market for Grain and Meat at Ancient Kanesh;;;;auto-extracted from references;;2008;;;
Dercksen2008_Observatio;;No;FALSE;external;;;Dercksen;;No;;Observations on Land Use and Agriculture in Kaneš;;;;auto-extracted from references;;2008;;;
Donmez2008_AGeneralLo;;No;FALSE;external;;;Dönmez;;No;;A General Look at the Central Black Sea Region during the Middle Bronze Age;;;;auto-extracted from references;;2008;;;
Eidem1991_AnOldAssyr;;No;FALSE;external;;;Eidem;;No;;An Old Assyrian Treaty from Tell Leilan;;;;auto-extracted from references;;1991;;;
Eidem2011_TheRoyalAr;;No;FALSE;external;;;Eidem;;No;;The Royal Archives from Tell Leilan;;;;auto-extracted from references;;2011;;;
Emre1995_PilgrimFla;;No;FALSE;external;;;Emre;;No;;Pilgrim-Flasks from Level I of the Kārum of Kaniš;;;;auto-extracted from references;;1995;;;
Emre1999_SyrianBott;;No;FALSE;external;;;Emre;;No;;Syrian Bottles from the Kārum of Kaniš;;;;auto-extracted from references;;1999;;;
Fairbairn2006_Archaeobot;;No;FALSE;external;;;Fairbairn;;No;;Archaeobotany at Kaman Kalehöyük 2005;;;;auto-extracted from references;;2006;;;
Fairbairn2007_Archaeobot;;No;FALSE;external;;;Fairbairn;;No;;Archaeobotany at Kaman Kalehöyük (2006;;;;auto-extracted from references;;2007;;;
Forlanini1992_AmMittlere;;No;FALSE;external;;;Forlanini;;No;;Am Mittleren Kızılırmak;;;;auto-extracted from references;;1992;;;
Forlanini2006_Etapesetit;;No;FALSE;external;;;Forlanini;;No;;Étapes et itinéraires entre Aššur et l’Anatolie;;;;auto-extracted from references;;2006;;;
Garelli1963_LesAssyrie;;No;FALSE;external;;;Garelli;;No;;Les Assyriens en Cappadoce;;;;auto-extracted from references;;1963;;;
Garelli1989_Lemarchede;;No;FALSE;external;;;Garelli;;No;;Le marché de Burušhattum;;;;auto-extracted from references;;1989;;;
Gunbatti1987_YenidenIsl;;No;FALSE;external;;;Günbattı;;No;;Yeniden İşlenen Bir Kültepe Tableti;;;;auto-extracted from references;;1987;;;
Gunbatti2005_2000ve2001;;No;FALSE;external;;;Günbattı;;No;;2000 ve 2001 Yılı Kültepe Kazılarında Ele Geçen Bazı I-b Tabletleri;;;;auto-extracted from references;;2005;;;
Gunbatti2008_AnEponymLi;;No;FALSE;external;;;Günbattı;;No;;An Eponym List (KEL G) from Kültepe;;;;auto-extracted from references;;2008;;;
Hecker1991_ZurHerkunf;;No;FALSE;external;;;Hecker;;No;;Zur Herkunft der hethitischen Keilschrift;;;;auto-extracted from references;;1991;;;
Hecker1996_ZurHerkunf;;No;FALSE;external;;;Hecker;;No;;Zur Herkunft der hethitischen Keilschrift;;;;auto-extracted from references;;1996;;;
Hecker1997_UberdenEup;;No;FALSE;external;;;Hecker;;No;;Über den Euphrat;;;;auto-extracted from references;;1997;;;
Kryszat2003_ZurListede;;No;FALSE;external;;;Kryszat;;No;;Zur Liste der Schwurgötter im Assur-Apûm-Vertrag;;;;auto-extracted from references;;2003;;;
Kryszat2006_HerrscherH;;No;FALSE;external;;;Kryszat;;No;;Herrscher, Herrschaft und Kulttradition in Anatolien, Teil 2;;;;auto-extracted from references;;2006;;;
Kryszat2008_HerrscherK;;No;FALSE;external;;;Kryszat;;No;;Herrscher, Kult und Kulttradition ... Teil 3/1;;;;auto-extracted from references;;2008;;;
Larsen1972_ARevoltaga;;No;FALSE;external;;;Larsen;;No;;A Revolt against Hattuša;;;;auto-extracted from references;;1972;;;
Larsen2002_TheAssurna;;No;FALSE;external;;;Larsen;;No;;The Aššur-nādā Archive;;;;auto-extracted from references;;2002;;;
Lassen2010_TheTradein;;No;FALSE;external;;;Lassen;;No;;The Trade in Wool in Old Assyrian Anatolia;;;;auto-extracted from references;;2010;;;
Marro2004_UpperMesop;;No;FALSE;external;;;Marro;;No;;Upper Mesopotamia and the Caucasus;;;;auto-extracted from references;;2004;;;
Michel1991_Durhumidso;;No;FALSE;external;;;Michel;;No;;Durhumid, son commerce et ses marchands;;;;auto-extracted from references;;1991;;;
Michel1997_Atableavec;;No;FALSE;external;;;Michel;;No;;À table avec les marchands paléo-assyriens;;;;auto-extracted from references;;1997;;;
Michel2002_Nouvellesd;;No;FALSE;external;;;Michel;;No;;Nouvelles données pour la chronologie du IIe millénaire;;;;auto-extracted from references;;2002;;;
Michel2004_Theperdumm;;No;FALSE;external;;;Michel;;No;;Theperdum-mule;;;;auto-extracted from references;;2004;;;
Michel2006_Femmesetpr;;No;FALSE;external;;;Michel;;No;;Femmes et production textile à Aššur;;;;auto-extracted from references;;2006;;;
Michel2006_Lessuidesd;;No;FALSE;external;;;Michel;;No;;Les suidés dans la documentation de Kaniš;;;;auto-extracted from references;;2006;;;
Michel2008_Nouvellesd;;No;FALSE;external;;;Michel;;No;;Nouvelles données de géographie historique anatolienne;;;;auto-extracted from references;;2008;;;
Michel2008_Lesperegri;;No;FALSE;external;;;Michel;;No;;Les pérégrinations des marchands assyriens;;;;auto-extracted from references;;2008;;;
Michel2008_Etainetcui;;No;FALSE;external;;;Michel;;No;;Étain et cuivre dans les archives commerciales;;;;auto-extracted from references;;2008;;;
Michel2008_LesAssyrie;;No;FALSE;external;;;Michel;;No;;Les Assyriens et leurs femmes anatoliennes;;;;auto-extracted from references;;2008;;;
Michel2010_Lescomptoi;;No;FALSE;external;;;Michel;;No;;Les comptoirs de commerce assyriens en Anatolie;;;;auto-extracted from references;;2010;;;
Michel2010_Deuxtextes;;No;FALSE;external;;;Michel;;No;;Deux textes atypiques découverts à Kültepe;;;;auto-extracted from references;;2010;;;
Michel2012_Subartu;;No;FALSE;external;;;Michel;;No;;Subartu;;;;auto-extracted from references;;2012;;;
Michel1996_Heurtsavec;;No;FALSE;external;;;Michel;;No;;Heurts avec une principauté anatolienne;;;;auto-extracted from references;;1996;;;
Michel2010_TheTextile;;No;FALSE;external;;;Michel;;No;;The Textiles Traded by the Assyrians in Anatolia;;;;auto-extracted from references;;2010;;;
Miller2001_AnumHirbia;;No;FALSE;external;;;Miller;;No;;Anum-Hirbi and His Kingdom;;;;auto-extracted from references;;2001;;;
Muller-Karpe1994_Altanatoli;;No;FALSE;external;;;Müller-Karpe;;No;;Altanatolisches Metallhandwerk;;;;auto-extracted from references;;1994;;;
Nicola1999_AssyrianCo;;No;FALSE;external;;;Nicola;;No;;Assyrian Colony Period Fauna from Acemhöyük;;;;auto-extracted from references;;1999;;;
Ozguc1965_TheAnatoli;;No;FALSE;external;;;Özgüç;;No;;The Anatolian Group of Cylinder Seal Impressions from Kültepe;;;;auto-extracted from references;;1965;;;
Ozguc1986_KultepeKan;;No;FALSE;external;;;Özgüç;;No;;Kültepe-Kaniš II;;;;auto-extracted from references;;1986;;;
Ozguc2006_SealImpres;;No;FALSE;external;;;Özgüç;;No;;Seal Impressions on the Clay Envelopes from the Archives of Peruwa and Usur-ša-Ištar;;;;auto-extracted from references;;2006;;;
Sagona2009_AncientTur;;No;FALSE;external;;;Sagona;;No;;Ancient Turkey;;;;auto-extracted from references;;2009;;;
Sturm2001_PuzurAnnae;;No;FALSE;external;;;Sturm;;No;;Puzur-Annā – ein Schmied des Kārum Kaniš;;;;auto-extracted from references;;2001;;;
Sturm2008_AllanuHase;;No;FALSE;external;;;Sturm;;No;;Allanu – Haselnüsse als Delikatesse;;;;auto-extracted from references;;2008;;;
Veenhof2006_Travelingi;;No;FALSE;external;;;Veenhof;;No;;Traveling in Ancient Anatolia;;;;auto-extracted from references;;2006;;;
Veenhof2008_AcrosstheE;;No;FALSE;external;;;Veenhof;;No;;Across the Euphrates;;;;auto-extracted from references;;2008;;;
Veenhof2008_SomeDispla;;No;FALSE;external;;;Veenhof;;No;;Some Displaced Tablets from Kārum Kanesh;;;;auto-extracted from references;;2008;;;
Veenhof0_OldAssyria;;No;FALSE;external;;;Veenhof;;No;;Old Assyrian Traders in War and Peace;;;;auto-extracted from references;;0000;;;
Wilhelm2008_Hurriansin;;No;FALSE;external;;;Wilhelm;;No;;Hurrians in the Kültepe Texts;;;;auto-extracted from references;;2008;;;
Yakar1998_Environmen;;No;FALSE;external;;;Yakar;;No;;Environmental Factors Affecting Urbanisation in Bronze Age Anatolia;;;;auto-extracted from references;;1998;;;
Yakar2000_Ethnoarcha;;No;FALSE;external;;;Yakar;;No;;Ethnoarchaeology of Anatolia. Tel Aviv University Monograph Series 17;;;;auto-extracted from references;;2000;;;
Bennis1997_TheUnitedN;;No;FALSE;external;;;Bennis;;No;;The United Nations and Palestine: Partition and Its Aftermath;;;;auto-extracted from references;;1997;;;
Theobald2006_Incidentso;;No;FALSE;external;;;Theobald;;No;;Incidents on Mount Scopus: UNTSO Effectiveness and the 1958 Death of Lieutenant Colonel George Flint;;;;auto-extracted from references;;2006;;;
Urquhart1980_UnitedNati;;No;FALSE;external;;;Urquhart;;No;;United Nations Peace-Keeping in the Middle East;;;;auto-extracted from references;;1980;;;
al-Husseini2000_UNRWAandth;;No;FALSE;external;;;al-Husseini;;No;;UNRWA and the Palestinian Nation-Building Process;;;;auto-extracted from references;;2000;;;
Sinai1995_UnitedNati;;No;FALSE;external;;;Sinai;;No;;United Nations’ and Non-United Nations’ Peace-Keeping in the Arab-Israeli Sector: Five Scenarios;;;;auto-extracted from references;;1995;;;
Sharland2018_TheEmergin;;No;FALSE;external;;;Sharland;;No;;The Emerging Need for Peacekeeping Policy;;;;auto-extracted from references;;2018;;;
Srinivas2000_RoleofUnit;;No;FALSE;external;;;Srinivas;;No;;Role of United Nations in Conflict Resolutions: The Case of Middle East;;;;auto-extracted from references;;2000;;;
Binnendijk2016_InSearchof;;No;FALSE;external;;;Binnendijk;;No;;In Search of a Middle East Partnership Strategy;;;;auto-extracted from references;;2016;;;
Husain2007_TheUnitedS;;No;FALSE;external;;;Husain;;No;;The United States and the Failure of UN Collective Security: Palestine, Kashmir, and Indonesia, 1947–1948;;;;auto-extracted from references;;2007;;;
Alaaldin2019_Shapingthe;;No;FALSE;external;;;Alaaldin;;No;;Shaping the Political Order of the Middle East: Crisis and Opportunity;;;;auto-extracted from references;;2019;;;
Katz2019_WhentheFri;;No;FALSE;external;;;Katz;;No;;When the Friend of My Friends Is Not My Friend: The United States;;;;auto-extracted from references;;2019;;;
News2020_TheUnitedN;;No;FALSE;external;;;News;;No;;The United Nations Assistance Agency for Palestine Refugees Is on the Brink of a Cash Crisis;;;;auto-extracted from references;;2020;;;
Bedford2002_VinesANewG;;No;FALSE;external;;;Bedford;;No;;Vines: A New Graphical Model for Dependent Random Variables;;;;auto-extracted from references;;2002;;;
Cooke1997_MarkovandE;;No;FALSE;external;;;Cooke;;No;;Markov and Entropy Properties of Tree- and Vine-Dependent Variables;;;;auto-extracted from references;;1997;;;
Cooke2011_Microcorre;;No;FALSE;external;;;Cooke;;No;;Microcorrelations and Tail Dependence;;;;auto-extracted from references;;2011;;;
Hanea2016_TheAsympto;;No;FALSE;external;;;Hanea;;No;;The Asymptotic Distribution of the Determinant of a Random Correlation Matrix;;;;auto-extracted from references;;2016;;;
Holmes1991_OnRandomCo;;No;FALSE;external;;;Holmes;;No;;On Random Correlation Matrices;;;;auto-extracted from references;;1991;;;
Hotelling1936_Relationsb;;No;FALSE;external;;;Hotelling;;No;;Relations between Two Sets of Variates;;;;auto-extracted from references;;1936;;;
Houghton2009_Importance;;No;FALSE;external;;;Houghton;;No;;Importance of Biomass in the Global Carbon Cycle;;;;auto-extracted from references;;2009;;;
Joe2006_Generating;;No;FALSE;external;;;Joe;;No;;Generating Random Correlation Matrices Based on Partial Correlations;;;;auto-extracted from references;;2006;;;
Kendall1967_TheAdvance;;No;FALSE;external;;;Kendall;;No;;The Advanced Theory of Statistics;;;;auto-extracted from references;;1967;;;
Koch2006_Intraclass;;No;FALSE;external;;;Koch;;No;;Intraclass Correlation Coefficient;;;;auto-extracted from references;;2006;;;
Kousky2011_TheLimitso;;No;FALSE;external;;;Kousky;;No;;The Limits of Securitization: Micro-correlations, Fat Tails and Tail Dependence;;;;auto-extracted from references;;2011;;;
Lewandowski2009_Generating;;No;FALSE;external;;;Lewandowski;;No;;Generating Random Correlation Matrices Based on Vines and Extended Onion Method;;;;auto-extracted from references;;2009;;;
Nguyen2014_RandomMatr;;No;FALSE;external;;;Nguyen;;No;;Random Matrices: Law of the Determinant;;;;auto-extracted from references;;2014;;;
Weisbin2014_ASystemsEn;;No;FALSE;external;;;Weisbin;;No;;A Systems Engineering Approach to Estimating Uncertainty in Above-Ground Biomass Derived from Remote-Sensing Data;;;;auto-extracted from references;;2014;;;
Beaulieu1996_TheHorosco;;No;FALSE;external;;;Beaulieu;;No;;The Horoscope of Anu-bēlšunu;;;;auto-extracted from references;;1996;;;
Unknown1983_Lettersfro;;No;FALSE;external;;;Unknown;;No;;Letters from Assyrian Scholars to the Kings Esarhaddon and Assurbanipal. Part II: Commentary and Appendices;;;;auto-extracted from references;;1983;;;
Pearce2000_TheActivit;;No;FALSE;external;;;Pearce;;No;;The Activities of Anu-bēlšunu, Seleucid Scribe;;;;auto-extracted from references;;2000;;;
Steele2000_A3405AnUnu;;No;FALSE;external;;;Steele;;No;;A3405: An Unusual Astronomical Text from Uruk;;;;auto-extracted from references;;2000;;;
Ali-Yaseen2008_TheArchive;;No;FALSE;external;;;Ali-Yaseen;;No;;The Archive of a Palace Scribe and Other Officials in the Queen’s Household from the North-West Palace at Kalhu (Nimrud;;;;auto-extracted from references;;2008;;;
Al-Naqshbandi1973_TheIraqMus;;No;FALSE;external;;;Al-Naqshbandi;;No;;The Iraq Museum Laboratory, Baghdad;;;;auto-extracted from references;;1973;;;
Unknown1913_NoteSprech;;No;FALSE;external;;;Unknown;;No;;Note.” Sprechsaal für Keramik, Glas, Email;;;;auto-extracted from references;;1913;;;
Unknown2008_BeyondBaby;;No;FALSE;external;;;Unknown;;No;;Beyond Babylon: Art, Trade and Diplomacy in the Second Millennium B.C;;;;auto-extracted from references;;2008;;;
Bateman1966_TheTreatme;;No;FALSE;external;;;Bateman;;No;;The Treatment of Cuneiform Tablets in the British Museum;;;;auto-extracted from references;;1966;;;
Blackman2003_ChemicalCh;;No;FALSE;external;;;Blackman;;No;;Chemical Characterization of Tablets, Sealing Clays, and Clay Sources from Tell Leilan, Syria;;;;auto-extracted from references;;2003;;;
Borger1991_EinBriefSi;;No;FALSE;external;;;Borger;;No;;Ein Brief Sîn-idinnams von Larsa an den Sonnengott sowie Bemerkungen über ‘Joins’ und das ‘Joinen’;;;;auto-extracted from references;;1991;;;
Budge1920_ByNileandT;;No;FALSE;external;;;Budge;;No;;By Nile and Tigris;;;;auto-extracted from references;;1920;;;
Budge1925_TheRiseand;;No;FALSE;external;;;Budge;;No;;The Rise and Progress of Assyriology;;;;auto-extracted from references;;1925;;;
Thompson1933_TheBritish;;No;FALSE;external;;;Thompson;;No;;The British Museum Excavations at Nineveh, 1931–32;;;;auto-extracted from references;;1933;;;
Cartwright2011_Investigat;;No;FALSE;external;;;Cartwright;;No;;Investigating Technological and Environmental Evidence from Plant Remains and Molluscs in Cuneiform Tablets;;;;auto-extracted from references;;2011;;;
Crawford1966_Processing;;No;FALSE;external;;;Crawford;;No;;Processing Clay Tablets in the Field;;;;auto-extracted from references;;1966;;;
Unknown1995_ArtandEmpi;;No;FALSE;external;;;Unknown;;No;;Art and Empire: Treasures from Assyria in the British Museum;;;;auto-extracted from references;;1995;;;
Delougaz1933_PlanoConve;;No;FALSE;external;;;Delougaz;;No;;"Plano-Convex Bricks and the Methods of Their Employment; The Treatment of Clay Tablets in the Field";;;;auto-extracted from references;;1933;;;
Dowman1970_Conservati;;No;FALSE;external;;;Dowman;;No;;Conservation in Field Archaeology;;;;auto-extracted from references;;1970;;;
Evans1935_ThePalaceo;;No;FALSE;external;;;Evans;;No;;The Palace of Minos;;;;auto-extracted from references;;1935;;;
Fales1987_NeoAssyria;;No;FALSE;external;;;Fales;;No;;Neo-Assyrian Texts and Fragments from Copenhagen;;;;auto-extracted from references;;1987;;;
Fales2015_EditorialT;;No;FALSE;external;;;Fales;;No;;Editorial: Twenty Volumes of Neo-Assyrian Studies Later;;;;auto-extracted from references;;2015;;;
Field1929_TheFieldMu;;No;FALSE;external;;;Field;;No;;The Field Museum–Oxford University Expedition to Kish, Mesopotamia 1923–1929;;;;auto-extracted from references;;1929;;;
Finkel2013_TheCyrusCy;;No;FALSE;external;;;Finkel;;No;;The Cyrus Cylinder: The Babylonian Perspective;;;;auto-extracted from references;;2013;;;
Foster2006_TheBeginni;;No;FALSE;external;;;Foster;;No;;The Beginnings of Assyriology in the United States;;;;auto-extracted from references;;2006;;;
Foster2013_AlbertTCla;;No;FALSE;external;;;Foster;;No;;Albert T. Clay and His Babylonian Collection;;;;auto-extracted from references;;2013;;;
Gadd1926_Tabletsfro;;No;FALSE;external;;;Gadd;;No;;Tablets from Kirkuk;;;;auto-extracted from references;;1926;;;
Gibson1972_TheArchaeo;;No;FALSE;external;;;Gibson;;No;;The Archaeological Uses of Cuneiform Documents;;;;auto-extracted from references;;1972;;;
Gilberg1987_FriedrichR;;No;FALSE;external;;;Gilberg;;No;;Friedrich Rathgen: The Father of Modern Archaeological Conservation;;;;auto-extracted from references;;1987;;;
Goren2002_Petrograph;;No;FALSE;external;;;Goren;;No;;Petrographic Investigation of the Amarna Tablets;;;;auto-extracted from references;;2002;;;
Grayson2014_TheRoyalIn;;No;FALSE;external;;;Grayson;;No;;The Royal Inscriptions of Sennacherib, King of Assyria (704–681 BC;;;;auto-extracted from references;;2014;;;
Grenfell1929_LabradorLo;;No;FALSE;external;;;Grenfell;;No;;Labrador Looks at the Orient;;;;auto-extracted from references;;1929;;;
Guinan1976_NippurReba;;No;FALSE;external;;;Guinan;;No;;Nippur Rebaked;;;;auto-extracted from references;;1976;;;
Gurney1952_TheSultant;;No;FALSE;external;;;Gurney;;No;;The Sultantepe Tablets: A Preliminary Note;;;;auto-extracted from references;;1952;;;
Hall1930_ASeasonsWo;;No;FALSE;external;;;Hall;;No;;A Season’s Work at Ur;;;;auto-extracted from references;;1930;;;
Heuzey1912_Lesconstru;;No;FALSE;external;;;Heuzey;;No;;Les constructions de Tello;;;;auto-extracted from references;;1912;;;
Hogarth1923_Reportofth;;No;FALSE;external;;;Hogarth;;No;;Report of the Keeper of the Ashmolean;;;;auto-extracted from references;;1923;;;
Hunger1970_DasArchivd;;No;FALSE;external;;;Hunger;;No;;Das Archiv des Nabû-ušallim;;;;auto-extracted from references;;1970;;;
Jeyes2000_GallBladde;;No;FALSE;external;;;Jeyes;;No;;Gall-Bladder Omens;;;;auto-extracted from references;;2000;;;
Johns1911_AListofthe;;No;FALSE;external;;;Johns;;No;;A List of the Year-Names of the First Dynasty of Babylon, Part I;;;;auto-extracted from references;;1911;;;
Kelly2011_ANeoAssyri;;No;FALSE;external;;;Kelly;;No;;A Neo-Assyrian Relief in the Weingreen Museum;;;;auto-extracted from references;;2011;;;
King1914_Catalogueo;;No;FALSE;external;;;King;;No;;Catalogue of the Cuneiform Tablets in the Kouyunjik Collection... Supplement;;;;auto-extracted from references;;1914;;;
Kraus1947_DieIstanbu;;No;FALSE;external;;;Kraus;;No;;Die Istanbuler Tontafelsammlung;;;;auto-extracted from references;;1947;;;
Lambert1957_ThreeUnpub;;No;FALSE;external;;;Lambert;;No;;Three Unpublished Fragments;;;;auto-extracted from references;;1957;;;
Lambert1965_AMiddleAss;;No;FALSE;external;;;Lambert;;No;;A Middle Assyrian Tablet of Incantations;;;;auto-extracted from references;;1965;;;
Lambert1992_CatalogueT;;No;FALSE;external;;;Lambert;;No;;Catalogue... Third Supplement;;;;auto-extracted from references;;1992;;;
Lambert1966_SecondSupp;;No;FALSE;external;;;Lambert;;No;;Second Supplement;;;;auto-extracted from references;;1966;;;
Layard1849_Ninevehand;;No;FALSE;external;;;Layard;;No;;Nineveh and Its Remains;;;;auto-extracted from references;;1849;;;
Layard1853_Discoverie;;No;FALSE;external;;;Layard;;No;;Discoveries in the Ruins of Nineveh and Babylon;;;;auto-extracted from references;;1853;;;
Leach2000_Papyrus;;No;FALSE;external;;;Leach;;No;;Papyrus;;;;auto-extracted from references;;2000;;;
Loftus1857_Travelsand;;No;FALSE;external;;;Loftus;;No;;Travels and Researches in Chaldaea and Susiana;;;;auto-extracted from references;;1857;;;
Lucas1932_Antiquitie;;No;FALSE;external;;;Lucas;;No;;Antiquities: Their Restoration and Preservation;;;;auto-extracted from references;;1932;;;
McCall2008_MaxMallowa;;No;FALSE;external;;;McCall;;No;;Max Mallowan at Nimrud;;;;auto-extracted from references;;2008;;;
Maidman1999_TheUnivers;;No;FALSE;external;;;Maidman;;No;;The University of Chicago Nuzi Texts;;;;auto-extracted from references;;1999;;;
Mallowan1947_Excavation;;No;FALSE;external;;;Mallowan;;No;;Excavations at Brak and Chagar Bazar;;;;auto-extracted from references;;1947;;;
Millard2005_OnlyFragme;;No;FALSE;external;;;Millard;;No;;Only Fragments from the Past;;;;auto-extracted from references;;2005;;;
Oates1965_TellalRima;;No;FALSE;external;;;Oates;;No;;Tell al-Rimah, 1964;;;;auto-extracted from references;;1965;;;
Oates2001_NimrudAnAs;;No;FALSE;external;;;Oates;;No;;Nimrud: An Assyrian Imperial City Revealed;;;;auto-extracted from references;;2001;;;
Packard1939_TheCleanin;;No;FALSE;external;;;Packard;;No;;The Cleaning of a Babylonian Tablet;;;;auto-extracted from references;;1939;;;
Parkinson1950_Preservati;;No;FALSE;external;;;Parkinson;;No;;Preservation of Cuneiform Tablets;;;;auto-extracted from references;;1950;;;
Parrot1953_Archeologi;;No;FALSE;external;;;Parrot;;No;;Archéologie mésopotamienne;;;;auto-extracted from references;;1953;;;
Petrie1888_TheTreatme;;No;FALSE;external;;;Petrie;;No;;The Treatment of Small Antiquities;;;;auto-extracted from references;;1888;;;
Plenderleith1934_ThePreserv;;No;FALSE;external;;;Plenderleith;;No;;The Preservation of Antiquities;;;;auto-extracted from references;;1934;;;
Rassam1897_Asshurandt;;No;FALSE;external;;;Rassam;;No;;Asshur and the Land of Nimrod;;;;auto-extracted from references;;1897;;;
Rathgen1898_DieKonserv;;No;FALSE;external;;;Rathgen;;No;;Die Konservierung von Altertumsfunden;;;;auto-extracted from references;;1898;;;
Reade1975_Sourcesfor;;No;FALSE;external;;;Reade;;No;;Sources for Sennacherib;;;;auto-extracted from references;;1975;;;
Reade1998_AssyrianSc;;No;FALSE;external;;;Reade;;No;;Assyrian Sculpture;;;;auto-extracted from references;;1998;;;
Saggs1968_TellalRima;;No;FALSE;external;;;Saggs;;No;;Tell al-Rimah Tablets, 1965;;;;auto-extracted from references;;1968;;;
Smith1875_AssyrianDi;;No;FALSE;external;;;Smith;;No;;Assyrian Discoveries;;;;auto-extracted from references;;1875;;;
Thickett1998_Investigat;;No;FALSE;external;;;Thickett;;No;;Investigation of White Bloom on Cuneiform Tablets;;;;auto-extracted from references;;1998;;;
Walker2008_TheArchive;;No;FALSE;external;;;Walker;;No;;The Archives of Nimrud;;;;auto-extracted from references;;2008;;;
Wilson2002_TheBritish;;No;FALSE;external;;;Wilson;;No;;The British Museum: A History;;;;auto-extracted from references;;2002;;;
Wiseman1968_TellalRima;;No;FALSE;external;;;Wiseman;;No;;Tell al-Rimah Tablets, 1966;;;;auto-extracted from references;;1968;;;
Woolley1937_DiggingUpt;;No;FALSE;external;;;Woolley;;No;;Digging Up the Past;;;;auto-extracted from references;;1937;;;
Yao2012_Pollensand;;No;FALSE;external;;;Yao;;No;;Pollens and Phytoliths from Fired Ancient Potsherds;;;;auto-extracted from references;;2012;;;
