source_id,author,title,year,publication_place,publisher,digital_source,doi
Adams1969_BedouinOnN,Adams R.M.,Bedouin On Nippur Mound Reconnaissance And Soundings,1969,,,,
Al-Rawi1990_TabletsFro,Al-Rawi A.R.G.A.,Tablets From The Sippar Library: Ii. Tablet Ii Of The Babylonian Creation Epic,1990,,JSTOR,https://doi.org/10.2307/4200325,10.2307/4200325
Attinger2018_E2DubBaAEt,Attinger P.,E2 Dub Ba A Et Ge Dub Ba1),2018,,Walter de Gruyter GmbH,https://doi.org/10.1515/za-2018-0010,10.1515/za-2018-0010
Beckman1983_Mesopotami,Beckman G.,Mesopotamians And Mesopotamian Learning At Ḫattuša,1983,,University of Chicago Press,https://doi.org/10.2307/3515944,10.2307/3515944
Beyer2021_TeachingIn,Beyer W.,"Teaching In Old Babylonian Nippur, Learning In Old Assyrian Aššur?",2021,,De Gruyter,https://doi.org/10.1515/9783110741124-003,10.1515/9783110741124-003
Brigitte2009_LesFemmesS,Brigitte L.,Les Femmes Scribes De Sippar,2009,,CAIRN,https://doi.org/10.3917/re.056.0072,10.3917/re.056.0072
Budin2021_NearEaster,Budin S.,Near Eastern Archaeology,2021,,American Oriental Society,https://doi.org/10.7817/jameroriesoci.137.1.0174,10.7817/jameroriesoci.137.1.0174
Cammarosano2014_TheCuneifo,Cammarosano M.,The Cuneiform Stylus,2014,,,https://openalex.org/W2102131270,https://doi.org/10.1109/im.2003.1240266
Cecile2009_LesFemmesE,Cécile M.,Les Femmes Et L’écrit Dans Les Archives Paléo Assyriennes,2009,,John Benjamins Publishing Company,https://doi.org/10.1075/rein.21.07lec,10.1075/rein.21.07lec
Charpin2010_WritingLaw,Charpin D.,"Writing, Law, and Kingship: Essays on Old Babylonian Mesopotamia",2010,,University of Chicago Press,https://doi.org/10.7208/chicago/9780226101590.001.0001,10.7208/chicago/9780226101590.001.0001
Charpin2014_TheHistori,Charpin D.,The Historian And The Old Babylonian Archives,2014,,Oxbow Books,https://doi.org/10.2307/j.ctvh1dn9m.7,10.2307/j.ctvh1dn9m.7
Charpin2019_PriestsOfU,Charpin D.,Priests Of Ur In The Old Babylonian Period: A Reappraisal In Light Of The 2017 Discoveries At Ur/tell Muqayyar,2019,,Walter de Gruyter GmbH,https://doi.org/10.1163/15692124-12341302,10.1163/15692124-12341302
Clemens2002_ReviewedWo,Clemens D.M.,Reviewed Work(s): Handbook Of Ugaritic Studies By W. G. E. Watson And N. Wyatt,2002,,University of Chicago Press,https://doi.org/10.1086/469032,10.1086/469032
Delnero2010_SumerianEx,Delnero P.,Sumerian Extract Tablets And Scribal Education,2010,,University of Chicago Press,https://doi.org/10.1086/jcs41103871,10.1086/jcs41103871
Falkowitz1984_RoundOldBa,Falkowitz R.S.,Round Old Babylonian School Tablets From Nippur,1984,,,https://openalex.org/W4393275620,https://doi.org/10.62614/7ynzsx15
Fincke2004_TheBabylon,Fincke J.C.,"The Babylonian Texts Of Nineveh: Report On The British Museum's ""ashurbanipal",2004,,JSTOR,https://doi.org/10.2307/4200559,10.2307/4200559
Fincke2012_TheSchoolC,Fincke J.C.,"The School Curricula From Hattuša, Emar And Ugarit: A Comparison",2012,,Springer Science and Business Media LLC,https://doi.org/10.1140/epjc/s10052-012-1965-6,10.1140/epjc/s10052-012-1965-6
Foster2003_LateBabylo,Foster B.,Late Babylonian Schooldays: An Archaizing Cylinder,2003,,JSTOR,https://doi.org/10.2307/3217859,10.2307/3217859
Foster2005_Transmissi,Foster B.R.,Transmission Of Knowledge,2005,,Wiley,https://doi.org/10.1002/9780470997086.ch18,10.1002/9780470997086.ch18
Frame2005_TheRoyalLi,Frame A.G.A.G.,The Royal Libraries Of Nineveh: New Evidence For King Ashurbanipal's Tablet Collecting,2005,,Cambridge University Press (CUP),https://doi.org/10.1017/s0021088900001388,10.1017/s0021088900001388
Gadd1956_TeachersAn,Gadd C.,Teachers And Students In The Oldest Schools,1956,,,https://openalex.org/W568080924,
Gadotti2017_TheRulesOf,Gadotti A.,The Rules Of The School,2017,,,https://openalex.org/W2030180477,https://doi.org/10.1111/j.1467-8624.1996.tb01788.x
Garcia0000_Transmissi,García J.Á.,Transmission And Reception Of Babylonian Knowledge In Ugaritnown. A Preliminary Study,Unknown,,,,
George0000_InSearchOf,George A.R.,In Search Of The É.dub.ba.a: The Ancient Mesopotamian School,Unknown,,,https://openalex.org/W1581366874,
George2005_PerAsperaA,George A.R.,Per Aspera Ad Astra. L'apprentissage Du Cunéiforme À Sippar Amnānum Pendant La Période Paléobabylonienne Tardive By Michel Tanret,2005,,Cambridge University Press (CUP),https://doi.org/10.1017/s0041977x05170153,10.1017/s0041977x05170153
George2008_Approaches,George A.R.,Approaches To Sumerian Literature. Studies In Honour Of Stip (h. L. J.vanstiphout) By Piotr Michalowski And Niek Veldhuis,2008,,Cambridge University Press (CUP),https://doi.org/10.1017/s0041977x08000426,10.1017/s0041977x08000426
Gibson0000_Nippur,Gibson M.,Nippur,,,,https://openalex.org/W1966141943,https://doi.org/10.3917/assy.093.0039
Gibson0000_NippurAndI,Gibson M.,Nippur And Iraq At A Time Of War,2002-2003,,,https://openalex.org/W2593607221,https://doi.org/10.4000/mediterranee.8000
Gibson0000_NippurUnde,Gibson M.,"Nippur Under Assyrian Domination: 15th Season Of Excavation, 1981 82.",1981-82,,,,
Gibson0000_TheNippurE,Gibson M.,The Nippur Expedition,Unknown,,,https://openalex.org/W2099211934,https://doi.org/10.2307/2170773
Gibson1961_Nippur,Gibson M.,Nippur,1961,,,https://openalex.org/W1966141943,https://doi.org/10.3917/assy.093.0039
Gibson1973_Excavation,Gibson M.,Excavations At Nippur,1973,,,https://openalex.org/W593658371,
Gibson1974_TheNippurE,Gibson M.,The Nippur Expedition,1974,,,https://openalex.org/W2099211934,https://doi.org/10.2307/2170773
Gibson1976_TheNippurE,Gibson M.,The Nippur Expedition,1976,,,https://openalex.org/W2099211934,https://doi.org/10.2307/2170773
Gibson1977_NippurRegi,Gibson M.,Nippur Regional Project: Umm Al Hafriyat,1977,,Oxford University Press (OUP),https://doi.org/10.1002/bjs.1800641032,10.1002/bjs.1800641032
Gibson1980_NippurHamr,Gibson M.,"Nippur, Hamrin, And Related Activities",1980,,,https://openalex.org/W2991147448,
Gibson1982_Nippur,Gibson M.,Nippur,1982,,University of Chicago Press,https://doi.org/10.2307/504524,10.2307/504524
Gibson1985_BackToTabl,Gibson M.,Back To Tablet Hill: Sixteenth Season At Nippur,1985,,Elsevier BV,https://doi.org/10.1016/s0140-6736(85)92323-2,10.1016/s0140-6736(85)92323-2
Gibson1986_Nippur,Gibson M.,Nippur,1986,,,https://openalex.org/W1966141943,https://doi.org/10.3917/assy.093.0039
Gibson1987_Nippur,Gibson M.,Nippur,1987,,,https://openalex.org/W1966141943,https://doi.org/10.3917/assy.093.0039
Gibson1988_Nippur,Gibson M.,Nippur,1988,,,https://openalex.org/W1966141943,https://doi.org/10.3917/assy.093.0039
Gibson1989_Nippur,Gibson M.,Nippur,1989,,,https://openalex.org/W1966141943,https://doi.org/10.3917/assy.093.0039
Gibson1990_Nippur1990,Gibson M.,"Nippur, 1990: The Temple Of Gula And Glimpse Of Thing To Come",1990,,SAGE Publications,https://doi.org/10.1177/001452469010100717,10.1177/001452469010100717
Gibson1991_Nippur,Gibson M.,Nippur,1991,,,https://openalex.org/W1966141943,https://doi.org/10.3917/assy.093.0039
Gibson2003_Nippur,Gibson M.,Nippur,2003,,,https://openalex.org/W1966141943,https://doi.org/10.3917/assy.093.0039
Gibson2004_NippurAndU,Gibson M.,Nippur And Umm Al Hafriyat,2004,,Elsevier BV,https://doi.org/10.1016/s0212-5382(04)71569-1,10.1016/s0212-5382(04)71569-1
Gibson2008_Nippur,Gibson M.,Nippur,2005,,,https://openalex.org/W1966141943,https://doi.org/10.3917/assy.093.0039
Gibson2005_NippurAndA,Gibson M.,Nippur And Archaeology In Iraq,2005,,Springer Science and Business Media LLC,https://doi.org/10.1007/bf03376680,10.1007/bf03376680
Gibson2009_Nippur,Gibson M.,Nippur,2009,,,https://openalex.org/W1966141943,https://doi.org/10.3917/assy.093.0039
Gibson2011_Nippur,Gibson M.,Nippur,2011,,,https://openalex.org/W1966141943,https://doi.org/10.3917/assy.093.0039
Gibson2013_Nippur,Gibson M.,Nippur,2013,,,https://openalex.org/W1966141943,https://doi.org/10.3917/assy.093.0039
Gibson2014_NippurAndB,Gibson M.,Nippur And Beyond,2014,,Routledge,https://doi.org/10.4324/9780203094365-3,10.4324/9780203094365-3
Gibson2015_Nippur,Gibson M.,Nippur,2015,,,https://openalex.org/W1966141943,https://doi.org/10.3917/assy.093.0039
Gilibert2021_UrbanSquar,Gilibert A.,Urban Squares In Late Bronze Age Ugarit:a Street View On Ancient Near Eastern Governance,2021,,University of Chicago Press,https://doi.org/10.1086/716076,10.1086/716076
Haines0000_Sumerianst,Haines R.C.,The Nippur Expedition,Unknown,,,https://openalex.org/W2099211934,https://doi.org/10.2307/2170773
Haines1945_TheNippurE,Haines R.,The Nippur Expedition,1945,,,https://openalex.org/W2099211934,https://doi.org/10.2307/2170773
Haines1961_TheNippurE,Haines R.,The Nippur Expedition,1961,,,https://openalex.org/W2099211934,https://doi.org/10.2307/2170773
Haines1963_TheNippurE,Haines R.C.,The Nippur Expedition,1963,,,https://openalex.org/W2099211934,https://doi.org/10.2307/2170773
Harper1892_AssyrianAn,Harper R.F.,Assyrian And Babylonian Letters Belonging To The K. Collection Of The British Museum,1892,,University of Chicago Press,https://doi.org/10.1086/471067,10.1086/471067
Hasselbach-Andee2020_Multilingu,Hasselbach‐Andee R.,Multilingualism And Diglossia In The Ancient Near East,2020,,Wiley,https://doi.org/10.1002/9781119193814.ch24,10.1002/9781119193814.ch24
Hawley2005_OnTheAlpha,Hawley R.,On The Alphabetic Scribal Curriculum At Ugarit,2005,,,https://openalex.org/W2610436834,
Hilprecht2004_ModelTexts,Hilprecht N.V.A.H.,Model Texts And Exercises From The Temple School Of Nippur: Be 19,2004,,,https://openalex.org/W3207784870,https://doi.org/10.1515/9783110753301-006
Hoffner2009_HittiteStu,Hoffner H.A.,Hittite Studies In Honor (bibliography),2009,,,https://openalex.org/W48197519,
Hruska2002_ThePowerAn,Hruška B.,The Power And The Writing. The Early Scribes Of Mesopotamia Bygiuseppe Visicato,2002,,,,
Hurowitz0000_LiteraryOb,Hurowitz V.,Literary Observations On “in,Unknown,,,https://openalex.org/W292775692,https://doi.org/10.2307/3177648
Jacquet0000_FamilyArch,Jacquet A.,Family Archives In Mesopotamia During The Old Babylonian Period,Unknown,,,https://openalex.org/W1907933027,
Klein1996_LanguageAc,Klein W,Language Acquisition At Different Ages,1996,,Institute of Electrical and Electronics Engineers (IEEE),https://doi.org/10.1109/tns.1996.502309,10.1109/tns.1996.502309
Knudstad0000_Excavation,Knudstad J.E.,Excavation At Nippur,Unknown,,,https://openalex.org/W593658371,
Knudstad1890_TheNippurE,Knudstad J.,The Nippur Expedition,1890,,,https://openalex.org/W2099211934,https://doi.org/10.2307/2170773
Knudstad1966_TheNippurE,Knudstad J.,The Nippur Expedition,1966,,,https://openalex.org/W2099211934,https://doi.org/10.2307/2170773
Kramer1949_Schooldays,Kramer S.N.,Schooldays: A Sumerian Composition Relating To The Education Of A Scribe,1949,,JSTOR,https://doi.org/10.2307/596246,10.2307/596246
Kramer1977_TheUrExcav,Kramer S.N.,The Ur Excavations And Sumerian Literature,1977,,JSTOR,https://doi.org/10.2307/4200049,10.2307/4200049
Kraus0000_ScribalEdu,Kraus N.L.,Scribal Education In The Sargonic Period,,,,https://openalex.org/W3095661087,https://doi.org/10.1163/9789004443242
Lambert1962_ACatalogue,Lambert W.,A Catalogue Of Texts And Authors,1962,,University of Chicago Press,https://doi.org/10.2307/1359154,10.2307/1359154
Lucas1979_TheScribal,Lucas,The Scribal Tablet House In Ancient Mesopotamia,1979,,JSTOR,https://doi.org/10.2307/367648,10.2307/367648
Macginnis2002_TheUseOfWr,Macginnis J.,The Use Of Writing Boards In The Neo Babylonian Temple Administration At Sippar,2002,,JSTOR,https://doi.org/10.2307/4200524,10.2307/4200524
Martin1983_Settlement,Martin H.P.,Settlement Patterns At Shuruppak,1983,,JSTOR,https://doi.org/10.2307/4200173,10.2307/4200173
Matthews1991_FragmentsO,Matthews R.J.,Fragments Of Officialdom From Fara,1991,,JSTOR,https://doi.org/10.2307/4200331,10.2307/4200331
Meyer1982_TellEdDerI,Meyer L.D.,Tell Ed Dèr Ii. Progress Reports (first Series),1982,,Emerald,https://doi.org/10.1108/eb022608,10.1108/eb022608
Michalowski2012_LiteracySc,Michalowski P.,"Literacy, Schooling And The Transmission Of Knowledge In Early Mesopotamian Culture",2012,,Wiley,https://doi.org/10.1002/9781444338386.wbeah01108,10.1002/9781444338386.wbeah01108
Michalowski2013_FromTheCol,Michalowski P.,From The Collections Of An Old Babylonian Literary Connoisseur,2013,,CAIRN.INFO,https://doi.org/10.3917/assy.107.0015,10.3917/assy.107.0015
Michel2018_Constituti,Michel C.,"Constitution, Contents, Filing And Use Of Private Archives: The Case Of Old Assyrian Archives (nineteenth Century Bce)",2018,,CAIRN,https://doi.org/10.3917/arma.314.0038,10.3917/arma.314.0038
Mieroop1986_NippurText,Mieroop M.V.D.,Nippur Texts From The Early Isin Period,1986,,,https://openalex.org/W3163987570,
Pearce1995_TheScribes,Pearce L.E.,The Scribes And Scholars Of Ancient Mesopotamia,1995,,Wiley,https://doi.org/10.1002/pfi.4170340410,10.1002/pfi.4170340410
Peters1903_ReviewTheE,Peters J.P.,Review: The Excavation Of Nippur,1903,,University of Chicago Press,https://doi.org/10.1086/478407,10.1086/478407
Peters1905_TheNippurL,Peters J.P.,The Nippur Library,1905,,JSTOR,https://doi.org/10.2307/592887,10.2307/592887
Pickworth2005_Excavation,Pickworth D.,Excavations At Nineveh: The Halzi Gate,2005,,Cambridge University Press (CUP),https://doi.org/10.1017/s0021088900001406,10.1017/s0021088900001406
Reade2017_TheManufac,Reade J.E.,"The Manufacture, Evaluation And Conservation Of Clay Tablets Inscribed In Cuneiform: Traditional Problems And Solutions",2017,,Cambridge University Press (CUP),https://doi.org/10.1017/irq.2016.10,10.1017/irq.2016.10
Reckling0000_TheArchaeo,Reckling L.,The Archaeology Of Tell Ras Shamra,Unknown,,,https://openalex.org/W2163094656,https://doi.org/10.1017/s0079497x00010902
Rhaines1956_LoTheAncie,Rhaines,"Lo, The Ancient Sumerians The Nippur Expedition",1956,,,https://openalex.org/W2037011031,https://doi.org/10.5356/orient.40.3
Robson0000_Fromashurb,Robson E.,From ‘ashurbanipal’s Library’ And The ‘stream Of Tradition’ To New Approaches To Cuneiform Scholarship,Unknown,,,https://openalex.org/W4249674649,https://doi.org/10.2307/j.ctvhn0csn.11
Robson2000_Mathematic,Robson E.,Mathematical Cuneiform Tablets In Philadelphia,2000,,,https://openalex.org/W2026200563,https://doi.org/10.1080/00033790600625427
Robson2001_TheTabletH,Eleanor Robson,The Tablet House A Scribal School In Old Babylonian Nippur,2001,,CAIRN,https://doi.org/10.3917/assy.093.0039,10.3917/assy.093.0039
Robson2008_Mathematic,Robson E.,Mathematics In Ancient Iraq,2008,,Informa UK Limited,https://doi.org/10.1080/17498430802304008,10.1080/17498430802304008
Robson2011_EmpiricalS,Robson E.,Empirical Scholarship In The Neo Assyrian Court,2011,,,https://openalex.org/W2939335266,
Robson2012_TheProduct,Eleanor Robson,The Production And Dissemination of Scholarly Knowledge,2012,,Oxford University Press,https://doi.org/10.1093/oxfordhb/9780199557301.013.0026,10.1093/oxfordhb/9780199557301.013.0026
Samet2023_Instructio,Samet N.,Instruction Of Shuruppak: The World's Oldest Instruction Collection,2023,,T&T Clark,https://doi.org/10.5040/9780567701220.ch-015,10.5040/9780567701220.ch-015
Soldt0000_Babylonian,Soldt W.V.,"Babylonian Lexical, Religious And Literary Texts And Scribal Education At Ugarit And Its Implications For The Alphabetic Literary Text",,,,https://openalex.org/W2016289316,https://doi.org/10.1515/janeh-2013-0006
Ston2001_SurveyAndS,Ston E.,Survey And Soundings In The Outer Town Of A Y Ayanis 1996 1998,2001,,,https://openalex.org/W4230150594,https://doi.org/10.37879/belleten.2012.351
Tanret2004_TheWorksAn,Tanret M.,The Works And The Days... On Scribal Activity In Old Babylonian Sippar Amnānum,2004,,CAIRN,https://doi.org/10.3917/assy.098.0033,10.3917/assy.098.0033
Tanret2012_LearnedRic,Tanret M.,"Learned, Rich, Famous, And Unhappy: Ur Utu Of Sippar",2012,,Oxford University Press,https://doi.org/10.1093/oxfordhb/9780199557301.013.0013,10.1093/oxfordhb/9780199557301.013.0013
Tinney1998_ScribalEdu,Tinney S.,Scribal Education In Nippur And Ur,1998,,,https://openalex.org/W2403550505,
Tsouparopoulou0000_HiddenMess,Tsouparopoulou C.,Hidden Messages Under The Temple: Foundation Deposits And The Restricted Presence Of Writing In 3rd Millennium Bce Mesopotamia*,,,,https://openalex.org/W2498862065,https://doi.org/10.1515/9783110353587.17
Haines0000_TheNippurE,,The Nippur Expedition,Unknown,,,https://openalex.org/W2099211934,https://doi.org/10.2307/2170773
Unknown0000_UrUtusStor,Unknown,Ur Utu's Story:the Mesopotamian Family And Laws,Unknown,,,,
Gibson2006_NippurAndU,,Nippur And Umm Al Hafriyat,2006,,Institute of Electrical and Electronics Engineers (IEEE),https://doi.org/10.1109/tuffc.2006.136,10.1109/tuffc.2006.136
Ur2017_TheTopogra,Ur J.,The Topography Of Nineveh,2017,,,https://openalex.org/W1981355928,https://doi.org/10.1017/s0035869x00013460
Vanstiphout1978_LipitEstar,Vanstiphout H.,Lipit Eštar's Praise In The Edubba,1978,,University of Chicago Press,https://doi.org/10.2307/1359932,10.2307/1359932
Vanstiphout1979_HowDidThey,Vanstiphout H.,How Did They Learn Sumerian?,1979,,University of Chicago Press,https://doi.org/10.2307/1360024,10.2307/1360024
Veldhuis1996_TheCuneifo,Veldhuis N.,The Cuneiform Tablet As An Educational Tool!,1996,,,https://openalex.org/W2563450412,
Veldhuis1996_TheUgaritL,Veldhuis N.,The Ugarit Lexical Text Rs 13.53,1996,,,https://openalex.org/W2480083403,
Veldhuis1997_UrukAltbab,Veldhuis N.,"Uruk. Altbabylonische Texte Aus Dem Planquadrat Pe Xvi 4/5 By Antoine Cavigneaux, Adam Falkenstein And Rainer Michael Boehmer",1997,,,,
Veldhuis1999_ReadingThe,Veldhuis N.,Reading The Signs,1999,,BRILL,https://doi.org/10.1163/9789004502161_019,10.1163/9789004502161_019
Veldhuis2000_KassiteExe,Veldhuis N.,Kassite Exercises: Literary And Lexical Extracts,2000,,University of Chicago Press,https://doi.org/10.2307/1359687,10.2307/1359687
Veldhuis2000_ReviewSume,Veldhuis N.,Review: Sumerian Proverbs In Their Curricular Context,2000,,JSTOR,https://doi.org/10.2307/606010,10.2307/606010
Veldhuis2002_StudiesInS,Veldhuis N.,Studies In Sumerian Vocabulary: Dnin Ka6; Immal/šilam; And Še21.d,2002,,University of Chicago Press,https://doi.org/10.2307/1360043,10.2307/1360043
Veldhuis2003_OnTheCurri,Veldhuis N.,On The Curriculum Of The Neo Babylonian School,2003,,JSTOR,https://doi.org/10.2307/3217754,10.2307/3217754
Veldhuis2006_HowDidThey,Veldhuis N.,How Did They Learn Cuneiform? Tribute/word List C As An Elementary Exercise,2006,,BRILL,https://doi.org/10.1163/9789047410683_013,10.1163/9789047410683_013
Veldhuis2012_PrestigeDi,Veldhuis N.,Prestige: Divergent Receptions Of Babylonian Scholarship: Cuneiform Lexical Texts In The Lare Bronze Age,2012,,Wiley,https://doi.org/10.1002/9781444338386.wbeah01123,10.1002/9781444338386.wbeah01123
Veldhuis2013_PurityAndA,Veldhuis N.,Purity And Access: A Catalog Of Lexical Texts Dedicated To Nabû,2013,,University of Chicago Press,https://doi.org/10.5615/jcunestud.65.2013.0169,10.5615/jcunestud.65.2013.0169
Verderame0000_RassamsAct,Verderame L.,Rassam’s Activities At Tello (1879) And The Earliest Acquisition Of Neo Sumerian Tablets In The British Museu,Unknown,,,,
Volk2000_EdubbaaUnd,Volk K.,Edubba>a Und Edubba>a Literatur: Ratsel Und Losungen,2000,,Walter de Gruyter GmbH,https://doi.org/10.1515/zava.2000.90.1.1,10.1515/zava.2000.90.1.1
Woolley1930_Excavation,Woolley C.L.; Littd,"Excavations At Ur, 1929 30",1930,,Cambridge University Press (CUP),https://doi.org/10.1017/s0003581500049192,10.1017/s0003581500049192
Yushu2010_TheSumeria,Yushu G.,The Sumerian Account Of The Invention Of Writing —a New Interpretation,2010,,Elsevier BV,https://doi.org/10.1016/j.sbspro.2010.05.110,10.1016/j.sbspro.2010.05.110
Charpin2010_ReadingAnd,Charpin D.,Reading and Writing in Babylon,2010,,University of Chicago Press,https://doi.org/10.7208/chicago/9780226101590.001.0001,10.7208/chicago/9780226101590.001.0001
Michalowski2021_TheyWroteo,Michalowski P.,"They Wrote on Clay, Wax, and Stone: Some Thoughts on Early Mesopotamian Writing",2021,,De Gruyter,https://doi.org/10.1515/9783110753301-005,10.1515/9783110753301-005
Taylor2015_ASystemati,Taylor A.J.,A Systematic Review of the Mortality from Untreated Leptospirosis,2015,,Public Library of Science (PLoS),https://doi.org/10.1371/journal.pntd.0003866,10.1371/journal.pntd.0003866
Janssen2018_AddressBeh,Janssen C.,Address Behaviour in Eight Unpublished ana bēlīja Letters from the Late Old Babylonian Ur-Utu Archive: Close Relatives Through a Distant Mirror?,2018,,Walter de Gruyter GmbH,https://doi.org/10.1515/za-2018-0011,10.1515/za-2018-0011
Sovegjarto2023_Archaeolo,Sovegjarto S.,A Collector’s Edition of the Past: Personal Collections of Mesopotamian Royal Inscriptions from the Old Babylonian Period,2023,,,https://openalex.org/W4366184672,https://doi.org/10.1515/9783111037196-014
Schneider2022_NippurCit,Schneider B.,Nippur: City of Enlil and Ninurta Introduction: Location as Advantage,2022,,De Gruyter,https://doi.org/10.1515/9783110798432-039,10.1515/9783110798432-039
Tanret2011_LearnedRic,Tanret M.,"Learned, Rich, Famous, And Unhappy: Ur Utu Of Sippar",2011,,Walter de Gruyter GmbH,https://doi.org/10.1515/za.2011.003,10.1515/za.2011.003
Michel0000_CentralAna,Michel C.,Central Anatolia in the Nineteenth and Eighteenth Centuries BC,,,,https://openalex.org/W2485539364,https://doi.org/10.1515/9783110266412.111
Nan2024_TheRoleand,Nan X.,The Role and Limitations of the United Nations in Middle East Security. A Case Study of United Nations Truce Supervision Organization,2024,Paris,Atlantis Press SARL,https://doi.org/10.2991/978-2-38476-297-2_124,10.2991/978-2-38476-297-2_124
Roger2016_GlobalCorr,Roger M.,Global correlation and uncertainty accounting,2016,,Walter de Gruyter GmbH,https://doi.org/10.1515/demo-2016-0009,10.1515/demo-2016-0009
Steele2004_TheCultsof,Steele M.J.,TheCultsofUrukandBabylon:TheTempleRitualTextsasEvidence for Hellenistic Cult Practice by Marc J.H.Linssen,2004,,Informa UK Limited,https://doi.org/10.1177/036215370403400411,10.1177/036215370403400411
Reade2016_TheManufac,Reade J.,"The Manufacture, Evaluation and Conservation of Clay Tablets Inscribed in Cuneiform: Traditional Problems and Solutions",2016,,,https://openalex.org/W2592154555,https://doi.org/10.1017/irq.2016.10
Civil1980_Leslimites,Civil,Les limites de l’information textuelle’,1980,,,https://openalex.org/W4285805092,https://doi.org/10.3917/i2d.221.0073
Civil1985_Surleslivr,Civil,Sur les “livres d’écolier” à l’époque paléo-babylonienne’,1985,,,,
Cohen2011_TeacherStu,Cohen,Teacher-Student Relationships: Two Case Studies’,2011,,University of Toronto Press Inc. (UTPress),https://doi.org/10.1558/jircd.v2i2.271,10.1558/jircd.v2i2.271
Davis2007_ThePractic,Davis,The Practice of Handwriting Identification’,2007,,Liverpool University Press,https://doi.org/10.1093/library/8.3.251,10.1093/library/8.3.251
Donbaz1985_MoreOldAss,Donbaz,More Old Assyrian Tablets from Assur’,1985,,Walter de Gruyter GmbH,https://doi.org/10.1515/zava.1985.75.1.78,10.1515/zava.1985.75.1.78
Hecker1993_Schultexte,Hecker,Schultexte vom Kültepe’,1993,,BRILL,https://doi.org/10.1163/9789004654969_009,10.1163/9789004654969_009
Huber1999_Handwritin,Huber,Handwriting Identification: Facts and Fundamentals,1999,,CRC Press,https://doi.org/10.1201/9781420048773,10.1201/9781420048773
Koppenhaver2007_ForensicDo,Koppenhaver,Forensic Document Examination,2007,,,https://openalex.org/W2134061878,
Larsen1976_TheOldAssy,Larsen,The Old Assyrian City-State and Its Colonies,1976,,Informa UK Limited,https://doi.org/10.1080/00221589.1976.11514683,10.1080/00221589.1976.11514683
Michel1998_Lesmarchan,Michel,Les marchands et les nombres: l’exemple des Assyriens à Kaniš’,1998,,SEE,https://doi.org/10.3845/ree.1998.044,10.3845/ree.1998.044
Michel2008_Ecrireetco,Michel,Écrire et compter chez les marchands assyriens du début du IIe millénaire av. J.-C.’,2008,,CAIRN,https://doi.org/10.3917/eger.248.0933,10.3917/eger.248.0933
Michel2020_Makingclay,Michel,Making clay envelopes in the Old Assyrian period’,2020,Cham,Springer International Publishing,https://doi.org/10.1007/978-3-030-48389-0_10,10.1007/978-3-030-48389-0_10
Michel0_WeighingUn,Michel,Weighing Units and Weights in the Context of Trade from Upper Mesopotamia to Anatolia (Nineteenth and Eighteenth Centuries BCE)’,0000,,,https://openalex.org/W1493708889,https://doi.org/10.1017/s0265052522000140
Proust2007_Tablettesm,Proust,Tablettes mathématiques de Nippur,2007,,Cambridge University Press (CUP),https://doi.org/10.1017/s0012217300001621,10.1017/s0012217300001621
Sjoberg1976_TheOldBaby,Sjöberg,The Old Babylonian Eduba’,1976,,,https://openalex.org/W2302483932,https://doi.org/10.1163/9789004247154_002
Stone1987_NippurNeig,Stone,"Nippur Neighborhoods (Studies in Ancient Oriental Civilization, 44",1987,,SAGE Publications,https://doi.org/10.1177/002200948702200301,10.1177/002200948702200301
Tinney1998_TextsTable,Tinney,"Texts, Tablets, and Teaching",1998,,,https://openalex.org/W2403550505,
Tinney1999_OntheCurri,Tinney,On the Curricular Settings of Sumerian Literature’,1999,,JSTOR,https://doi.org/10.2307/4200472,10.2307/4200472
Vanstiphout1997_SumerianCa,Vanstiphout,Sumerian Canonical Compositions. C. Individual Focus. 6. School Dialogues’,1997,,,https://openalex.org/W2191732422,https://doi.org/10.22459/esp.07.2014
Veenhof2017_KultepeTab,Veenhof,"Kültepe Tabletleri VIII. The Archive of Elamma, son of Iddin-Suen, and his Family (Kt",2017,,,,
Veldhuis1997_Elementary,Veldhuis,Elementary Education at Nippur,1997,,,https://openalex.org/W1529968804,
Veldhuis2004_ReligionLi,Veldhuis,"Religion, Literature, and Scholarship: The Sumerian Composition “Nanše and the Birds”",2004,,BRILL,https://doi.org/10.1163/9789047405771,10.1163/9789047405771
Volk2000_Edubbaaund,Volk,Edubba’a und Edubba’a-Literatur: Rätsel und Lösungen’,2000,,Walter de Gruyter GmbH,https://doi.org/10.1515/zava.2000.90.1.1,10.1515/zava.2000.90.1.1
Waetzold2009_Schule,Waetzold,Schule’,2009,,,https://openalex.org/W3167588245,https://doi.org/10.31244/9783830970989
Albenda1986_ThePalaceo,Albenda,"The Palace of Sargon, King of Assyria: Monumental Wall Reliefs at Dur-Sharrukin",1986,,University of Chicago Press,https://doi.org/10.1086/373189,10.1086/373189
Alster1997_Proverbsof,Alster,Proverbs of Ancient Sumer: The World’s Earliest Proverb Collections,1997,,,,
Barnett1939_ACylinderS,Barnett,A Cylinder Seal from Syria,1939,,JSTOR,https://doi.org/10.2307/4241634,10.2307/4241634
Barnett1998_Sculptures,Barnett,Sculptures from the Southwest Palace of Sennacherib at Nineveh,1998,,S. Karger AG,https://doi.org/10.1159/000015819,10.1159/000015819
Bittel1973_Anatolica,Bittel,Anatolica,1973,,,https://openalex.org/W2068275580,https://doi.org/10.2307/2170196
Bleibtreu1980_DieFlorade,Bleibtreu,Die Flora der neuassyrischen Reliefs,1980,,,https://openalex.org/W2809995008,https://doi.org/10.7817/jameroriesoci.138.1.0105
Boehmer1972_DieKleinfu,Boehmer,Die Kleinfunde von Boğazköy aus den Grabungskampagnen 1931–1939 und 1952–1969,1972,,Springer Science and Business Media LLC,https://doi.org/10.1007/bf00284353,10.1007/bf00284353
Boehmer1979_DieKleinfu,Boehmer,Die Kleinfunde aus der Unterstadt von Boğazköy: Grabungskampagnen 1970–1978,1979,,Office of Scientific and Technical Information (OSTI),https://doi.org/10.2172/5959615,10.2172/5959615
Borker-Klahn1982_Altvordera,Börker-Klähn,Altvorderasiatische Bildstelen und vergleichbare Felsreliefs,1982,,,https://openalex.org/W2342434608,
Buchanan1966_Catalogueo,Buchanan,Catalogue of Ancient Near Eastern Seals in the Ashmolean Museum I: Cylinder Seals,1966,,JSTOR,https://doi.org/10.2307/3264255,10.2307/3264255
Buccellati2000_TheRoyalPa,Buccellati,"The Royal Palace of Urkesh. Report on the 12th Season at Tell Mozan / Urkesh: Excavation in Area AA, June–October 1999",2000,,,https://openalex.org/W2491011688,https://doi.org/10.6084/m9.figshare.8293652
Cammarosano2013_HittiteCul,Cammarosano,Hittite Cult Inventories – Part One: The Hittite Cult Inventories as Textual Genre,2013,,,https://openalex.org/W2259249263,https://doi.org/10.13109/wdor.2013.43.1.63
Clay1906_Documentsf,Clay,Documents from the Temple Archives of Nippur Dated in the Reigns of Cassite Rulers,1906,,,https://openalex.org/W1601705428,
Clevering1999_TaxonomyCh,Clevering,"Taxonomy, Chromosome Numbers, Clonal Diversity and Population Dynamics of Phragmites australis",1999,,Elsevier BV,https://doi.org/10.1016/s0304-3770(99)00059-5,10.1016/s0304-3770(99)00059-5
Collon2001_Catalogueo,Collon,Catalogue of the Western Asiatic Seals in the British Museum,2001,,,https://openalex.org/W4239099165,https://doi.org/10.1163/ej.9789004156159.i-314
Deimel1922_DieBedeutu,Deimel,Die Bedeutung der Keilschrift-Paläographie für die Chronologie der ältesten babylonischen Geschichte,1922,,,,
Delaporte1909_Lescylindr,Delaporte,Les cylindres orientaux du musée historique de l’Orléanais,1909,,PERSEE Program,https://doi.org/10.3406/crai.1909.72554,10.3406/crai.1909.72554
Dogan2010_TheKirsehi,Doğan,The Kırşehir Letter: A New Hieroglyphic Luwian Text on a Lead Strip,2010,,AJIT - E Academic Journal of Information Technology,https://doi.org/10.5824/1309-1581.2010.003.x,10.5824/1309-1581.2010.003.x
Unknown2013_HititlerBi,Unknown,Hititler: Bir Anadolu İmparatorluğu / Hittites: An Anatolian Empire,2013,,,,
Driver1976_SemiticWri,Driver,Semitic Writing from Pictograph to Alphabet,1976,,Elsevier BV,https://doi.org/10.3382/ps.0551544,10.3382/ps.0551544
Ellison2002_APaleograp,Ellison,A Paleographic Study of the Alphabetic Cuneiform Texts from Ras Shamra/Ugarit,2002,,Wiley,https://doi.org/10.1046/j.1365-2990.2002.00419.x,10.1046/j.1365-2990.2002.00419.x
Falkenstein1936_Archaische,Falkenstein,Archaische Texte aus Uruk,1936,,,https://openalex.org/W1536226648,https://doi.org/10.2307/3250432
Farber-Flugge1973_DerMythosI,Farber-Flügge,Der Mythos “Inanna und Enki” unter besonderer Berücksichtigung der Liste der me,1973,Basel,Birkhäuser Basel,https://doi.org/10.1007/978-3-0348-5829-8_6,10.1007/978-3-0348-5829-8_6
Fisseler2014_TowardsanI,Fisseler,Towards an Interactive and Automated Script Feature Analysis of 3D Scanned Cuneiform Tablets,2014,,,https://openalex.org/W2610365376,
Franke2011_Personlich,Franke,Persönliche Frömmigkeit im Alten Orient am Beispiel des Kultsockels des Tukulti-Ninurta von Assyrien,2011,,Georg Thieme Verlag KG,https://doi.org/10.1055/s-0031-1273431,10.1055/s-0031-1273431
Gasche1989_LaBabyloni,Gasche,La Babylonie au 17e siècle avant notre ère,1989,,,,
George2006_Babylonian,George,"Babylonian Texts from the Folios of Sidney B. Smith, Part Three",2006,,BRILL,https://doi.org/10.1163/9789047408239_017,10.1163/9789047408239_017
Gumbert2002_ThePenandI,Gumbert,The Pen and Its Movement,2002,,PERSEE Program,https://doi.org/10.3406/galim.2002.1553,10.3406/galim.2002.1553
Hardion2012_RevisedSys,Hardion,Revised Systematics of Mediterranean Arundo (Poaceae,2012,,Wiley,https://doi.org/10.1002/tax.616004,10.1002/tax.616004
Hepper1992_Notesonthe,Hepper,Notes on the Reeds of Mesopotamia,1992,,,https://openalex.org/W2153590413,https://doi.org/10.1017/s0003598x0009325x
Herles2006_ZurDarstel,Herles,Zur Darstellung auf dem Symbolsockel Tukulti-Ninurtas I: Griffel oder Zepter?,2006,,,https://openalex.org/W2511051123,
Hoffner2009_Lettersfro,Hoffner,Letters from the Hittite Kingdom,2009,,Wiley,https://doi.org/10.1111/j.1600-0463.2009.02438.x,10.1111/j.1600-0463.2009.02438.x
Howard1955_TechnicalD,Howard,Technical Description of the Ivory Writing-Boards from Nimrud,1955,,JSTOR,https://doi.org/10.2307/4241714,10.2307/4241714
Unknown1991_DeralteOri,Unknown,Der alte Orient,1991,,,https://openalex.org/W1510586957,
Jendritzki1997_ZurRestaur,Jendritzki,Zur Restaurierung und Technologie des Bronzekreuzes VA 5379,1997,,,,
Jendritzki2003_FurForschu,Jendritzki,Für Forschung und Besucher gerettet,2003,,,,
Keel1990_Laglyptiqu,Keel,La glyptique de Tell Keisan,1990,,,https://openalex.org/W565299421,https://doi.org/10.5167/uzh-151743
Klengel-Brandt1975_EineSchrei,Klengel-Brandt,Eine Schreibtafel aus Assur,1975,,Walter de Gruyter GmbH,https://doi.org/10.1524/aofo.1975.3.jg.169,10.1524/aofo.1975.3.jg.169
Kosay1966_AlacaHoyuk,Koşay,Alaca Höyük Kazısı 1940–1948: İlk Rapor,1966,,,https://openalex.org/W440015698,
Langdon1924_Excavation,Langdon,Excavations at Kish I,1924,,University of Chicago Press,https://doi.org/10.1086/370036,10.1086/370036
Landsberger1967_TheDatePal,Landsberger,The Date Palm and Its By-products According to the Cuneiform Sources,1967,,,https://openalex.org/W2982240662,
Levine1973_TwoNeoAssy,Levine,Two Neo-Assyrian Stelae from Iran,1973,,McGill-Queen's University Press,https://doi.org/10.1515/9780773592285-007,10.1515/9780773592285-007
Livingstone2007_Ashurbanip,Livingstone,Ashurbanipal: Literate or Not?,2007,,Walter de Gruyter GmbH,https://doi.org/10.1515/za.2007.005,10.1515/za.2007.005
Loud1938_KhorsabadP,Loud,"Khorsabad, Part 2",1938,,,https://openalex.org/W1942599455,
Madhloom1970_TheChronol,Madhloom,The Chronology of Neo-Assyrian Art,1970,,,https://openalex.org/W3211887632,
Mallowan1954_TheExcavat,Mallowan,The Excavations at Nimrud (Kalḫu,1954,,JSTOR,https://doi.org/10.2307/4199583,10.2307/4199583
Marazzi1994_Maglihitti,Marazzi,Ma gli hittiti scrivevano veramente su legno?,1994,,,https://openalex.org/W105798651,
Marzahn2003_DieKeilsch,Marzahn,Die Keilschrift,2003,,,https://openalex.org/W2094677862,https://doi.org/10.2307/603902
Meier1939_Einakkadis,Meier,Ein akkadisches Heilungsritual aus Boğazköy,1939,,Walter de Gruyter GmbH,https://doi.org/10.1515/zava.1939.45.2-3.195,10.1515/zava.1939.45.2-3.195
Meijer2004_AScribalQu,Meijer,A Scribal Quarter?,2004,,,https://openalex.org/W2312252370,https://doi.org/10.2307/503522
Messerschmidt1906_ZurTechnik,Messerschmidt,Zur Technik des Tontafelschreibens,1906,,Walter de Gruyter GmbH,https://doi.org/10.1524/olzg.1906.9.16.93,10.1524/olzg.1906.9.16.93
Novotny2008_AftertheFa,Novotny,After the Fall of Babylon,2008,,Cambridge University Press (CUP),https://doi.org/10.1017/s0021088900000899,10.1017/s0021088900000899
Oates1968_TheExcavat,Oates,"The Excavations at Tell al Rimah, 1967",1968,,JSTOR,https://doi.org/10.2307/4199847,10.2307/4199847
Ochsenschlager1992_Ethnograph,Ochsenschlager,"Ethnographic Evidence for Wood, Boats, Bitumen and Reeds in Southern Iraq",1992,,,https://openalex.org/W2153590413,https://doi.org/10.1017/s0003598x0009325x
Opitz1930_Studienzur,Opitz,Studien zur altorientalischen Kunst,1930,,Georg Thieme Verlag KG,https://doi.org/10.1055/s-0028-1125644,10.1055/s-0028-1125644
Parkes2008_TheirHands,Parkes,Their Hands Before Our Eyes,2008,,Wiley,https://doi.org/10.1002/mrm.21487,10.1002/mrm.21487
Payne2005_Uberlegung,Payne,Überlegungen zur Hieroglyphenschrift der Assur-Briefe,2005,,,,
Pecorella1980_Diecisigil,Pecorella,Dieci sigilli cilindrici del Vicino Oriente,1980,,,https://openalex.org/W4245489356,https://doi.org/10.5356/orient1960.29.109
Perdue1958_Arundodona,Perdue,Arundo donax – Source of Musical Reeds and Industrial Cellulose,1958,,Springer Science and Business Media LLC,https://doi.org/10.1007/bf02860024,10.1007/bf02860024
Pilu2012_GiantReedA,Pilu,Giant Reed (Arundo donax L,2012,,Academic Journals,https://doi.org/10.5897/ajb11.4182,10.5897/ajb11.4182
Postgate1980_PalmtreesR,Postgate,"Palm-trees, Reeds and Rushes in Iraq Ancient and Modern",1980,,,https://openalex.org/W2506883189,https://doi.org/10.1017/s0033822200005142
Postgate1986_MiddleAssy,Postgate,Middle Assyrian Tablets,1986,,Walter de Gruyter GmbH,https://doi.org/10.1524/aofo.1986.13.12.10,10.1524/aofo.1986.13.12.10
Postgate1987_BM118796,Postgate,BM 118796,1987,,,https://openalex.org/W4286209586,https://doi.org/10.3390/catal12070798
Powell1981_ThreeProbl,Powell,Three Problems in the History of Cuneiform Writing,1981,,Informa UK Limited,https://doi.org/10.1080/00963402.1981.11458900,10.1080/00963402.1981.11458900
Powell2007_Assurbanip,Powell,Assurbanipals Griffel,2007,,,https://openalex.org/W4255722632,https://doi.org/10.1515/za.2007.006
Reade1986_Archaeolog,Reade,Archaeology and the Kuyunjik Archives,1986,,,https://openalex.org/W2600110752,https://doi.org/10.5356/orient.49.115
Reade2012_VisualEvid,Reade,Visual Evidence for the Status and Activities of Assyrian Scribes,2012,,,https://openalex.org/W4411985547,https://doi.org/10.2307/jj.30625915.50
Ryu1991_Functional,Ryu,Functional Ranges of Motion of the Wrist Joint,1991,,Elsevier BV,https://doi.org/10.1016/0363-5023(91)90006-w,10.1016/0363-5023(91)90006-w
Saggs1981_TheReedSty,Saggs,The Reed Stylus,1981,,,https://openalex.org/W2102131270,https://doi.org/10.1109/im.2003.1240266
Salim1962_MarshDwell,Salim,Marsh Dwellers of the Euphrates Delta,1962,,,https://openalex.org/W2795538620,https://doi.org/10.2307/2089970
Sallaberger1989_ZumSchilfr,Sallaberger,Zum Schilfrohr als Rohstoff in Babylonien,1989,,,https://openalex.org/W1663293313,
Nicolo1948_HabendieBa,Nicolò,Haben die Babylonier Wachstafeln als Schriftträger gekannt?,1948,,,,
Schachner2013_DieArbeite,Schachner,Die Arbeiten in Boğazköy-Ḫattuša 2012,2013,,Walter de Gruyter GmbH,https://doi.org/10.1515/hzhz.2013.0525,10.1515/hzhz.2013.0525
Schaeffer1951_Reprisedes,Schaeffer,Reprise des recherches archéologiques à Ras Shamra-Ugarit,1951,,PERSEE Program,https://doi.org/10.3406/syria.1951.4645,10.3406/syria.1951.4645
Unknown1955_LePalaisro,Unknown,Le Palais royal d’Ugarit III,1955,,,https://openalex.org/W2470139207,https://doi.org/10.1017/s0003598x00029021
Schwemer1998_Akkadische,Schwemer,Akkadische Rituale aus Ḫattuša,1998,,,https://openalex.org/W1791314432,
Seidl1989_Diebabylon,Seidl,Die babylonischen Kudurru-Reliefs,1989,"Berlin, Heidelberg",Springer Berlin Heidelberg,https://doi.org/10.1007/978-3-642-74091-6_46,10.1007/978-3-642-74091-6_46
Sirat1987_Lamorpholo,Sirat,La morphologie humaine et la direction des écritures,1987,,PERSEE Program,https://doi.org/10.3406/crai.1987.14454,10.3406/crai.1987.14454
Stol1998_Einigekurz,Stol,Einige kurze Wortstudien,1998,,BRILL,https://doi.org/10.1163/9789004676602_019,10.1163/9789004676602_019
Streck2009_Schilf,Streck,Schilf,2009,,,https://openalex.org/W19093835,
Symington1991_LateBronze,Symington,Late Bronze Age Writing-Boards,1991,,Cambridge University Press (CUP),https://doi.org/10.2307/3642934,10.2307/3642934
Taylor2011_TabletsasA,Taylor,"Tablets as Artefacts, Scribes as Artisans",2011,,,https://openalex.org/W2735717896,https://doi.org/10.1093/oxfordhb/9780199557301.013.0001
Torri2012_HidingWord,Torri,Hiding Words behind the Signs,2012,,,https://openalex.org/W152432246,
Townsend1968_FloraofIra,Townsend,Flora of Iraq 9: Gramineae,1968,,JSTOR,https://doi.org/10.2307/4107925,10.2307/4107925
Unger1916_Reliefstel,Unger,Reliefstele Adadniraris III,1916,,,https://openalex.org/W7112023466,
Unger1917_DieStelede,Unger,Die Stele des Bel-Harran-Beli-Ussur,1917,,Walter de Gruyter GmbH,https://doi.org/10.1515/zava.1917.31.1-2.231,10.1515/zava.1917.31.1-2.231
Soldt1991_Studiesint,Soldt,Studies in the Akkadian of Ugarit,1991,,,https://openalex.org/W596500402,
Volk2009_Schreibgri,Volk,Schreibgriffel,2009,,,https://openalex.org/W140155007,https://doi.org/10.11588/ak.2012.2.90631
Osten1937_TheAlishar,Osten,The Alishar Hüyük,1937,,,https://openalex.org/W2332541784,https://doi.org/10.2307/594487
Waal2011_TheyWroteo,Waal,They Wrote on Wood,2011,,Cambridge University Press (CUP),https://doi.org/10.1017/s0066154600008760,10.1017/s0066154600008760
Waetzoldt1992_Rohrunddes,Waetzoldt,‘Rohr’ und dessen Verwendungsweisen,1992,,,https://openalex.org/W2990164676,https://doi.org/10.1186/s13002-019-0338-8
Weeden2011_HittiteLog,Weeden,Hittite Logograms and Hittite Scholarship,2011,,Walter de Gruyter GmbH,https://doi.org/10.1524/aofo.2011.0008,10.1524/aofo.2011.0008
Westphal-Hellbusch1962_DieMadan,Westphal-Hellbusch,Die Maʿdan,1962,,Springer Science and Business Media LLC,https://doi.org/10.1007/bf00329185,10.1007/bf00329185
Wiseman1955_AssyrianWr,Wiseman,Assyrian Writing-Boards,1955,,JSTOR,https://doi.org/10.2307/4241713,10.2307/4241713
Yon2006_TheCityofU,Yon,The City of Ugarit at Tell Ras Shamra,2006,,Penn State University Press,https://doi.org/10.5325/j.ctv1bxh50p,10.5325/j.ctv1bxh50p
Yoshikawa1990_ANoteonSty,Yoshikawa,A Note on Stylus,1990,,,https://openalex.org/W1981575338,https://doi.org/10.1080/08856559.1928.10533074
Al-Rawi2000_OldBabylon,Al-Rawi,"Old Babylonian Texts from Private Houses at Abu Habbah, Ancient Sippar",2000,,SPE,https://doi.org/10.2118/87285-ms,10.2118/87285-ms
Battini2003_Constructi,Battini,"Construction royale, construction privée: la maison B 59 de Larsa",2003,,JSTOR,https://doi.org/10.2307/4200536,10.2307/4200536
Bardet1984_Archivesad,Bardet,Archives administratives de Mari I,1984,,Wiley,https://doi.org/10.1002/jrs.1250150606,10.1002/jrs.1250150606
Birot1953_Troistexte,Birot,Trois textes économiques de Mari (I,1953,,PERSEE Program,https://doi.org/10.3406/geo.1953.13646,10.3406/geo.1953.13646
Birot1955_Troistexte,Birot,Trois textes économiques de Mari (II,1955,,PERSEE Program,https://doi.org/10.3406/geo.1955.14910,10.3406/geo.1955.14910
Birot1956_Textesecon,Birot,Textes économiques de Mari (IV,1956,,Firenze University Press,https://doi.org/10.36253/bsgi-5786,10.36253/bsgi-5786
Birot1960_Textesadmi,Birot,Textes administratifs de la salle 5 du palais,1960,,PERSEE Program,https://doi.org/10.3406/geo.1960.14527,10.3406/geo.1960.14527
Birot1964_Textesadmi,Birot,Textes administratifs de la salle 5 du palais (2e partie,1964,,PERSEE Program,https://doi.org/10.3406/geo.1964.16670,10.3406/geo.1964.16670
Birot1969_Tablettese,Birot,Tablettes économiques et administratives d’époque paléo-babylonienne conservées au Musée d’art et d’histoire de Genève,1969,,PERSEE Program,https://doi.org/10.3406/bagf.1969.5911,10.3406/bagf.1969.5911
Birot1972_Simahlaner,Birot,"Simaḫlânê, roi de Kurda",1972,,Springer Science and Business Media LLC,https://doi.org/10.1051/forest/19720401,10.1051/forest/19720401
Birot1978_Donneesnou,Birot,Données nouvelles sur la chronologie du règne de Zimri-Lim,1978,,PERSEE Program,https://doi.org/10.3406/syria.1978.6645,10.3406/syria.1978.6645
Bottero1957_Textesecon,Bottéro,Textes économiques et administratifs,1957,,,https://openalex.org/W610437814,
Unknown2003_AncientArc,Unknown,Ancient Archives and Archival Traditions,2003,,,https://openalex.org/W2041987395,https://doi.org/10.1093/oso/9780199252459.001.0001
Burke1963_Textesadmi,Burke,Textes administratifs de la salle 111 du palais,1963,,University of Chicago Press,https://doi.org/10.2307/2716347,10.2307/2716347
Chambon2008_Unnouveaur,Chambon,Un nouveau récapitulatif sur la gestion de l’huile à Mari,2008,,PERSEE Program,https://doi.org/10.3406/onoma.2008.1485,10.3406/onoma.2008.1485
Charpin1979_ReviewofYO,Charpin,Review of YOS 14,1979,,,https://openalex.org/W2326726820,https://doi.org/10.1182/blood-2012-03-420489
Charpin1981_ReviewofYO,Charpin,Review of YOS 12,1981,,,https://openalex.org/W2971039762,https://doi.org/10.23887/jet.v2i1.13801
Charpin1982_Marchandsd,Charpin,Marchands du palais et marchands du temple,1982,,JSTOR,https://doi.org/10.2307/3632190,10.2307/3632190
Charpin1984_Nouveauxdo,Charpin,Nouveaux documents du bureau de l’huile,1984,,JSTOR,https://doi.org/10.2307/602208,10.2307/602208
Charpin1986_Transmissi,Charpin,Transmission des titres de propriété,1986,,PERSEE Program,https://doi.org/10.3406/ofce.1986.1056,10.3406/ofce.1986.1056
Charpin1987_Nouveauxdo,Charpin,Nouveaux documents du bureau de l’huile (suite,1987,,BRILL,https://doi.org/10.1163/9789004671966_005,10.1163/9789004671966_005
Charpin1989_Unquartier,Charpin,Un quartier de Nippur,1989,,JSTOR,https://doi.org/10.2307/20075740,10.2307/20075740
Charpin1990_Unquartier,Charpin,Un quartier de Nippur,1990,,PERSEE Program,https://doi.org/10.3406/textu.1990.2113,10.3406/textu.1990.2113
Charpin1993_ReviewofAU,Charpin,Review of AUCT 4,1993,,,https://openalex.org/W2062664510,https://doi.org/10.1080/03115518808618994
Charpin1994_Unecampagn,Charpin,Une campagne de Yahdun-Lîm,1994,,Elsevier BV,https://doi.org/10.1016/s0335-7457(05)80038-3,10.1016/s0335-7457(05)80038-3
Charpin1995_Lafindesar,Charpin,La fin des archives dans le palais de Mari,1995,,Elsevier BV,https://doi.org/10.1016/s0335-7457(05)80370-3,10.1016/s0335-7457(05)80370-3
Charpin2000_Lespreteur,Charpin,Les prêteurs et le palais,2000,,Elsevier BV,https://doi.org/10.1016/s1297-9589(00)00001-1,10.1016/s1297-9589(00)00001-1
Charpin2000_Lettresetp,Charpin,Lettres et procès paléo-babyloniens,2000,,,,
Charpin2001_Lespreteur,Charpin,Les prêteurs et le palais (suite,2001,,Elsevier BV,https://doi.org/10.1016/s0335-7457(01)00025-9,10.1016/s0335-7457(01)00025-9
Charpin2001_Larchivage,Charpin,L’archivage des tablettes,2001,,,https://openalex.org/W4242072398,https://doi.org/10.4000/books.enc.1602
Charpin2003_Lapolitiqu,Charpin,La politique immobilière des marchands de Larsa,2003,,PERSEE Program,https://doi.org/10.3406/jobot.2003.1955,10.3406/jobot.2003.1955
Charpin2005_Donneesnou,Charpin,Données nouvelles sur la vie économique,2005,,Elsevier BV,https://doi.org/10.1016/s0001-4079(19)33604-0,10.1016/s0001-4079(19)33604-0
Charpin2005_Economieet,Charpin,Économie et société à Sippar,2005,,Elsevier BV,https://doi.org/10.1016/s0398-7620(05)84704-2,10.1016/s0398-7620(05)84704-2
Charpin2005_ReviewofVS,Charpin,Review of VS 29,2005,,,https://openalex.org/W4243217122,https://doi.org/10.1001/jama.274.1.29
Charpin2006_Lesinscrip,Charpin,Les inscriptions royales suméro-akkadiennes,2006,,Elsevier BV,https://doi.org/10.1016/s0761-8425(06)71523-6,10.1016/s0761-8425(06)71523-6
Charpin2007_Chroniques,Charpin,Chroniques bibliographiques 10,2007,,,https://openalex.org/W2013597863,https://doi.org/10.1016/j.annrmp.2007.04.010
Charpin2008_Lireetecri,Charpin,Lire et écrire à Babylone,2008,,Presses Universitaires de France,https://doi.org/10.3917/puf.char.2008.01,10.3917/puf.char.2008.01
Charpin2008_Archivagee,Charpin,Archivage et classification,2008,,Presses Universitaires de France,https://doi.org/10.3917/puf.char.2008.01,10.3917/puf.char.2008.01
Charpin2008_TellHariri,Charpin,Tell Hariri – Mari (Textes)... II. Les archives,2008,,,https://openalex.org/W3115518166,
Charpin2010_Formulaire,Charpin,Formulaires des contrats de Mari,2010,,BRILL,https://doi.org/10.1163/9789004186569_006,10.1163/9789004186569_006
Charpin2012_Lexerciced,Charpin,L’exercice du pouvoir,2012,,Penn State University Press,https://doi.org/10.5325/j.ctv1bxgx80.7,10.5325/j.ctv1bxgx80.7
Charpin1986_Quelquesre,Charpin,Quelques remarques concernant les archives,1986,,PERSEE Program,https://doi.org/10.3406/hel.1986.1233,10.3406/hel.1986.1233
Charpin2004_YasimSumu,Charpin,Yasîm-Sûmû,2004,,,https://openalex.org/W3149652433,https://doi.org/10.3406/ktema.2001.2279
Charpin2004_Mesopotami,Charpin,Mesopotamien: Die altbabylonische Zeit,2004,,,https://openalex.org/W2803683404,https://doi.org/10.5167/uzh-151595
Charpin2003_Florilegiu,Charpin,Florilegium Marianum V,2003,,,https://openalex.org/W4391243694,
Dalley2005_OldBabylon,Dalley,Old Babylonian Texts in the Ashmolean Museum,2005,,,https://openalex.org/W647326893,
Driel1994_PrivateorN,Driel,Private or Not-so-private,1994,,,https://openalex.org/W3122709951,https://doi.org/10.1016/j.jfineco.2007.11.005
Duponchel1997_Lescomptes,Duponchel,Les comptes d’huile du palais de Mari,1997,,PERSEE Program,https://doi.org/10.3406/ephe.1997.12829,10.3406/ephe.1997.12829
Durand1981_Documentsc,Durand,Documents cunéiformes ... Tome I,1981,,,,
Durand1983_Textesadmi,Durand,Textes administratifs des salles 134 et 160,1983,,Cambridge University Press (CUP),https://doi.org/10.1017/s003533610017515x,10.1017/s003533610017515x
Durand1987_Lorganisat,Durand,L’organisation de l’espace dans le palais de Mari,1987,,BRILL,https://doi.org/10.1163/9789004671966_004,10.1163/9789004671966_004
Durand1997_Lesdocumen,Durand,Les documents épistolaires du palais de Mari I,1997,,PERSEE Program,https://doi.org/10.3406/tiers.1997.5205,10.3406/tiers.1997.5205
Durand2000_Lesdocumen,Durand,Les documents épistolaires du palais de Mari III,2000,,PERSEE Program,https://doi.org/10.3406/pica.2000.2485,10.3406/pica.2000.2485
Faivre1995_Lerecyclag,Faivre,Le recyclage des tablettes cunéiformes,1995,,PERSEE Program,https://doi.org/10.3406/dhs.1995.2032,10.3406/dhs.1995.2032
Figulla1961_Catalogueo,Figulla,Catalogue of the Babylonian Tablets in the British Museum I,1961,,,https://openalex.org/W2316749414,https://doi.org/10.2307/4200255
Goddeeris2002_Anadoption,Goddeeris,An adoption document from Kisurra,2002,,Elsevier BV,https://doi.org/10.1016/s0304-4017(01)00621-5,10.1016/s0304-4017(01)00621-5
Guichard2005_Lavaissell,Guichard,La vaisselle de luxe des rois de Mari,2005,,PERSEE Program,https://doi.org/10.3406/cehm.2005.1710,10.3406/cehm.2005.1710
Unknown1995_Lesphenome,Unknown,Les phénomènes de fin d’archives en Mésopotamie,1995,,,,
Jursa2005_NeoBabylon,Jursa,Neo-Babylonian Legal and Administrative Documents,2005,,,https://openalex.org/W653909374,
Kessler1997_Dasspatalt,Kessler,Das spätaltbabylonische Tempelarchiv,1997,,Springer Science and Business Media LLC,https://doi.org/10.1007/s001010050392,10.1007/s001010050392
Koppen2003_ReviewofVS,Koppen,Review of VS 29,2003,,,https://openalex.org/W4243217122,https://doi.org/10.1001/jama.274.1.29
Lacambre1997_Lagestiond,Lacambre,La gestion du bronze,1997,,,https://openalex.org/W854008423,
Lafont1984_Chapter3,Lafont,Chapter 3,1984,,,https://openalex.org/W2080339271,https://doi.org/10.3102/0091732x025001099
Lafont1985_Lesabumdur,Lafont,Le ṣâbum du roi de Mari,1985,,OpenEdition,https://doi.org/10.4000/praxematique.3539,10.4000/praxematique.3539
Marti2008_Florilegiu,Marti,Florilegium Marianum X,2008,,,https://openalex.org/W3115518166,
Maul1997_ZwischenSp,Maul,Zwischen Sparmaßnahme und Revolte,1997,,Springer Science and Business Media LLC,https://doi.org/10.1007/s11818-997-0021-5,10.1007/s11818-997-0021-5
Michel1996_Lecommerce,Michel,Le commerce dans les textes de Mari,1996,,PERSEE Program,https://doi.org/10.3406/noroi.1996.6734,10.3406/noroi.1996.6734
Alba2001_Lapopulati,Albà,La population du royaume de Mari... PhD,2001,,,https://openalex.org/W3154345939,https://doi.org/10.2143/al.26.0.3289089
Oppenheim1967_Lettersfro,Oppenheim,Letters from Mesopotamia,1967,,Oxford University Press (OUP),https://doi.org/10.1104/pp.42.1.125,10.1104/pp.42.1.125
Parpola1986_Theroyalar,Parpola,The royal archives of Nineveh,1986,,,https://openalex.org/W2330189134,https://doi.org/10.2307/1359779
Parpola2001_TheHelsink,Parpola,The Helsinki Atlas of the Near East,2001,,,https://openalex.org/W642196016,
Pedersen1998_Zudenaltba,Pedersén,Zu den altbabylonischen Archiven,1998,,,https://openalex.org/W2325827429,https://doi.org/10.1524/aofo.1998.25.2.328
Pedersen2005_Archiveund,Pedersén,Archive und Bibliotheken in Babylon,2005,,,https://openalex.org/W611081892,
Renger1977_Cooperatio,Renger,Cooperation internationale – Berlin,1977,,,https://openalex.org/W3036581467,
Richardson2002_EweShouldB,Richardson,Ewe Should Be So Lucky,2002,,BMJ,https://doi.org/10.1136/bmj.325.7359.314,10.1136/bmj.325.7359.314
Roth1995_LawCollect,Roth,Law Collections from Mesopotamia and Asia Minor,1995,,Informa UK Limited,https://doi.org/10.1080/10749357.1995.11754061,10.1080/10749357.1995.11754061
Sasson1982_Accounting,Sasson,Accounting Discrepancies,1982,,BRILL,https://doi.org/10.1163/9789004664951_031,10.1163/9789004664951_031
Schorr1913_Urkundende,Schorr,Urkunden des altbabylonischen Zivil- und Prozessrechts,1913,,Wiley,https://doi.org/10.1002/asna.19131962004,10.1002/asna.19131962004
Seri2005_LocalPower,Seri,Local Power in Old Babylonian Mesopotamia,2005,,,https://openalex.org/W562884362,https://doi.org/10.1558/isbn.9781845538330
Sigrist1990_OldBabylon,Sigrist,Old Babylonian Account Texts,1990,,,https://openalex.org/W4214879515,https://doi.org/10.2307/4132125
Sigrist2003_OldBabylon,Sigrist,Old Babylonian Account Texts,2003,,,https://openalex.org/W4214879515,https://doi.org/10.2307/4132125
Sigrist1996_Catalogueo,Sigrist,Catalogue of the Babylonian Tablets in the British Museum II,1996,,JSTOR,https://doi.org/10.2307/605705,10.2307/605705
Sigrist2006_Catalogueo,Sigrist,Catalogue of the Babylonian Tablets in the British Museum III,2006,,,https://openalex.org/W2159221263,https://doi.org/10.1017/s135618630621647x
Skaist1994_TheOldBaby,Skaist,The Old Babylonian Loan Contract,1994,,,https://openalex.org/W2031483131,
Stol1973_ReviewofYO,Stol,Review of YOS 13,1973,,,https://openalex.org/W2326726820,https://doi.org/10.1182/blood-2012-03-420489
Stone2002_TheUrIIIOl,Stone,The Ur III–Old Babylonian Transition,2002,,JSTOR,https://doi.org/10.2307/4200520,10.2307/4200520
Suurmeijer2006_LoansandEd,Suurmeijer,Loans and Edicts,2006,,,https://openalex.org/W578718596,https://doi.org/10.2307/j.ctv4rfr25
Tanret2008_FindtheTab,Tanret,Find the Tablet-box,2008,,,https://openalex.org/W2132980841,https://doi.org/10.1080/00094056.2013.757490
Tanret0_Forthcomin,Tanret,Forthcoming,0000,,,https://openalex.org/W2228221433,https://doi.org/10.1016/j.jtho.2015.09.009
Unknown2008_ChagarBaza,Unknown,Chagar Bazar III,2008,,,https://openalex.org/W4392141795,
Mieroop2002_CreditasaF,Mieroop,Credit as a Facilitator of Exchange,2002,,,https://openalex.org/W3022773787,https://doi.org/10.1257/jep.24.1.73
Lerberghe2003_Privateand,Lerberghe,Private and Public,2003,,Oxford University PressOxford,https://doi.org/10.1093/oso/9780199252459.003.0004,10.1093/oso/9780199252459.003.0004
Lerberghe1991_OnQuasiHul,Lerberghe,On ‘Quasi-Hüllentafeln.’,1991,,,https://openalex.org/W799786477,https://doi.org/10.1163/9789004260757_020
Unknown1986_CuneiformA,Unknown,Cuneiform Archives and Libraries,1986,,,https://openalex.org/W604670053,
Villard1986_UnroideMar,Villard,Un roi de Mari à Ugarit,1986,,JSTOR,https://doi.org/10.2307/601612,10.2307/601612
Villard1992_Ledeplacem,Villard,Le déplacement des trésors royaux,1992,,PERSEE Program,https://doi.org/10.3406/bch.1992.1697,10.3406/bch.1992.1697
Wilcke1970_ReviewofOp,Wilcke,Review of Oppenheim 1967,1970,,,https://openalex.org/W2089306976,https://doi.org/10.1101/sqb.1968.033.01.030
Ziegler1999_Florilegiu,Ziegler,Florilegium Marianum IV,1999,,American Chemical Society (ACS),https://doi.org/10.1021/om9903285,10.1021/om9903285
Ziegler2001_Gestionetc,Ziegler,Gestion et contrôle,2001,,PERSEE Program,https://doi.org/10.3406/ktema.2001.2279,10.3406/ktema.2001.2279
Alster1987_LaharandAs,Alster,Lahar and Ashnan: Presentation and Analysis of a Sumerian Disputation,1987,,Walter de Gruyter GmbH,https://doi.org/10.1515/zava.1987.77.2.169,10.1515/zava.1987.77.2.169
Brusasco1999_FamilyArch,Brusasco,Family Archives and the Social Use of Space in Old Babylonian Houses at Ur,1999,,,https://openalex.org/W4390397157,https://doi.org/10.3917/assy.093.0081g
Cavigneaux1996_UrukAltbab,Cavigneaux,"Uruk: Altbabylonische Texte aus dem Planquadrat Pe XVI-4/5. Ausgrabungen in Uruk-Warka, Endberichte 23",1996,,,,
Charpin1986_LeclergedU,Charpin,Le clergé d’Ur au siècle d’Hammurabi (XIXe–XVIIIe siècles av,1986,,Elsevier BV,https://doi.org/10.1016/s0750-7658(86)80005-3,10.1016/s0750-7658(86)80005-3
Civil1969_OldBabylon,Civil,Old Babylonian Proto-Lu: Types of Sources,1969,,,https://openalex.org/W2111568498,https://doi.org/10.1093/jxb/ern260
Civil1979_Materialsf,Civil,Materials for the Sumerian Lexicon,1979,,,https://openalex.org/W7113289365,
Civil1994_TheFarmers,Civil,The Farmer’s Instructions: A Sumerian Agricultural Manual,1994,,,,
Cooper1983_TheCurseof,Cooper,The Curse of Agade,1983,,,https://openalex.org/W2035033343,https://doi.org/10.2307/602789
Delnero2006_Variationi,Delnero,Variation in Sumerian Literary Compositions: A Case Study Based on the Decad,2006,,,https://openalex.org/W26726633,https://doi.org/10.1166/jnn.2015.11579
Falkenstein1953_Diebabylon,Falkenstein,Die babylonische Schule,1953,,Walter de Gruyter GmbH,https://doi.org/10.7788/saeculum.1953.4.jg.125,10.7788/saeculum.1953.4.jg.125
Falkenstein1959_Sumerische,Falkenstein,Sumerische Götterlieder,1959,,,,
Gesche2000_Schulunter,Gesche,Schulunterricht in Babylonien im ersten Jahrtausend v,2000,,,https://openalex.org/W613145117,
Hallo1968_TheExaltat,Hallo,The Exaltation of Inana,1968,,,https://openalex.org/W4327580121,https://doi.org/10.12987/9780300271478-002
Heimpel1981_TheNanseHy,Heimpel,The Nanse Hymn,1981,,University of Chicago Press,https://doi.org/10.2307/1359928,10.2307/1359928
Klein1981_ThreeShulg,Klein,Three Shulgi Hymns: Sumerian Royal Hymns Glorifying King Shulgi of Ur,1981,,The American Philosophical Society Press,https://doi.org/10.70249/9798893982800,10.70249/9798893982800
Kramer1951_TheSumeria,Kramer,The Sumerian School: A Pre-Greek System of Education,1951,,University of Chicago Press,https://doi.org/10.2307/3218834,10.2307/3218834
Michalowski1989_TheLamenta,Michalowski,The Lamentation over the Destruction of Sumer and Ur,1989,,,https://openalex.org/W608471954,
Robson1999_Mesopotami,Robson,"Mesopotamian Mathematics, 2100–1600 BC: Technical Constants in Bureaucracy and Education",1999,,JSTOR,https://doi.org/10.2307/40111361,10.2307/40111361
Robson2002_MorethanMe,Robson,More than Metrology: Mathematical Education in an Old Babylonian Scribal School,2002,,AIP Publishing,https://doi.org/10.1063/1.4796724,10.1063/1.4796724
Sjoberg1975_TheOldBaby,Sjöberg,The Old Babylonian Edubba,1975,,,https://openalex.org/W3160542342,https://doi.org/10.1007/s11858-021-01261-2
Tanret2002_Perasperaa,Tanret,Per aspera ad astra: L’apprentissage du cunéiforme à Sippar-Amnānum pendant la période paléo-babylonienne tardive,2002,,Cambridge University Press (CUP),https://doi.org/10.3406/ahess.2002.280063,10.3406/ahess.2002.280063
Tinney1996_TheNippurL,Tinney,The Nippur Lament: Royal Rhetoric and Divine Legitimation in the Reign of Išme-Dagan of Isin (1953–1935 B.C,1996,,,https://openalex.org/W4212807403,https://doi.org/10.5281/zenodo.3593421
Archi1982_Hethitisch,Archi,Hethitische Mantik und ihre Beziehungen zur mesopotamischen Mantik”,1982,,,https://openalex.org/W4393280783,https://doi.org/10.62614/q0bqe610
Archi2007_Transmissi,Archi,Transmission of Recitative Literature by the Hittites”,2007,,Walter de Gruyter GmbH,https://doi.org/10.1524/aofo.2007.0002,10.1524/aofo.2007.0002
Arnaud1985_Textessume,Arnaud,"Textes sumériens et accadiens, Recherches au pays d’Aštata EMAR VI.1–3",1985,,PERSEE Program,https://doi.org/10.3406/bupsy.1985.12740,10.3406/bupsy.1985.12740
Arnaud1987_Textesdela,Arnaud,Textes de la bibliothèque: transcriptions et traductions,1987,,PERSEE Program,https://doi.org/10.3406/rharm.1987.6975,10.3406/rharm.1987.6975
Arnaud1996_Leditionou,Arnaud,L’édition ougaritaine de la série astrologique « Éclipses du dieu-Soleil »”,1996,,PERSEE Program,https://doi.org/10.3406/geolm.1996.1593,10.3406/geolm.1996.1593
Arnaud2007_Corpusdest,Arnaud,"Corpus des textes de bibliothèque de Ras Shamra-Ougarit en sumérien, babylonien et assyrien",2007,,OpenEdition,https://doi.org/10.4000/communicationorganisation.381,10.4000/communicationorganisation.381
Beckman2001_SargonandN,Beckman,Sargon and Naram-Sin in Hatti: Reflections of Mesopotamian Antiquity among the Hittites”,2001,,Maney Publishing,https://doi.org/10.1179/oeh.2001.7.4.303,10.1179/oeh.2001.7.4.303
Beckman2003_Gilgameshi,Beckman,Gilgamesh in Hatti”,2003,,Penn State University Press,https://doi.org/10.5325/j.ctv1bxh2x6.8,10.5325/j.ctv1bxh2x6.8
Cohen2007_AkkadianOm,Cohen,Akkadian Omens from Hattuša and Emar: The šumma immeru and šumma ālu Omens”,2007,,Walter de Gruyter GmbH,https://doi.org/10.1515/za.2007.012,10.1515/za.2007.012
Cunningham2007_ACatalogue,Cunningham,A Catalogue of Sumerian”,2007,,,https://openalex.org/W2331794359,https://doi.org/10.2307/1355474
George2003_TheBabylon,George,The Babylonian Gilgamesh Epic,2003,,,https://openalex.org/W2102754289,
Fleming2000_TimeatEmar,Fleming,Time at Emar. The Cultic Calendar and the Rituals from the Diviner’s House,2000,,Penn State University Press,https://doi.org/10.1515/9781575065229,10.1515/9781575065229
Klinger1998_Werlehrted,Klinger,‘Wer lehrte die Hethiter das Schreiben?’ Zur Paläographie früher Texte in akkadischer Sprache aus Boğazköy”,1998,Wiesbaden,Deutscher Universitätsverlag,https://doi.org/10.1007/978-3-322-91491-0_3,10.1007/978-3-322-91491-0_3
Klinger2003_ZurPalaogr,Klinger,Zur Paläographie akkadischsprachiger Texte aus Hattuša”,2003,,Penn State University Press,https://doi.org/10.1515/9781575065434-021,10.1515/9781575065434-021
Klinger2005_Diehethiti,Klinger,Die hethitische Rezeption mesopotamischer Literatur und die Überlieferung des Gilgameš-Epos in Hattuša”,2005,Wiesbaden,VS Verlag für Sozialwissenschaften,https://doi.org/10.1007/978-3-322-80524-9_4,10.1007/978-3-322-80524-9_4
Kraus1964_Briefschre,Kraus,Briefschreibübungen im altbabylonischen Schulunterricht”,1964,,Copernicus GmbH,https://doi.org/10.3285/eg.15.1.11,10.3285/eg.15.1.11
Lorenz2010_Uberlegung,Lorenz,Überlegungen zur Verwendung mythologischer Texte bei den Hethitern”,2010,,Georg Thieme Verlag KG,https://doi.org/10.1055/s-0030-1248810,10.1055/s-0030-1248810
Riemschneider2004_Dieakkadis,Riemschneider,"Die akkadischen und hethitischen Omentexte aus Boğazköy, Dresdner Beiträge zur Hethitologie 12",2004,,,,
Torri2008_TheScribes,Torri,The Scribes of the House on the Slope”,2008,,,https://openalex.org/W94403797,
Hout2002_AnotherVie,Hout,Another View of Hittite Literature”,2002,,Oxford University Press (OUP),https://doi.org/10.1093/jis/13.1.98,10.1093/jis/13.1.98
Hout2005_OntheNatur,Hout,On the Nature of the Tablet Collections of Hattuša”,2005,,,,
Hout2006_Institutio,Hout,"Institutions, Vernaculars, Publics: The Case of Second-Millennium Anatolia”",2006,,University Library J. C. Senckenberg,https://doi.org/10.17239/l1esll-2006.06.01.05,10.17239/l1esll-2006.06.01.05
Hout2009_Reflection,Hout,Reflections on the Origins and Development of the Hittite Tablet Collections in Hattuša”,2009,,Routledge,https://doi.org/10.4324/9780203886953.ch3,10.4324/9780203886953.ch3
Hout2009_ACenturyof,Hout,A Century of Hittite Text Dating and the Origins of the Hittite Cuneiform Script”,2009,,,https://openalex.org/W3000618161,https://doi.org/10.1400/116046
Soldt1995_TheAkkadia,Soldt,The Akkadian of Ugarit: Lexicographical Aspects”,1995,,,https://openalex.org/W2408998626,
Vanstiphout1995_OntheOldBa,Vanstiphout,On the Old Babylonian Eduba Curriculum”,1995,,BRILL,https://doi.org/10.1163/9789004247154_002,10.1163/9789004247154_002
Yamada2006_TheHittite,Yamada,The Hittite Administration in Emar: The Aspect of Direct Control”,2006,,Walter de Gruyter GmbH,https://doi.org/10.1515/za.2006.010,10.1515/za.2006.010
Waetzold1989_DerSchreib,Waetzold,Der Schreiber als Lehrer in Mesopotamien”,1989,,,https://openalex.org/W4377997325,https://doi.org/10.54301/zfgv7121
Wilhelm1992_ZurBabylon,Wilhelm,Zur Babylonisch-Assyrischen Schultradition in Hattuša”,1992,"Berlin, Heidelberg",Springer Berlin Heidelberg,https://doi.org/10.1007/978-3-642-97429-8_3,10.1007/978-3-642-97429-8_3
Annus2002_TheGodNinu,Annus,The God Ninurta in the Mythology and Royal Ideology of Ancient Mesopotamia,2002,,,https://openalex.org/W579217408,
Borger1956_DieInschri,Borger,"Die Inschriften Asarhaddons, Königs von Assyrien",1956,,,https://openalex.org/W401792920,
Borger1969_Bemerkunge,Borger,Bemerkungen zu den akkadischen Kolophonen,1969,,,https://openalex.org/W2600110752,https://doi.org/10.5356/orient.49.115
Brinkman1986_Documentar,Brinkman,"Documentary evidence for the economic base of early Neo-Babylonian society: A survey of dated Babylonian economic texts, 721–626 B.C",1986,,University of Chicago Press,https://doi.org/10.2307/1359954,10.2307/1359954
Dijk1989_Einspatalt,Dijk,Ein spätaltbabylonischer Katalog einer Sammlung sumerischer Briefe,1989,,,,
Ebeling1949_Neubabylon,Ebeling,Neubabylonische Briefe. Abhandlungen der Bayerischen Akademie der Wissenschaften,1949,,,,
Frahm0_InpressHea,Frahm,"In press. Headhunter, Bücherdiebe und wandernde Gelehrte: Anmerkungen zum altorientalischen Wissenstransfer im ersten Jahrtausend v",0000,,,,
George1986_Sennacheri,George,Sennacherib and the Tablet of Destinies,1986,,JSTOR,https://doi.org/10.2307/4200258,10.2307/4200258
George1997_Assyriaand,George,Assyria and the western world,1997,,Cambridge University Press (CUP),https://doi.org/10.1017/s0041977x00029633,10.1017/s0041977x00029633
Howard1955_Technicald,Howard,Technical description of the ivory writing-boards from Nimrud,1955,,JSTOR,https://doi.org/10.2307/4241714,10.2307/4241714
Hunger1968_Babylonisc,Hunger,Babylonische und assyrische Kolophone,1968,,Wiley,https://doi.org/10.1002/prac.19680370111,10.1002/prac.19680370111
Lambert1957_Ancestorsa,Lambert,"Ancestors, authors and canonicity",1957,,University of Chicago Press,https://doi.org/10.2307/1359284,10.2307/1359284
Lambert1976_ALateAssyr,Lambert,A Late Assyrian catalogue of literary and scholarly texts,1976,,JSTOR,https://doi.org/10.2307/4200032,10.2307/4200032
Lambert1989_ThelawsofH,Lambert,The laws of Hammurabi in the first millennium,1989,,American Chemical Society (ACS),https://doi.org/10.1021/om00109a019,10.1021/om00109a019
Lambert1992_Addendaetc,Lambert,Addenda et corrigenda to Catalogue of the Cuneiform Tablets of the Kouyunjik Collection,1992,,PERSEE Program,https://doi.org/10.3406/chris.1992.1503,10.3406/chris.1992.1503
Lieberman1990_Canonicala,Lieberman,Canonical and official cuneiform texts: Towards an understanding of Assurbanipal's personal tablet collection,1990,,BRILL,https://doi.org/10.1163/9789004369559_020,10.1163/9789004369559_020
Mallowan1954_Theexcavat,Mallowan,The excavations at Nimrud (Kalhu,1954,,JSTOR,https://doi.org/10.2307/4199583,10.2307/4199583
Maxwell-Hyslop1983_Dalbergias,Maxwell-Hyslop,Dalbergia sissoo Roxburgh,1983,,Cambridge University Press (CUP),https://doi.org/10.2307/3642692,10.2307/3642692
Mayer1992_EinHymnusa,Mayer,Ein Hymnus auf Ninurta als Helfer in der Not,1992,,Cambridge University Press (CUP),https://doi.org/10.1017/s1047759400012277,10.1017/s1047759400012277
Nemet-Nejat2000_Anadminist,Nemet-Nejat,An administrative text about writing boards (557 B.C.E,2000,,,https://openalex.org/W4304607090,https://doi.org/10.1515/janeh-2021-0008
Neugebauer1955_Astronomic,Neugebauer,Astronomical Cuneiform Tablets,1955,,,https://openalex.org/W4211164299,https://doi.org/10.1017/cbo9780511617409
Parpola1972_AletterofS,Parpola,A letter of Šamaš-šumu-ukīn to Esarhaddon,1972,,JSTOR,https://doi.org/10.2307/4199928,10.2307/4199928
Parpola1983_Assyrianli,Parpola,Assyrian library records,1983,,University of Chicago Press,https://doi.org/10.1086/372983,10.1086/372983
Postgate1992_Treesandti,Postgate,Trees and timber in the Assyrian texts,1992,,JSTOR,https://doi.org/10.2307/3632691,10.2307/3632691
Schaudig2001_DieInschri,Schaudig,Die Inschriften Nabonids von Babylon und Kyros’ des Großen,2001,,Springer Science and Business Media LLC,https://doi.org/10.1007/s003470170082,10.1007/s003470170082
Streck1995_ZahlundZei,Streck,Zahl und Zeit,1995,,BRILL,https://doi.org/10.1163/9789004453364,10.1163/9789004453364
Tallqvist1938_Akkadische,Tallqvist,Akkadische Götterepitheta,1938,,,https://openalex.org/W608485978,
Villard1997_Leducation,Villard,L’éducation d’Assurbanipal,1997,,PERSEE Program,https://doi.org/10.3406/ktema.1997.2188,10.3406/ktema.1997.2188
Villard1998_KisirAssur,Villard,Kisir-Aššur et la bibliothèque de Ninive. Nouvelles assyriologiques brèves et utilitaires,1998,,EDP Sciences,https://doi.org/10.1051/epjap:1998109,10.1051/epjap:1998109
Warnock1991_Thewoodoft,Warnock,The wood of the Uluburun diptych,1991,,Cambridge University Press (CUP),https://doi.org/10.2307/3642933,10.2307/3642933
Weidner1941_Dieastrolo,Weidner,Die astrologische Serie Enūma Anu Enlil,1941,,,,
Wiseman1955_Assyrianwr,Wiseman,Assyrian writing-boards,1955,,JSTOR,https://doi.org/10.2307/4241713,10.2307/4241713
Woodington1982_AGrammarof,Woodington,A Grammar of the Neo-Babylonian Letters of the Kuyunjik Collection,1982,,,https://openalex.org/W74377347,
Wunsch2000_DasEgibiAr,Wunsch,Das Egibi-Archiv,2000,,BRILL,https://doi.org/10.1163/9789004532038,10.1163/9789004532038
Wunsch2003_Urkundenzu,Wunsch,"Urkunden zum Ehe-, Vermögens- und Erbrecht aus verschiedenen neubabylonischen Archiven",2003,,Walter de Gruyter GmbH,https://doi.org/10.7788/gik.2003.50.1.280b,10.7788/gik.2003.50.1.280b
Attinger1993_Elementsde,Attinger,Éléments de linguistique sumérienne: La construction de du /e/di « dire »,1993,,,,
Attinger2005_AproposdeA,Attinger,À propos de AK « faire »,2005,,Walter de Gruyter GmbH,https://doi.org/10.1515/zava.2005.95.2.208,10.1515/zava.2005.95.2.208
Civil1964_AHymntothe,Civil,A Hymn to the Beer Goddess and a Drinking Song,1964,,,https://openalex.org/W2975998898,https://doi.org/10.4000/mythos.583
Civil1987_FeedingDum,Civil,Feeding Dumuzi’s Sheep: The Lexicon as a Source of Literary Inspiration,1987,,,,
Civil1998_BilingualT,Civil,Bilingual Teaching,1998,,BRILL,https://doi.org/10.1163/9789004676602_003,10.1163/9789004676602_003
Civil2006_TheSongoft,Civil,The Song of the Millstone,2006,,,https://openalex.org/W2581771523,
Delnero2010_SumerianLi,Delnero,Sumerian Literary Catalogs and the Scribal Curriculum,2010,,Walter de Gruyter GmbH,https://doi.org/10.1515/za.2010.003,10.1515/za.2010.003
George1993_NinurtaPaq,George,"Ninurta-Pāqidāt’s Dog Bite, and Notes on Other Comic Tales",1993,,JSTOR,https://doi.org/10.2307/4200367,10.2307/4200367
Gibson1998_NippurBArc,Gibson,"Nippur, B. Archäologisch",1998,,JSTOR,https://doi.org/10.2307/4200451,10.2307/4200451
Jagersma2010_ADescripti,Jagersma,A Descriptive Grammar of Sumerian,2010,,,https://openalex.org/W3145808500,
Kleinerman2011_Educationi,Kleinerman,Education in Early 2nd Millennium BC Babylonia,2011,,BRILL,https://doi.org/10.1163/9789004214231,10.1163/9789004214231
Krebernik1998_Ninlil,Krebernik,Ninlil,1998,,,https://openalex.org/W2315354196,https://doi.org/10.2307/601859
Michalowski1998_Literature,Michalowski,Literature as a Source of Lexical Inspiration,1998,,,https://openalex.org/W2974832207,https://doi.org/10.1017/s0140525x99001776
Michalowski1998_Nisaba,Michalowski,Nisaba,1998,,,https://openalex.org/W62348829,
Rubio2004_EarlySumer,Rubio,Early Sumerian Literature: Enumerating the Whole,2004,,Elsevier BV,https://doi.org/10.1016/j.ejca.2004.09.010,10.1016/j.ejca.2004.09.010
Sallaberger1993_Derkultisc,Sallaberger,Der kultische Kalender der Ur III-Zeit,1993,,De Gruyter,https://doi.org/10.1515/9783110889253,10.1515/9783110889253
Sjoberg1972_ACommemora,Sjöberg,A Commemorative Inscription of King Šūsîn,1972,,University of Chicago Press,https://doi.org/10.2307/1359166,10.2307/1359166
Sladek1974_InannasDes,Sladek,Inanna’s Descent to the Netherworld,1974,,,https://openalex.org/W4249748403,https://doi.org/10.1515/ebr.ishtarsinannasdescentintothenetherworld
Snell1982_Ledgersand,Snell,Ledgers and Prices: Early Mesopotamian Merchant Accounts,1982,,,https://openalex.org/W2118817892,https://doi.org/10.2307/601619
Steinkeller1989_SaleDocume,Steinkeller,Sale Documents of the Ur III Period,1989,,,https://openalex.org/W2086620681,https://doi.org/10.2307/3632249
Stol1979_OnTreesMou,Stol,"On Trees, Mountains, and Millstones in the Ancient Near East",1979,,BRILL,https://doi.org/10.1163/9789004665910,10.1163/9789004665910
Vanstiphout1997_SchoolDial,Vanstiphout,School Dialogues,1997,,,https://openalex.org/W2079757499,https://doi.org/10.1007/s10833-005-1299-3
Volk1995_InannaundS,Volk,Inanna und Šukaletuda,1995,"Berlin, Heidelberg",Springer Berlin Heidelberg,https://doi.org/10.1007/978-3-642-93567-1_3,10.1007/978-3-642-93567-1_3
Wilcke1969_DasLugalba,Wilcke,Das Lugalbandaepos,1969,,JSTOR,https://doi.org/10.2307/3262850,10.2307/3262850
Arnaud2003_Prolegomen,Arnaud,Prolégomènes à la rédaction d’une histoire d’Ougarit III. Ougarit et Tukulti-Ninurta,2003,,Institut de recherche sur l’Asie du Sud-Est contemporaine,https://doi.org/10.4000/books.irasec.1405,10.4000/books.irasec.1405
Beckman1996_HittiteDip,Beckman,Hittite Diplomatic Texts,1996,,,https://openalex.org/W2058465896,https://doi.org/10.2307/606683
Bell2012_TheMerchan,Bell,The Merchants of Ugarit: Oligarchs of the Late Bronze Age Trade in Metals?,2012,,Oxbow Books,https://doi.org/10.2307/j.ctvh1dvpm.24,10.2307/j.ctvh1dvpm.24
Bhabha2006_TheLocatio,Bhabha,The Location of Culture,2006,,,https://openalex.org/W1485995441,https://doi.org/10.4324/9780203820551
Castle1992_Shippingan,Castle,Shipping and Trade in Ramesside Egypt,1992,,JSTOR,https://doi.org/10.2307/3632733,10.2307/3632733
Cohen2004_KidinGulaT,Cohen,Kidin-Gula: The Foreign Teacher at the Emar Scribal School,2004,,CAIRN,https://doi.org/10.3917/assy.098.0081,10.3917/assy.098.0081
Cohen2013_Wisdomfrom,Cohen,Wisdom from the Late Bronze Age,2013,,Society of Biblical Literature,https://doi.org/10.2307/j.ctt5hjgqc,10.2307/j.ctt5hjgqc
Cohen2017_AnAssyrian,Cohen,An Assyrian Teacher at Ugarit? A New Reading of the Colophon of Šima Milka,2017,,Project MUSE,https://doi.org/10.1353/tyr.2017.0121,10.1353/tyr.2017.0121
Cohen2006_ALateSynch,Cohen,A Late Synchronism between Ugarit and Emar,2006,,Penn State University Press,https://doi.org/10.5325/jj.29357376.13,10.5325/jj.29357376.13
Courtois1990_Yabninuetl,Courtois,Yabninu et le palais sud d’Ougarit,1990,,PERSEE Program,https://doi.org/10.3406/syria.1990.7136,10.3406/syria.1990.7136
Delnero2015_Introducti,Delnero,Introduction: Reassembling the Social from Texts and Contexts,2015,,DE GRUYTER,https://doi.org/10.1515/9781614515371-004,10.1515/9781614515371-004
Fenollos1994_Elcomercio,Fenollós,El comercio del estaño en el Próximo Oriente Antiguo,1994,,,https://openalex.org/W953556817,
Freu2006_Histoirepo,Freu,Histoire politique du royaume d’Ugarit,2006,,,,
Kessler2014_NeueTontaf,Kessler,Neue Tontafelfunde aus dem mitannizeitlichen Taidu – Ein Vorbericht,2014,,Verlag Ferdinand Schöningh,https://doi.org/10.30965/9783657768530_006,10.30965/9783657768530_006
Lackenbacher1991_Lettresetf,Lackenbacher,Lettres et fragments,1991,,,https://openalex.org/W594427990,
Lion2015_Remarquess,Lion,Remarques sur les tablettes scolaires de Nuzi,2015,,Peeters Publishers,https://doi.org/10.2307/j.ctt1b7x6vw.6,10.2307/j.ctt1b7x6vw.6
Liverani1990_Relaciones,Liverani,"Relaciones internacionales en el Próximo Oriente antiguo, 1600–1100 a.C",1990,,,,
Liverani2017_AssiriaLap,Liverani,Assiria: La preistoria dell’imperialismo,2017,,,https://openalex.org/W2946659236,
Malbran-Labat2007_UrtenuUrTe,Malbran-Labat,Urtenu – Ur Teššub,2007,,,,
Rowe2006_TheRoyalDe,Rowe,The Royal Deeds of Ugarit,2006,,University of Chicago Press,https://doi.org/10.2307/20477989,10.2307/20477989
Matoian2013_Lamaisondi,Matoïan,La maison dite ‘de Rashap’abu’,2013,,OpenEdition,https://doi.org/10.4000/syria.1954,10.4000/syria.1954
McGeough2015_WhatIsNoti,McGeough,‘What Is Not in My House You Must Give Me.’,2015,,,https://openalex.org/W2098473154,https://doi.org/10.1111/j.1540-8167.2006.00750.x
Mountfort2009_ScalesofFa,Mountfort,Scales of Fate,2009,,,https://openalex.org/W1971844658,https://doi.org/10.1080/10807039.2010.501270
Moran1992_TheAmarnaL,Moran,The Amarna Letters,1992,,,https://openalex.org/W4319588345,https://doi.org/10.56021/9780801842511
Niedorf2008_Diemittelb,Niedorf,Die mittelbabylonischen Rechtsurkunden aus Alalah,2008,,,https://openalex.org/W4206333812,https://doi.org/10.23993/store.88220
Pongratz-Leisten2015_Religionan,Pongratz-Leisten,Religion and Ideology in Assyria,2015,,DE GRUYTER,https://doi.org/10.1515/9781614514268,10.1515/9781614514268
Pruzsinszky2015_EmarsRolei,Pruzsinszky,Emar’s Role in Transregional Trade,2015,,,,
Ragioneri2000_TheAmarnaA,Ragioneri,The Amarna Age,2000,,,https://openalex.org/W2332618887,https://doi.org/10.2307/1355270
Roche-Hawley2013_ScribesHou,Roche-Hawley,"Scribes, Houses and Neighbourhoods at Ugarit",2013,Ames,"Iowa State University, Digital Repository",https://doi.org/10.31274/itaa_proceedings-180814-539,10.31274/itaa_proceedings-180814-539
Roche-Hawley2013_AnEssayonS,Roche-Hawley,An Essay on Scribal Families,2013,,American Medical Association (AMA),https://doi.org/10.1001/jamapsychiatry.2013.1195,10.1001/jamapsychiatry.2013.1195
Roche-Hawley2016_TheScribal,Roche-Hawley,The Scribal Culture at Ugarit,2016,,Walter de Gruyter GmbH,https://doi.org/10.1515/janeh-2016-0011,10.1515/janeh-2016-0011
Schortman1998_CultureCon,Schortman,Culture Contact: Structure and Process,1998,,,https://openalex.org/W2746679000,
Solans2015_Lospoderes,Solans,Los poderes colectivos en la Siria del Bronce Final,2015,,EHU Press,https://doi.org/10.1387/hc.14716,10.1387/hc.14716
Stein2002_FromPassiv,Stein,From Passive Periphery to Active Agents,2002,,Wiley,https://doi.org/10.1525/aa.2002.104.3.903,10.1525/aa.2002.104.3.903
Mieroop2007_TheEastern,Mieroop,The Eastern Mediterranean in the Age of Ramesses II,2007,,Wiley,https://doi.org/10.1002/9780470696644,10.1002/9780470696644
Mieroop2013_RecentTren,Mieroop,Recent Trends in the Study of Ancient Near Eastern History,2013,,Walter de Gruyter GmbH,https://doi.org/10.1515/jah-2013-0006,10.1515/jah-2013-0006
Mieroop2016_Philosophy,Mieroop,Philosophy before the Greeks,2016,,Princeton University Press,https://doi.org/10.1515/9781400874118,10.1515/9781400874118
Mieroop2016_ABabylonia,Mieroop,A Babylonian Cosmopolis,2016,,,https://openalex.org/W4379196606,https://doi.org/10.1163/9789004529441_002
Soldt1999_TheSyllabi,Soldt,The Syllabic Akkadian Texts,1999,,,https://openalex.org/W625440916,
Soldt2000_PrivateArc,Soldt,Private Archives at Ugarit,2000,,,https://openalex.org/W3209826998,
Soldt2001_NahisSalmu,Soldt,Nahiš-Šalmu,2001,,,,
Soldt2012_ThePalaeog,Soldt,The Palaeography of Two Ugaritic Archives,2012,,,https://openalex.org/W3134243186,
Soldt2015_CraftsandC,Soldt,Crafts and Craftsmen at Ugarit,2015,,Penn State University Press,https://doi.org/10.5325/j.ctv1bxgx2w.52,10.5325/j.ctv1bxgx2w.52
Veldhuis2012_Domesticiz,Veldhuis,Domesticizing Babylonian Scribal Culture in Assyria,2012,,,https://openalex.org/W2016289316,https://doi.org/10.1515/janeh-2013-0006
Veldhuis2014_Intellectu,Veldhuis,Intellectual History and Assyriology,2014,,Walter de Gruyter GmbH,https://doi.org/10.1515/janeh-2013-0006,10.1515/janeh-2013-0006
Vermaak2009_Relationsb,Vermaak,Relations between Babylonia and the Levant during the Kassite Period,2009,,,https://openalex.org/W2476314607,https://doi.org/10.4324/9780203946237.ch36
Viano2016_TheRecepti,Viano,The Reception of Sumerian Literature in the Western Periphery,2016,,Public Library of Science (PLoS),https://doi.org/10.1371/journal.pone.0148443,10.1371/journal.pone.0148443
Welsch1999_Transcultu,Welsch,Transculturality,1999,"1 Oliver's Yard, 55 City Road, London EC1Y 1SP United Kingdom ",SAGE Publications Ltd,https://doi.org/10.4135/9781446218723.n11,10.4135/9781446218723.n11
Wiggermann2008_ABabylonia,Wiggermann,A Babylonian Scholar in Assur,2008,,,https://openalex.org/W2746930824,
Zaccagnini1983_Patternsof,Zaccagnini,Patterns of Mobility among Ancient Near Eastern Craftsmen,1983,,University of Chicago Press,https://doi.org/10.1086/373031,10.1086/373031
Yon1997_LacitedOug,Yon,La cité d’Ougarit sur le Tell de Ras Shamra,1997,Paris,Éditions de la Sorbonne,https://doi.org/10.4000/books.psorbonne.1159,10.4000/books.psorbonne.1159
Alster1992_Interactio,Alster,Interaction of Oral and Written Poetry in Early Mesopotamian Literature,1992,,The Endocrine Society,https://doi.org/10.1210/jcem.74.2.1730807,10.1210/jcem.74.2.1730807
Black1992_SomeStruct,Black,Some Structural Features of Sumerian Narrative Poetry,1992,,Royal Society of Chemistry (RSC),https://doi.org/10.1039/ft9928803461,10.1039/ft9928803461
Cavigneaux1982_Schultexte,Cavigneaux,Schultexte aus Warka,1982,,,https://openalex.org/W2530343679,https://doi.org/10.1515/9783110459630-005
Civil1979_EaAnaquAaA,Civil,"Ea A = nâqu, Aa A = nâqu, with Their Forerunners and Related Texts",1979,,,https://openalex.org/W626855441,
Civil1992_Educationi,Civil,Education in Mesopotamia,1992,,Yale University Press,https://doi.org/10.5040/9780300261882-223,10.5040/9780300261882-223
Cooper1973_Sumerianan,Cooper,Sumerian and Akkadian in Sumer and Akkad,1973,,,https://openalex.org/W4399236073,https://doi.org/10.5040/9798400612817
George1991_Babylonian,George,"Babylonian Texts from the Folios of Sidney Smith, Part Two: Prognostic and Diagnostic Omens",1991,,Gem-A,https://doi.org/10.15506/jog.1991.22.7.409,10.15506/jog.1991.22.7.409
George1993_Ninurtapaq,George,"Ninurta-pāqidāt’s Dog Bite, and Notes on Other Comic Tales",1993,,JSTOR,https://doi.org/10.2307/4200367,10.2307/4200367
Jacobsen1953_ReviewofUr,Jacobsen,"Review of Ur Excavations Texts III, by L",1953,,University of Chicago Press,https://doi.org/10.2307/501249,10.2307/501249
Klein1981_TheRoyalHy,Klein,The Royal Hymns of Shulgi King of Ur: Man’s Quest for Immortal Fame,1981,,JSTOR,https://doi.org/10.2307/1006438,10.2307/1006438
Klein1981_ThreeSulgi,Klein,Three Šulgi Hymns,1981,,JSTOR,https://doi.org/10.2307/1006438,10.2307/1006438
Kraus1973_Vommesopot,Kraus,Vom mesopotamischen Menschen der altbabylonischen Zeit und seiner Welt,1973,,Wiley,https://doi.org/10.1002/phbl.19730290105,10.1002/phbl.19730290105
Lambert1957_AncestorsA,Lambert,"Ancestors, Authors and Canonicity",1957,,University of Chicago Press,https://doi.org/10.2307/1359284,10.2307/1359284
Landsberger1958_ScribalCon,Landsberger,Scribal Concepts of Education,1958,,,https://openalex.org/W2953982034,https://doi.org/10.17509/cd.v10i1.17436
Ludwig1990_Untersuchu,Ludwig,Untersuchungen zu den Hymnen des Išme-Dagan von Isin,1990,,JSTOR,https://doi.org/10.2307/1502629,10.2307/1502629
Nissen1993_TheEducati,Nissen,The Education and Profession of the Scribe,1993,,,https://openalex.org/W2044186731,https://doi.org/10.3389/fphar.2013.00177
Oelsner1982_Spatachame,Oelsner,Spätachämenidische Texte aus Nippur,1982,,,,
Sjoberg1993_CBS11319An,Sjöberg,CBS 11319+: An Old Babylonian Schooltext from Nippur,1993,,Walter de Gruyter GmbH,https://doi.org/10.1515/za-1993-0102,10.1515/za-1993-0102
Tanret1981_Lapprentis,Tanret,L’apprentissage de l’écriture à Sippar Amnanum à la fin de la période paléo-babylonienne,1981,,,,
Tanret1982_Lestablett,Tanret,Les tablettes ‘scolaires’ découvertes à Tell ed-Dēr,1982,,,,
Volk1996_Methodenal,Volk,Methoden altmesopotamischer Erziehung nach Quellen der altbabylonischen Zeit,1996,,Walter de Gruyter GmbH,https://doi.org/10.7788/saeculum.1996.47.2.178,10.7788/saeculum.1996.47.2.178
Waetzoldt1986_Keilschrif,Waetzoldt,Keilschrift und Schulen in Mesopotamien und Ebla,1986,,Walter de Gruyter GmbH,https://doi.org/10.1524/aofo.1986.13.12.3,10.1524/aofo.1986.13.12.3
Waetzoldt1989_DerSchreib,Waetzoldt,Der Schreiber als Lehrer in Mesopotamien,1989,,,https://openalex.org/W4377997325,https://doi.org/10.54301/zfgv7121
Wilcke1987_DieInschri,Wilcke,Die Inschriftenfunde der 7. und 8. Kampagnen (1983–1984,1987,,,https://openalex.org/W2917558742,https://doi.org/10.18452/17848
Adamwhite2001_LateHittit,Adamwhite,"Late Hittite Emar: The Chronology, Synchronisms, and Socio-Political Aspects of a Late Bronze Age Fortress Town",2001,,,https://openalex.org/W2104898943,https://doi.org/10.2307/3589986
Al-Maqdissi2010_Rapportpre,Al-Maqdissi,Rapport préliminaire sur les activités de la mission syro-française de Ras Shamra-Ougarit en 2007 et 2008 (67e et 68e campagnes,2010,,OpenEdition,https://doi.org/10.4000/syria.643,10.4000/syria.643
Al-Maqdissi2008_Laceramiqu,Al-Maqdissi,La céramique découverte par C. Schaeffer dans le Palais royal d’Ougarit: remarques générales,2008,,OpenEdition,https://doi.org/10.4000/ries.585,10.4000/ries.585
Alster1976_TheInstruc,Alster,The Instructions of Šuruppak,1976,,,https://openalex.org/W2080482719,https://doi.org/10.1086/373090
Arnaud1986_EmarRecher,Arnaud,Emar: Recherches au pays d’Aštata. Textes sumériens et accadiens 6,1986,,PERSEE Program,https://doi.org/10.3406/rharm.1986.6546,10.3406/rharm.1986.6546
Bachvarova2016_FromHittit,Bachvarova,From Hittite to Homer: The Anatolian Background of Ancient Greek Epic,2016,,Cambridge University Press,https://doi.org/10.1017/cbo9781139048736,10.1017/cbo9781139048736
Barsacchi2019_Consideraz,Barsacchi,Considerazioni sui culti ittiti connessi al ciclo lunare,2019,,,https://openalex.org/W2947390308,https://doi.org/10.13128/asiana-71
Barsacchi2019_Distributi,Barsacchi,Distribution and Consumption of Food in Hittite Festivals: The Social and Economic Role of Religious Commensality as Reflected by Hittite Sources,2019,,Ugarit-Verlag,https://doi.org/10.2307/j.ctv1t4m1xv.4,10.2307/j.ctv1t4m1xv.4
Belnap2008_FilletsofF,Belnap,Fillets of Fatling and Goblets of Gold: The Use of Meal Events in the Ritual Imagery in the Ugaritic Mythological and Epic Texts,2008,,Gorgias Press,https://doi.org/10.31826/9781463216139,10.31826/9781463216139
Benedikt1979_ToTakeHold,Benedikt,To Take Hold of Space: Isovists and Isovist Fields,1979,,SAGE Publications,https://doi.org/10.1068/b060047,10.1068/b060047
Besnier2009_Gossipandt,Besnier,Gossip and the Everyday Production of Politics,2009,,University of Hawai'i Press,https://doi.org/10.21313/hawaii/9780824833381.001.0001,10.21313/hawaii/9780824833381.001.0001
Black2006_Literature,Black,Literature of Ancient Sumer,2006,,SAGE Publications,https://doi.org/10.1177/004057360606200425,10.1177/004057360606200425
Bonfil2007_ThePalaceo,Bonfil,The Palace of the Upper City of Hazor as an Expression of a Syrian Architectural Paradigm,2007,,University of Chicago Press,https://doi.org/10.1086/basor25067036,10.1086/basor25067036
Boyes2019_Negotiatin,Boyes,Negotiating Imperialism and Resistance in Late Bronze Age Ugarit: The Rise of Alphabetic Cuneiform,2019,,Oxbow Books,https://doi.org/10.2307/j.ctv2mm1xnh.7,10.2307/j.ctv2mm1xnh.7
Branting2007_UsinganUrb,Branting,Using an Urban Street Network and a PGIS-T Approach to Analyze Ancient Movement,2007,,,https://openalex.org/W2976316114,https://doi.org/10.15496/publikation-2944
Branting2010_Simulating,Branting,"Simulating Movement, Communication and Flows of Knowledge at Kerkenes Dağ",2010,,,,
Bretschneider1999_GibalaTheF,Bretschneider,Gibala: The First Two Excavations,1999,,Wiley,https://doi.org/10.1046/j.1460-9568.1999.00659.x,10.1046/j.1460-9568.1999.00659.x
Browning2005_EffectsofO,Browning,Effects of Obesity and Sex on the Energetic Cost and Preferred Speed of Walking,2005,,Wiley,https://doi.org/10.1038/oby.2005.103,10.1038/oby.2005.103
Bunnens1980_Pouvoirslo,Bunnens,Pouvoirs locaux et pouvoirs dissidents en Syrie au IIe millénaire avant notre ère,1980,,,,
Callot1986_Laregionno,Callot,La région nord du Palais Royal d’Ougarit,1986,,PERSEE Program,https://doi.org/10.3406/crai.1986.14446,10.3406/crai.1986.14446
Callot1987_Leshuileri,Callot,Les huileries du Bronze Récent à Ougarit: premiers éléments pour une étude,1987,,Elsevier BV,https://doi.org/10.1016/s0765-1597(87)80013-8,10.1016/s0765-1597(87)80013-8
Callot1994_Latranchee,Callot,La tranchée ‘Ville Sud’. Étude d’architecture domestique,1994,,,,
Callot2011_LesSanctua,Callot,Les Sanctuaires de l’Acropole d’Ougarit: les Temples de Baal et de Dagan,2011,,Presses universitaires de Paris Nanterre,https://doi.org/10.4000/books.pupo.1240,10.4000/books.pupo.1240
Callot2013_Lebatiment,Callot,"Le bâtiment ‘au trône’, un nouveau sanctuaire à Ougarit?",2013,,CAIRN,https://doi.org/10.3917/med.163.0131,10.3917/med.163.0131
Callot2000_Ruesetplac,Callot,Rues et places à Ougarit au Bronze récent,2000,,OpenEdition,https://doi.org/10.4000/cybergeo.6547,10.4000/cybergeo.6547
Callot2001_LeBatiment,Callot,Le ‘Bâtiment au Vase de Pierre’ du ‘Quartier Résidentiel’ d’Ougarit,2001,,,,
Calvet1981_Installati,Calvet,Installations hydrauliques d’Ugarit,1981,,,,
Cecchini2000_Unbatiment,Cecchini,Un bâtiment mystérieux sur l’acropole de Tell Afis,2000,,Universitat Politecnica de Valencia,https://doi.org/10.4995/loggia.2000.5206,10.4995/loggia.2000.5206
Gilibert2002_Architects,Gilibert,Architect’s Data,2002,,,https://openalex.org/W2796038709,https://doi.org/10.15826/qr.2018.1.286
Glatz2011_LandscapeM,Glatz,Landscape Monuments and Political Competition in Late Bronze Age Anatolia: An Investigation of Costly Signaling Theory,2011,,University of Chicago Press,https://doi.org/10.5615/bullamerschoorie.361.0033,10.5615/bullamerschoorie.361.0033
Grannis1998_TheImporta,Grannis,The Importance of Trivial Streets: Residential Streets and Residential Segregation,1998,,University of Chicago Press,https://doi.org/10.1086/231400,10.1086/231400
Groddek2010_Die10Tafel,Groddek,Die 10. Tafel des ḫišuwa-Festes,2010,,,,
Haas1994_Geschichte,Haas,Geschichte der hethitischen Religion,1994,,BRILL,https://doi.org/10.1163/9789004293946,10.1163/9789004293946
Halayqa2010_TheDemiseo,Halayqa,The Demise of Ugarit in the Light of Its Connections with Ḫatti,2010,,,,
Hawley2015_TheScribal,Hawley,The Scribal Culture of Ugarit,2015,,Peeters Publishers,https://doi.org/10.2307/j.ctt1b7x6vw.8,10.2307/j.ctt1b7x6vw.8
Hawley2013_TheScribet,Hawley,"The Scribe ṯab,ilu as Attested in the Epigraphic Finds from the 5th Season of Excavations at Ras Shamra",2013,,OpenEdition,https://doi.org/10.4000/syria.1954,10.4000/syria.1954
Haydar2013_Rapportpre,Haydar,Rapport préliminaire sur les activités de la Mission Archéologique Syro-Française de Ras Shamra-Ougarit en 2009 et 2010,2013,,OpenEdition,https://doi.org/10.4000/syria.1954,10.4000/syria.1954
Heltzer1976_TheRuralCo,Heltzer,The Rural Community in Ancient Ugarit,1976,,JSTOR,https://doi.org/10.2307/3631875,10.2307/3631875
Heltzer1999_TheEconomy,Heltzer,The Economy of Ugarit,1999,,BRILL,https://doi.org/10.1163/9789004294103_011,10.1163/9789004294103_011
Hermary1981_AmathonteI,Hermary,Amathonte II. Testimonia 2: Les sculptures découvertes avant 1975,1981,,,,
Hermary1989_Catalogued,Hermary,Catalogue des antiquités de Chypre: Sculptures,1989,,,https://openalex.org/W560082757,
Herrmann2018_UrbanOrgan,Herrmann,"Urban Organization under Empire: Iron Age Sam’al (Zincirli, Turkey) from Royal to Provincial Capital",2018,,"Harrassowitz, O",https://doi.org/10.2307/j.ctvcm4fnh.41,10.2307/j.ctvcm4fnh.41
Herrmann2018_Cosmopolit,Herrmann,Cosmopolitan Politics in the Neo-Assyrian Empire: Local Elite Identity at Zincirli-Sam’al,2018,,"Harrassowitz, O",https://doi.org/10.2307/j.ctvcm4fnh.41,10.2307/j.ctvcm4fnh.41
Hillier1984_TheSocialL,Hillier,The Social Logic of Space,1984,,Cambridge University Press,https://doi.org/10.1017/cbo9780511597237,10.1017/cbo9780511597237
Hillier1999_SpaceIsthe,Hillier,Space Is the Machine: A Configurational Theory of Architecture,1999,,Cambridge University Press,https://doi.org/10.1017/cbo9780511518294.004,10.1017/cbo9780511518294.004
Holscher1999_Offentlich,Hölscher,Öffentliche Räume in frühen griechischen Städten,1999,,,https://openalex.org/W1999807850,https://doi.org/10.3406/ktema.1998.2726
Hubbard2018_Introducti,Hubbard,Introduction: Streetlife – The Shifting Sociologies of the Street,2018,,SAGE Publications,https://doi.org/10.1177/0038026118771281,10.1177/0038026118771281
Hunter1990_Gossipandt,Hunter,Gossip and the Politics of Reputation in Classical Athens,1990,,JSTOR,https://doi.org/10.2307/1088805,10.2307/1088805
Ingold2004_Cultureont,Ingold,Culture on the Ground: The World Perceived through the Feet,2004,,SAGE Publications,https://doi.org/10.1177/1359183504046896,10.1177/1359183504046896
Johnston2017_TheDistrib,Johnston,The Distributional Approach and Imperfect Data Sets: An Examination of Market Exchange at Ugarit,2017,,Wiley,https://doi.org/10.1002/symb.301,10.1002/symb.301
Kaniewski2011_TheSeaPeop,Kaniewski,"The Sea Peoples, from Cuneiform Tablets to Carbon Dating",2011,,Public Library of Science (PLoS),https://doi.org/10.1371/journal.pone.0020232,10.1371/journal.pone.0020232
Kendall1975_Warfareand,Kendall,Warfare and Military Matters in the Nuzi Tablets,1975,,,https://openalex.org/W3206630346,https://doi.org/10.1086/716076
Knapp2013_TheArchaeo,Knapp,The Archaeology of Cyprus: From Earliest Prehistory through the Bronze Age,2013,,University of Arizona,https://doi.org/10.2458/azu_jaei_v05i3_knapp,10.2458/azu_jaei_v05i3_knapp
Koitabashi1992_TheDeifica,Koitabashi,The Deification of the ‘Lyre’ in Ancient Ugarit,1992,,The Society for Near Eastern Studies in Japan,https://doi.org/10.5356/orient1960.28.106,10.5356/orient1960.28.106
Kontolaimos2013_LateBronze,Kontolaimos,Late Bronze Age Mediterranean Urbanism and Depth Map Software: The Cases of Ugarit (Syria) and Enkomi (Cyprus,2013,,,https://openalex.org/W2687398624,https://doi.org/10.15496/publikation-3126
Kuhne2016_TheImpacto,Kühne,The Impact of Earthquakes on Middle Assyrian Tell Sheikh Hamad,2016,,Archaeopress Publishing Ltd,https://doi.org/10.2307/j.ctvxw3ndz.22,10.2307/j.ctvxw3ndz.22
Unknown2002_DieHethite,Unknown,Die Hethiter und ihr Reich – Das Volk der 1000 Götter,2002,,Schweizerbart,https://doi.org/10.1127/0006-8152/2002/0124-0239,10.1127/0006-8152/2002/0124-0239
Lagarce1974_Lechantier,Lagarce,Le chantier de la ‘Maison aux Albâtres’,1974,,PERSEE Program,https://doi.org/10.3406/syria.1974.6432,10.3406/syria.1974.6432
Lambert1987_Lugaltilla,Lambert,Lugal-tilla,1987,,,https://openalex.org/W3206630346,https://doi.org/10.1086/716076
Lange2012_FoodandLib,Lange,Food and Libation Offerings for the Royal Dead in Ugarit,2012,,BRILL,https://doi.org/10.1163/9789004224087_017,10.1163/9789004224087_017
Laurence1994_RumourandC,Laurence,Rumour and Communication in Roman Politics,1994,,Cambridge University Press (CUP),https://doi.org/10.1017/s0017383500023214,10.1017/s0017383500023214
Lavan2016_Cosmopolit,Lavan,Cosmopolitan Politics: The Assimilation and Subordination of Elite Cultures,2016,,Oxford University Press,https://doi.org/10.1093/acprof:oso/9780190465667.003.0001,10.1093/acprof:oso/9780190465667.003.0001
Leontidou2020_Mediterran,Leontidou,Mediterranean City,2020,,Informa UK Limited,https://doi.org/10.1080/13604813.2020.1739906,10.1080/13604813.2020.1739906
Lev-Tov2007_ExaminingF,Lev-Tov,Examining Feasting in Late Bronze Age Syro-Palestine through Ancient Texts and Bones,2007,,University of Chicago Press,https://doi.org/10.1086/basor25067022,10.1086/basor25067022
Levy2014_AFreshLook,Levy,A Fresh Look at the Baal-Zaphon Stele,2014,,SAGE Publications,https://doi.org/10.1177/030751331410000116,10.1177/030751331410000116
Levy2018_AFreshLook,Levy,A Fresh Look at the Mekal Stela,2018,,Osterreichische Akademie der Wissenschaften,https://doi.org/10.1553/aeundl28s359,10.1553/aeundl28s359
Lipinski1988_TheSocioec,Lipiński,The Socio-economic Condition of the Clergy in the Kingdom of Ugarit,1988,,,https://openalex.org/W3206630346,https://doi.org/10.1086/716076
Matoian2013_LaMaisondi,Matoïan,La Maison dite ‘de Rashapabou’: Inventaire des objets découverts lors de la fouille de l’édifice et essai d’interprétation,2013,,OpenEdition,https://doi.org/10.4000/syria.1954,10.4000/syria.1954
Matoian2013_Duvinpourl,Matoïan,Du vin pour le délice de l’assoiffé,2013,,OpenEdition,https://doi.org/10.4000/syria.1954,10.4000/syria.1954
Litke1998_AReconstru,Litke,"A Reconstruction of the Assyro-Babylonian God-Lists, An: dA-nu-um and An: Anu šá amēli",1998,,Elsevier BV,https://doi.org/10.1016/s0370-2693(98)00062-8,10.1016/s0370-2693(98)00062-8
Liverani1979_RasShamraI,Liverani,Ras Shamra. II: Histoire,1979,,,https://openalex.org/W2137249711,https://doi.org/10.1371/journal.pone.0071004
Liverani1989_EconomyofU,Liverani,Economy of Ugaritic Royal Farms,1989,,,https://openalex.org/W3206630346,https://doi.org/10.1086/716076
Liverani2004_OltrelaBib,Liverani,Oltre la Bibbia,2004,,,https://openalex.org/W2241083833,
Loretz2005_WeihenlySu,Loretz,"‘Weihen’ (ʿly S) und pgr, Ochsen und Gegenständen in KTU 6.13, 6.14 und 6.62",2005,,,,
Mallet2001_Unemaisona,Mallet,Une maison au sud du ‘temple aux rhytons’ (fouille 1979–1990,2001,,Odile Jacob,https://doi.org/10.3917/oj.gros.2001.01.0149,10.3917/oj.gros.2001.01.0149
Manuelli2016_TheKingatt,Manuelli,The King at the Gate: Monumental Fortifications and the Rise of Local Elites at Arslantepe at the End of the 2nd Millennium BCE,2016,,,https://openalex.org/W2767227827,
Margueron1977_RasShamra1,Margueron,Ras Shamra 1975 et 1976: Rapport préliminaire sur les campagnes d’automne,1977,,PERSEE Program,https://doi.org/10.3406/syria.1977.6601,10.3406/syria.1977.6601
Margueron1982_Architectu,Margueron,Architecture et urbanisme,1982,,,https://openalex.org/W2011766723,https://doi.org/10.3406/ran.1989.1336
Margueron1995_Lepalaisro,Margueron,"Le palais royal d’Ougarit, premiers résultats d’une analyse systématique",1995,,,,
Margueron2013_Citesinvis,Margueron,Cités invisibles. La naissance de l’urbanisme au Proche-Orient ancien,2013,,,https://openalex.org/W2528080655,https://doi.org/10.4000/syria.4073
Rowe2008_ScribesSag,Rowe,"Scribes, Sages and Seers in Ugarit",2008,Göttingen,Vandenhoeck & Ruprecht,https://doi.org/10.13109/9783666530838.95,10.13109/9783666530838.95
Marshall2004_Streetsand,Marshall,Streets and Patterns: The Structure of Urban Geometry,2004,,Routledge,https://doi.org/10.4324/9780203589397,10.4324/9780203589397
Martin2005_Democracya,Martin,Democracy and Freedom,2005,,Wiley,https://doi.org/10.1002/9780470997086.ch29,10.1002/9780470997086.ch29
McAnany2018_Approachin,McAnany,Approaching the Archaeopolitical,2018,,Antiquity Publications,https://doi.org/10.15184/aqy.2018.129,10.15184/aqy.2018.129
McGeough2003_Locatingth,McGeough,Locating the marzihu Archaeologically,2003,,,https://openalex.org/W3206630346,https://doi.org/10.1086/716076
McGeough2007_ExchangeRe,McGeough,Exchange Relationships at Ugarit,2007,,,https://openalex.org/W601415970,
McGregor2007_MeatandOff,McGregor,Meat and Offal Yields of Goats,2007,,,https://openalex.org/W2135981413,https://doi.org/10.4225/50/55ee611136f22
Meier1988_TheMesseng,Meier,The Messenger in the Ancient Semitic World,1988,,BRILL,https://doi.org/10.1163/9789004369481,10.1163/9789004369481
Monroe2016_Measurefor,Monroe,‘Measure for Measure’: Connecting Text to Material through Late Bronze Age Shipping Jars,2016,,Geological Society of America,https://doi.org/10.1130/abs/2016sc-273174,10.1130/abs/2016sc-273174
Morris2015_EgyptUgari,Morris,"Egypt, Ugarit, the God Baʿal, and the Puzzle of a Royal Rebuff",2015,,American Psychological Association (APA),https://doi.org/10.1037/t43113-000,10.1037/t43113-000
Unknown2013_HouseholdS,Unknown,Household Studies in Complex Societies: (Micro) Archaeological and Textual Approaches,2013,,,https://openalex.org/W2594093562,
Mullins2012_TheLateBro,Mullins,The Late Bronze Age and Iron Age Temples at Beth-Shean,2012,,Cambridge University Press,https://doi.org/10.1017/cbo9781139049566.006,10.1017/cbo9781139049566.006
Munnich2013_TheGodResh,Münnich,The God Resheph in the Ancient Near East,2013,,,https://openalex.org/W3160819699,https://doi.org/10.1628/978-3-16-160600-7
Niehr2011_ZweiStelen,Niehr,Zwei Stelen mit Weihinschriften aus dem Temenos des El-Tempels,2011,,,https://openalex.org/W3206630346,https://doi.org/10.1086/716076
Niehr2014_Dersanctua,Niehr,Der sanctuaire aux rhytons in Ugarit,2014,,,https://openalex.org/W2603829490,
Niehr2020_DieRitualt,Niehr,Die Ritualtexte aus Ugarit: Eine Einführung,2020,,Harrassowitz Verlag,https://doi.org/10.13173/9783447114868.035,10.13173/9783447114868.035
Oberhagemann2012_StaticandD,Oberhagemann,Static and Dynamic Crowd Densities at Major Public Events,2012,,,https://openalex.org/W2153791616,https://doi.org/10.1017/s0140525x12000477
Osborne2014_Settlement,Osborne,Settlement Planning and Urban Symbology in Syro-Anatolian Cities,2014,,Cambridge University Press (CUP),https://doi.org/10.1017/s0959774314000444,10.1017/s0959774314000444
Otto2006_AlltagundG,Otto,Alltag und Gesellschaft zur Spätbronzezeit: Eine Fallstudie aus Tall Bazi (Syrien,2006,,Walter de Gruyter GmbH,https://doi.org/10.1515/za.2006.003,10.1515/za.2006.003
Otto2012_Archaeolog,Otto,Archaeological Evidence for Collective Governance along the Upper Syrian Euphrates,2012,,Penn State University Press,https://doi.org/10.1515/9781575066752-012,10.1515/9781575066752-012
Otto2013_Gotteshaus,Otto,Gotteshaus und Allerheiligstes in Syrien und Nordmesopotamien,2013,"Berlin, Heidelberg",Springer Berlin Heidelberg,https://doi.org/10.1007/978-3-642-32290-7_17,10.1007/978-3-642-32290-7_17
Otto2014_TheOrganis,Otto,The Organisation of Residential Space in the Mittani Kingdom,2014,,Springer Science and Business Media LLC,https://doi.org/10.1007/s00502-014-0226-9,10.1007/s00502-014-0226-9
Palivou2007_TheCosmopo,Palivou,The Cosmopolitan Harbour Town of Ugarit and the ‘Aegean’ Aspects of Its Domestic Architecture,2007,,,https://openalex.org/W2223689858,https://doi.org/10.1016/j.quascirev.2015.10.042
Pardee2000_AnimalSacr,Pardee,Animal Sacrifice at Ugarit,2000,,University of Chicago Press,https://doi.org/10.1086/468786,10.1086/468786
Pardee2002_RitualandC,Pardee,Ritual and Cult at Ugarit,2002,,University of Chicago Press,https://doi.org/10.1086/468993,10.1086/468993
Pritchard1975_SareptaAPr,Pritchard,Sarepta: A Preliminary Report on the Iron Age,1975,,Office of Scientific and Technical Information (OSTI),https://doi.org/10.2172/4225500,10.2172/4225500
Pucci2006_EnclosingO,Pucci,Enclosing Open Spaces: The Organisation of External Areas in Syro-Hittite Architecture,2006,"Berlin, Heidelberg",Springer Berlin Heidelberg,https://doi.org/10.1007/11863878_10,10.1007/11863878_10
Pucci2008_Functional,Pucci,Functional Analysis of Space in Syro-Hittite Architecture,2008,"Ann Arbor, MI",University of Michigan Press,https://doi.org/10.30861/9781407301808,10.30861/9781407301808
Rahman2017_EmpiricalI,Rahman,Empirical Investigation of Trajectories and Desired Walking Velocity of Pedestrian Walking through Angled Corridor,2017,,Author(s),https://doi.org/10.1063/1.5005718,10.1063/1.5005718
Rahmstorf2018_OfMiddensa,Rahmstorf,Of Middens and Markets,2018,,Oxbow Books,https://doi.org/10.2307/j.ctvh1dm8p.5,10.2307/j.ctvh1dm8p.5
Rapoport1982_TheMeaning,Rapoport,The Meaning of the Built Environment,1982,,Elsevier BV,https://doi.org/10.1016/s0002-7138(09)60922-5,10.1016/s0002-7138(09)60922-5
Reba2016_Spatializi,Reba,"Spatializing 6,000 Years of Global Urbanization",2016,,Springer Science and Business Media LLC,https://doi.org/10.1038/sdata.2016.34,10.1038/sdata.2016.34
Rendu-Loisel2016_WhenGodsSp,Rendu-Loisel,When Gods Speak to Men,2016,,University of Chicago Press,https://doi.org/10.1086/687227,10.1086/687227
Rey2009_LePalaisNo,Rey,Le Palais Nord d’Ougarit,2009,,OpenEdition,https://doi.org/10.4000/syria.527,10.4000/syria.527
Ribichini1991_Problemidi,Ribichini,Problemi di onomastica ugaritica,1991,,,https://openalex.org/W3206630346,https://doi.org/10.1086/716076
Unknown2015_Mesopotami,Unknown,Mesopotamia and the Ancient World,2015,,,https://openalex.org/W4241337186,https://doi.org/10.2307/j.ctv1t4m1zc
Rutherford2019_GodsoftheM,Rutherford,Gods of the Market Place,2019,,Ugarit-Verlag,https://doi.org/10.2307/j.ctv1t4m1xv.11,10.2307/j.ctv1t4m1xv.11
Rykwert1976_TheIdeaofa,Rykwert,The Idea of a Town,1976,,,https://openalex.org/W2061025098,https://doi.org/10.2307/503193
Sala2015_EarlyandMi,Sala,Early and Middle Bronze Age Temples at Byblos,2015,,Elsevier BV,https://doi.org/10.1016/j.quaint.2014.08.035,10.1016/j.quaint.2014.08.035
Sanders2009_TheInventi,Sanders,The Invention of Hebrew,2009,,,https://openalex.org/W571192674,
Clay2014_TheHittite,Clay,The Hittite ‘Song of Emergence’ and the Theogony,2014,,Walter de Gruyter GmbH,https://doi.org/10.1515/phil-2014-0001,10.1515/phil-2014-0001
Sbeinati2005_TheHistori,Sbeinati,The Historical Earthquakes of Syria: An Analysis of Large and Moderate Earthquakes from 1365 B.C. to 1900 A.D,2005,,"Instituto Nazionale di Geofisica e Vulcanologia, INGV",https://doi.org/10.4401/ag-3206,10.4401/ag-3206
Susnow2020_Houseofthe,Susnow,House of the Deity: A Perspective from the Bronze Age Southern Levant,2020,,Harrassowitz Verlag,https://doi.org/10.13173/9783447114868.081,10.13173/9783447114868.081
Schachner2011_HattuschaA,Schachner,Hattuscha: Auf der Suche nach dem sagenhaften Großreich der Hethiter,2011,,Verlag C.H.BECK oHG,https://doi.org/10.17104/9783406622847-297,10.17104/9783406622847-297
Schaeffer1931_Lesfouille,Schaeffer,Les fouilles de Minet el-Beida et de Ras Shamra. Deuxième campagne (printemps 1930): Rapport sommaire,1931,,PERSEE Program,https://doi.org/10.3406/syria.1931.3526,10.3406/syria.1931.3526
Schaeffer1933_Lesfouille,Schaeffer,Les fouilles de Minet-El-Beida et de Ras-Shamra. Quatrième campagne (printemps 1932): Rapport sommaire,1933,,PERSEE Program,https://doi.org/10.3406/syria.1933.3730,10.3406/syria.1933.3730
Schaeffer1937_Lesfouille,Schaeffer,Les fouilles de Ras Shamra-Ugarit. Huitième campagne (printemps 1936): Rapport sommaire,1937,,PERSEE Program,https://doi.org/10.3406/syria.1937.3964,10.3406/syria.1937.3964
Schaeffer1938_Lesfouille,Schaeffer,Les fouilles de Ras Shamra-Ugarit. Neuvième campagne (printemps 1937): Rapport sommaire,1938,,PERSEE Program,https://doi.org/10.3406/syria.1938.8376,10.3406/syria.1938.8376
Schaeffer1949_UgariticaI,Schaeffer,Ugaritica II,1949,,,https://openalex.org/W2328756771,https://doi.org/10.2307/500250
Schaeffer1956_UgariticaI,Schaeffer,Ugaritica III,1956,,American Chemical Society (ACS),https://doi.org/10.1021/ja01602a036,10.1021/ja01602a036
Schaeffer1962_UgariticaI,Schaeffer,Ugaritica IV,1962,,,https://openalex.org/W2331145879,https://doi.org/10.2307/502395
Schloen2001_TheHouseof,Schloen,The House of the Father as Fact and Symbol: Patrimonialism in Ugarit and the Ancient Near East,2001,,BRILL,https://doi.org/10.1163/9789004369849,10.1163/9789004369849
Goering2019_MovingandT,Goering,Moving and Thinking: Kinesthesis and Wisdom in the Book of Proverbs,2019,,Informa UK Limited,https://doi.org/10.1080/03044181.2018.1552618,10.1080/03044181.2018.1552618
Schwartz2013_MemoryandI,Schwartz,"Memory and Its Demolition: Ancestors, Animals and Sacrifice at Umm el-Marra",2013,,Cambridge University Press (CUP),https://doi.org/10.1017/s0959774313000504,10.1017/s0959774313000504
Shedletsky1999_TheMSRofth,Shedletsky,The ‘MŠR’ of the Sons and Daughters of Ugarit (KTU2 1.40,1999,,,,
Shepperson2009_Planningfo,Shepperson,Planning for the Sun: Urban Forms as a Mesopotamian Response to the Sun,2009,,Informa UK Limited,https://doi.org/10.1080/00438240903112229,10.1080/00438240903112229
Tamur2017_StyleEthni,Tamur,"Style, Ethnicity and the Archaeology of the Aramaeans",2017,,,https://openalex.org/W2037994074,https://doi.org/10.1111/j.2041-5370.2013.00055.x
Teba2016_AGraphicRe,Teba,A Graphic Reconstruction Methodology for the Conservation of Cultural Heritage,2016,,,https://openalex.org/W2626834598,
Turner1993_Collective,Turner,Collective Behavior,1993,"Boston, MA",Springer US,https://doi.org/10.1007/978-1-4615-2914-9_18,10.1007/978-1-4615-2914-9_18
Turner2001_FromIsovis,Turner,From Isovists to Visibility Graphs,2001,,SAGE Publications,https://doi.org/10.1068/b2684,10.1068/b2684
Gelder2020_Protestint,Gelder,Protest in the Piazza,2020,,Routledge,https://doi.org/10.4324/9781003017790-6,10.4324/9781003017790-6
Soldt2010_Landholder,Soldt,Landholders in Administrative Texts,2010,,,https://openalex.org/W1467794965,
Soldt2010_TheCityAdm,Soldt,The City Administration of Ugarit,2010,,Walter de Gruyter GmbH,https://doi.org/10.1524/aofo.2010.0017,10.1524/aofo.2010.0017
Vidal2006_TheOrigins,Vidal,The Origins of the Last Ugaritic Dynasty,2006,,Walter de Gruyter GmbH,https://doi.org/10.1524/aofo.2006.33.1.168,10.1524/aofo.2006.33.1.168
Vidal2014_OntheDemog,Vidal,On the Demography of Ugaritian Villages,2014,,Walter de Gruyter GmbH,https://doi.org/10.1163/15685209-12341341,10.1163/15685209-12341341
Vieweger2012_DieKultaus,Vieweger,Die Kultausstattung ‘philistäischer’ Heiligtümer in Palästina,2012,,,,
Whitelaw2004_Estimating,Whitelaw,Estimating the Population of Neopalatial Knossos,2004,,,https://openalex.org/W2223659624,
Unknown2012_Organizati,Unknown,"Organization, Representation, and Symbols of Power in the Ancient Near East",2012,,,https://openalex.org/W4213444040,https://doi.org/10.1515/9781575066752
Wirth1997_Kontinuita,Wirth,Kontinuität und Wandel der orientalischen Stadt,1997,Wiesbaden,VS Verlag für Sozialwissenschaften,https://doi.org/10.1007/978-3-322-91678-5_5,10.1007/978-3-322-91678-5_5
Wright2002_ATaleofThr,Wright,A Tale of Three Cities,2002,,Informa UK Limited,https://doi.org/10.1080/07468342.2002.11921926,10.1080/07468342.2002.11921926
Wyatt1998_ReligiousT,Wyatt,Religious Texts from Ugarit,1998,,Edinburgh University Press,https://doi.org/10.3366/swc.1998.4.part_2.269,10.3366/swc.1998.4.part_2.269
Wyatt2005_TheReligio,Wyatt,The Religious Role of the King in Ugarit,2005,,American Physiological Society,https://doi.org/10.1152/japplphysiol.00137.2005,10.1152/japplphysiol.00137.2005
Wyatt2017_NationalMe,Wyatt,"National Memory, Seismic Activity at Ras Shamra and the Composition of the Baal Cycle",2017,Netherlands,EAGE Publications BV,https://doi.org/10.3997/2214-4609.201702015,10.3997/2214-4609.201702015
Wyatt2018_TheBaalauF,Wyatt,The Baʿal au Foudre Stela and Its Historical Context,2018,,Boydell and Brewer Limited,https://doi.org/10.1017/9781787442450.008,10.1017/9781787442450.008
Yasur-Landau2017_CeramicAss,Yasur-Landau,Ceramic Assemblages of MB and LB Palaces and Temples,2017,,,https://openalex.org/W1890991715,https://doi.org/10.1017/s0033822200047172
Yener2017_CultandRit,Yener,Cult and Ritual at Late Bronze Age II Alalakh,2017,İstanbul,Institut français d’études anatoliennes,https://doi.org/10.4000/books.ifeagd.3548,10.4000/books.ifeagd.3548
Yon1991_Lesstelesd,Yon,Les stèles de pierre,1991,,Consortium Erudit,https://doi.org/10.7202/400643ar,10.7202/400643ar
Yon1992_UgaritTheU,Yon,Ugarit: The Urban Habitat,1992,,University of Chicago Press,https://doi.org/10.2307/1357116,10.2307/1357116
Yon1997_LhabitataO,Yon,L’habitat à Ougarit à la fin du Bronze Récent,1997,Paris,Éditions de la Sorbonne,https://doi.org/10.4000/books.psorbonne.1159,10.4000/books.psorbonne.1159
Yoshinobu1970_ExteriorDe,Yoshinobu,Exterior Design in Architecture,1970,,,https://openalex.org/W1539757233,
Zaccagnini1977_PferdeundS,Zaccagnini,Pferde und Streitwagen in Nuzi,1977,,JSTOR,https://doi.org/10.2307/4200065,10.2307/4200065
Zaccagnini1989_Markt,Zaccagnini,Markt,1989,,,https://openalex.org/W2499180858,https://doi.org/10.15358/9783800650620
Zaccagnini2020_PompandCir,Zaccagnini,Pomp and Circumstance at Nuzi,2020,,,https://openalex.org/W3206630346,https://doi.org/10.1086/716076
Zamora2000_Lavidyelvi,Zamora,La vid y el vino en Ugarit,2000,,Universidad de Chile,https://doi.org/10.5354/0719-0581.2000.18563,10.5354/0719-0581.2000.18563
Zamora2003_Elanforaca,Zamora,El ‘ánfora cananea’,2003,,Editorial Universidad de Sevilla,https://doi.org/10.12795/spal.2003.i12.09,10.12795/spal.2003.i12.09
Zamora2004_Usodocumen,Zamora,Uso documental y funcionamiento administrativo en Ugarit,2004,,SciELO Espana/Repisalud,https://doi.org/10.4321/s0378-48352004000700007,10.4321/s0378-48352004000700007
Zamora2005_LebrieteaO,Zamora,L’ébriété à Ougarit et la Bible,2005,,Consortium Erudit,https://doi.org/10.7202/705365ar,10.7202/705365ar
Zuckerman2007_Feastingin,Zuckerman,Feasting in Late Bronze Age Hazor,2007,,Informa UK Limited,https://doi.org/10.1179/003103207x227319,10.1179/003103207x227319
Zuckerman2010_TheCityIts,Zuckerman,"The City, Its Gods Will Return There",2010,,University of Chicago Press,https://doi.org/10.1086/595989,10.1086/595989
Beaulieu2013_AspectsofA,Beaulieu,Aspects of Aramaic and Babylonian Linguistic Interaction in the First Millennium BC Iraq,2013,,Walter de Gruyter GmbH,https://doi.org/10.1163/19552629-00602008,10.1163/19552629-00602008
Biggs1967_SemiticNam,Biggs,Semitic Names in the Fara Period,1967,,,https://openalex.org/W4250748949,https://doi.org/10.21638/11701/spbu13.2017.401
Crisostomo2015_LanguageWr,Crisostomo,"Language, Writing, and Ideologies in Contact: Sumerian and Akkadian in the Early Second Millennium BCE",2015,,BRILL,https://doi.org/10.1163/9789004300156_010,10.1163/9789004300156_010
Ferguson1991_DiglossiaR,Ferguson,Diglossia Revisited,1991,,SAGE Publications,https://doi.org/10.1177/154079699101600405,10.1177/154079699101600405
Fewster2002_Bilinguali,Fewster,Bilingualism in Roman Egypt,2002,,Oxford University PressOxford,https://doi.org/10.1093/acprof:oso/9780199245062.003.0009,10.1093/acprof:oso/9780199245062.003.0009
Fishman1967_Bilinguali,Fishman,Bilingualism With and Without Diglossia; Diglossia With and Without Bilingualism,1967,,Wiley,https://doi.org/10.1111/j.1540-4560.1967.tb00573.x,10.1111/j.1540-4560.1967.tb00573.x
Folmer1995_TheAramaic,Folmer,The Aramaic Language in the Achaemenid Period: A Study in Linguistic Variation,1995,,,https://openalex.org/W2059459426,https://doi.org/10.2307/604811
Galter1995_CuneiformB,Galter,Cuneiform Bilingual Inscriptions,1995,,,https://openalex.org/W4387509015,https://doi.org/10.1163/9789004659377_004
Gzella2015_ACulturalH,Gzella,A Cultural History of Aramaic: From the Beginnings to the Advent of Islam,2015,,BRILL,https://doi.org/10.1163/9789004285101,10.1163/9789004285101
Krebernik1998_DieTexteau,Krebernik,Die Texte aus Fāra und Tell Abū Ṣalābīḫ,1998,,,https://openalex.org/W4239879031,https://doi.org/10.1163/9789004418080_036
Langslow2002_Approachin,Langslow,Approaching Bilingualism in Corpus Languages,2002,,Oxford University PressOxford,https://doi.org/10.1093/acprof:oso/9780199245062.003.0002,10.1093/acprof:oso/9780199245062.003.0002
Unknown2014_TheAramaea,Unknown,The Aramaeans in Ancient Syria,2014,,,https://openalex.org/W595105049,https://doi.org/10.1163/9789004229433
Paulston2000_LanguageRe,Paulston,Language Repertoire and Diglossia in First-Century Palestine: Some Comments,2000,,,https://openalex.org/W7115223103,
Pitard1994_Arameans,Pitard,Arameans,1994,,,https://openalex.org/W641384672,
Porter2000_TheFunctio,Porter,The Functional Distribution of Koine Greek in First-Century Palestine,2000,,JSTOR,https://doi.org/10.2307/26422192,10.2307/26422192
Rendsburg1990_Diglossiai,Rendsburg,Diglossia in Ancient Hebrew,1990,,JSTOR,https://doi.org/10.2307/603962,10.2307/603962
Schendl2014_Multilingu,Schendl,"Multilingualism, Code-Switching, and Language Contact in Historical Sociolinguistics",2014,,,https://openalex.org/W1607859908,https://doi.org/10.1002/9781118257227.ch28
Smith2000_TheQuestio,Smith,The Question of Diglossia in Hebrew,2000,,Cambridge University Press (CUP),https://doi.org/10.1017/s1366728900290214,10.1017/s1366728900290214
Spolsky1991_Diglossiai,Spolsky,Diglossia in Hebrew in the Late Second Temple Period,1991,,De Gruyter,https://doi.org/10.1515/9783110859010-009,10.1515/9783110859010-009
Streck2011_Akkadianan,Streck,Akkadian and Aramaic Language Contact,2011,,DE GRUYTER,https://doi.org/10.1515/9783110251586.416,10.1515/9783110251586.416
Tadmor1987_TheAramaiz,Tadmor,The Aramaization of Assyria: Aspects of Western Impact,1987,,,https://openalex.org/W4205601635,https://doi.org/10.53751/001c.30570
Taylor2002_Bilinguali,Taylor,Bilingualism and Diglossia in Late Antique Syria and Mesopotamia,2002,,Oxford University PressOxford,https://doi.org/10.1093/acprof:oso/9780199245062.003.0012,10.1093/acprof:oso/9780199245062.003.0012
Vanstiphout1999_TheTwinTon,Vanstiphout,"The Twin Tongues: Theory, Technique, and Practice of Bilingualism in Ancient Mesopotamia",1999,,BRILL,https://doi.org/10.1163/9789004502161_018,10.1163/9789004502161_018
Versteegh2002_DeadorAliv,Versteegh,Dead or Alive? The Status of the Standard Language,2002,,Oxford University PressOxford,https://doi.org/10.1093/acprof:oso/9780199245062.003.0003,10.1093/acprof:oso/9780199245062.003.0003
Watt2000_TheCurrent,Watt,The Current Landscape of Diglossia Studies: The Diglossic Continuum in First-Century Palestine,2000,,Wiley,https://doi.org/10.1046/j.1461-9563.2000.00052.x,10.1046/j.1461-9563.2000.00052.x
Weinreich1968_Languagesi,Weinreich,Languages in Contact: Findings and Problems,1968,,,https://openalex.org/W3164908431,https://doi.org/10.2307/320055
Zolyomi2011_Akkadianan,Zólyomi,Akkadian and Sumerian Language Contact,2011,,DE GRUYTER,https://doi.org/10.1515/9783110251586.396,10.1515/9783110251586.396
Behrens1993_TemporalRe,Behrens,Temporal Reference in German Child Language,1993,,Wiley,https://doi.org/10.1002/chin.199307116,10.1002/chin.199307116
Birdsong1992_UltimateAt,Birdsong,Ultimate Attainment in Second Language Acquisition,1992,,Cambridge University Press (CUP),https://doi.org/10.1353/lan.1992.0035,10.1353/lan.1992.0035
Bowerman1991_Cognition,Bowerman,Cognition,1991,,,https://openalex.org/W2097780989,https://doi.org/10.1037/0033-295x.98.2.224
Broeder1988_Processesi,Broeder,Processes in the Developing Lexicon,1988,,,https://openalex.org/W1489635691,
Chomsky1985_Knowledgeo,Chomsky,Knowledge of Language,1985,,,https://openalex.org/W2050423830,https://doi.org/10.2307/2185417
Dietrich1994_Temporalit,Dietrich,Temporality in Second Language Acquisition,1994,"Boston, MA",Birkhäuser Boston,https://doi.org/10.1007/978-1-4612-0283-7_10,10.1007/978-1-4612-0283-7_10
Unknown1984_FirstLangu,Unknown,First Language Acquisition,1984,,,https://openalex.org/W597088650,https://doi.org/10.21832/9781847691507
Unknown1975_Heidelberg,Unknown,Heidelberger Forschungsprojekt “Pidgin-Deutsch,1975,,,https://openalex.org/W3145453482,https://doi.org/10.1515/9783110715538-003
Unknown1986_Crosslingu,Unknown,Crosslinguistic Influence in Second Language Acquisition,1986,,,https://openalex.org/W605412328,https://doi.org/10.21832/9781783094837
Klein1992_UtteranceS,Klein,Utterance Structure,1992,Amsterdam,John Benjamins Publishing Company,https://doi.org/10.1075/sibil.5,10.1075/sibil.5
Lamendella1977_GeneralPri,Lamendella,General Principles of Neurofunctional Organization and Their Manifestation in Primary and Non-Primary Language Acquisition,1977,,Wiley,https://doi.org/10.1111/j.1467-1770.1977.tb00298.x,10.1111/j.1467-1770.1977.tb00298.x
Lenneberg1967_Biological,Lenneberg,Biological Foundations of Language,1967,,Informa UK Limited,https://doi.org/10.1080/21548331.1967.11707799,10.1080/21548331.1967.11707799
Long1990_Maturation,Long,Maturational Constraints on Language Development,1990,,Cambridge University Press (CUP),https://doi.org/10.1017/s0272263100009165,10.1017/s0272263100009165
Neufeld1979_TowardsaTh,Neufeld,Towards a Theory of Language Learning Ability,1979,,Wiley,https://doi.org/10.1111/j.1467-1770.1979.tb01066.x,10.1111/j.1467-1770.1979.tb01066.x
Unknown1993_AdultSecon,Unknown,Adult Second Language Acquisition,1993,,,https://openalex.org/W2134109028,https://doi.org/10.1111/j.1467-1770.1985.tb01014.x
Pulvermuller1993_Neurobiolo,Pulvermüller,Neurobiological Mechanisms of Language Acquisition,1993,,,https://openalex.org/W2044334913,https://doi.org/10.1111/j.1467-1770.1994.tb00635.x
Roche1989_Xenolekte,Roche,Xenolekte,1989,,DE GRUYTER,https://doi.org/10.1515/9783110862775,10.1515/9783110862775
Schumann1978_ThePidgini,Schumann,The Pidginization Process,1978,,Wiley,https://doi.org/10.1111/j.1467-1770.1978.tb00140.x,10.1111/j.1467-1770.1978.tb00140.x
Unknown1986_TheCrossli,Unknown,The Crosslinguistic Study of Language Acquisition,1986,,,https://openalex.org/W1994381201,https://doi.org/10.2307/326492
Stutterheim1986_Temporalit,Stutterheim,Temporalität in der Zweitsprache,1986,,De Gruyter,https://doi.org/10.1515/9783110868661,10.1515/9783110868661
Weist1984_TenseandAs,Weist,Tense and Aspect,1984,,Cambridge University Press (CUP),https://doi.org/10.1017/s030500090000581x,10.1017/s030500090000581x
Unknown1992_Theoretica,Unknown,Theoretical Issues in Language Acquisition,1992,,,https://openalex.org/W570851560,https://doi.org/10.4324/9780203762875
Bongenaar1997_TheNeoBaby,Bongenaar,The Neo-Babylonian Ebabbar Temple at Sippar: Its Administration and Its Prosopography,1997,,,https://openalex.org/W648987429,
Bongenaar2000_Interdepen,Bongenaar,Interdependency of Institutions and Private Entrepreneurs,2000,,,https://openalex.org/W613520774,
Brown2000_Mesopotami,Brown,Mesopotamian Planetary Astronomy–Astrology,2000,,BRILL,https://doi.org/10.1163/9789004453326,10.1163/9789004453326
Dalley1998_TheLegacyo,Dalley,The Legacy of Mesopotamia,1998,,Oxford University PressOxford,https://doi.org/10.1093/oso/9780198149460.001.0001,10.1093/oso/9780198149460.001.0001
Dandamayev1992_WasEannaDe,Dandamayev,Was Eanna Destroyed by Darius I?,1992,,,https://openalex.org/W4205482697,https://doi.org/10.23993/store.89186
Dandamayev1993_Xerxesandt,Dandamayev,Xerxes and the Esagila Temple in Babylon,1993,,,https://openalex.org/W2465148206,
Dandamayev1995_AnUnidenti,Dandamayev,An Unidentified Document from Xerxes’ Reign and the Ebabbara Temple,1995,,Walter de Gruyter GmbH,https://doi.org/10.1524/aofo.1995.22.1.34,10.1524/aofo.1995.22.1.34
Driel1998_TheCareoft,Driel,The Care of the Elderly: The Neo-Babylonian Period,1998,,BRILL,https://doi.org/10.1163/9789004670426_007,10.1163/9789004670426_007
Driel1994_Bookkeepin,Driel,Bookkeeping Practices for an Institutional Herd at Eanna,1994,,University of Chicago Press,https://doi.org/10.2307/1359940,10.2307/1359940
Frame1991_NabonidusN,Frame,"Nabonidus, Nabû-šar-uṣur, and the Eanna Temple",1991,,Walter de Gruyter GmbH,https://doi.org/10.1515/zava.1991.81.1-2.37,10.1515/zava.1991.81.1-2.37
Graziani1986_Itestimeso,Graziani,I testi mesopotamici datati al regno di Serse,1986,,,,
Hunger1968_Assyrische,Hunger,Assyrische und babylonische Kolophone,1968,,Wiley,https://doi.org/10.1002/prac.19680370111,10.1002/prac.19680370111
Joannes1995_Lextinctio,Joannès,L’extinction des archives cunéiformes dans la seconde partie de l’époque perse,1995,,PERSEE Program,https://doi.org/10.3406/palla.1995.1369,10.3406/palla.1995.1369
Jursa1995_DieLandwir,Jursa,Die Landwirtschaft in Sippar in neubabylonischer Zeit,1995,,,https://openalex.org/W2050000012,https://doi.org/10.2307/1359774
Jursa1998_DerTempelz,Jursa,Der Tempelzehnt in Babylonien vom siebenten bis zum dritten Jahrhundert v,1998,,,https://openalex.org/W564018684,
Jursa1999_DasArchivd,Jursa,Das Archiv des Bēl-rēmanni,1999,,,,
Kuhrt1987_XerxesDest,Kuhrt,Xerxes’ Destruction of Babylonian Temples,1987,,,https://openalex.org/W4205482697,https://doi.org/10.23993/store.89186
Kuhrt1994_TheTransit,Kuhrt,The Transition from Achaemenid to Seleucid Rule in Babylonia: Revolution or Evolution?,1994,,PERSEE Program,https://doi.org/10.3406/topoi.1994.1533,10.3406/topoi.1994.1533
MacGinnis1991_NeoBabylon,MacGinnis,Neo-Babylonian Prebend Texts from the British Museum,1991,,,https://openalex.org/W2600955765,https://doi.org/10.1017/9781316226766
MacGinnis1994_TheRoyalEs,MacGinnis,The Royal Establishment in Sippar in the Sixth Century BC,1994,,Walter de Gruyter GmbH,https://doi.org/10.1515/zava.1994.84.2.198,10.1515/zava.1994.84.2.198
MacGinnis1995_LetterOrde,MacGinnis,Letter Orders from Sippar and the Administration of the Ebabbara in the Late Babylonian Period,1995,,,https://openalex.org/W642959376,https://doi.org/10.17863/cam.19421
MacGinnis1996_Lettersfro,MacGinnis,Letters from the Neo-Babylonian Ebabbara,1996,,,https://openalex.org/W3040085066,https://doi.org/10.1515/za-2020-0008
MacGinnis1998_Orderingth,MacGinnis,Ordering the House of Šamaš: Management Texts from the Neo-Babylonian Ebabbara,1998,,JSTOR,https://doi.org/10.2307/4200458,10.2307/4200458
MacGinnis1999_Additional,MacGinnis,Additional Prebend Texts from the British Museum,1999,,Walter de Gruyter GmbH,https://doi.org/10.1524/aofo.1999.26.1.3,10.1524/aofo.1999.26.1.3
Maul1999_Gottesdien,Maul,Gottesdienst im Sonnenheiligtum zu Sippar,1999,,Georg Thieme Verlag KG,https://doi.org/10.1055/s-1999-5967,10.1055/s-1999-5967
Millard1964_AnotherBab,Millard,Another Babylonian Chronicle Text,1964,,JSTOR,https://doi.org/10.2307/4199757,10.2307/4199757
Nemet-Nejat2000_AnAdminist,Nemet-Nejat,An Administrative Text about Writing Boards (557 B.C.E,2000,,,https://openalex.org/W4304607090,https://doi.org/10.1515/janeh-2021-0008
Neve1991_DieAusgrab,Neve,Die Ausgrabungen in Boğazköy-Hattuša 1990,1991,,,,
Oelsner1971_WarNippurS,Oelsner,War Nippur Sitz einer spätbabylonischen Astronomenschule?,1971,,,,
Oelsner1986_Materialie,Oelsner,Materialien zur Gesellschaft und Kultur in hellenistischer Zeit,1986,,,https://openalex.org/W650006216,
Oelsner1992_ReviewofCa,Oelsner,Review of Catalogue of the Babylonian Tablets in the British Museum,1992,,University of Chicago Press,https://doi.org/10.1086/373539,10.1086/373539
Oelsner1999_ReviewofMa,Oelsner,"Review of MacGinnis, Letter Orders from Sippar",1999,,SAGE Publications,https://doi.org/10.1177/03058298990280020433,10.1177/03058298990280020433
Parpola1983_AssyrianLi,Parpola,Assyrian Library Records,1983,,University of Chicago Press,https://doi.org/10.1086/372983,10.1086/372983
Payton1991_TheUluburu,Payton,The Uluburun Writing-Board Set,1991,,Cambridge University Press (CUP),https://doi.org/10.2307/3642932,10.2307/3642932
Radner1999_Einneuassy,Radner,Ein neuassyrisches Privatarchiv der Tempelgoldschmiede von Assur,1999,,,https://openalex.org/W1922661468,
Reade1986_RassamsBab,Reade,Rassam’s Babylonian Collections: The Excavations and the Archives,1986,,JSTOR,https://doi.org/10.2307/4200255,10.2307/4200255
Sachs1988_Astronomic,Sachs,Astronomical Diaries and Related Texts from Babylonia I: Diaries from 652–262 BC,1988,,SAGE Publications,https://doi.org/10.1177/053901888027001006,10.1177/053901888027001006
Stolper1989_Registrati,Stolper,Registration and Taxation of Slave Sales in Achaemenid Babylonia,1989,,Walter de Gruyter GmbH,https://doi.org/10.1515/zava.1989.79.1.80,10.1515/zava.1989.79.1.80
Stolper1993_LateAchaem,Stolper,"Late Achaemenid, Early Macedonian, and Early Seleucid Records of Sale, Deposits and Related Texts",1993,,,https://openalex.org/W1980759776,https://doi.org/10.5287/ora-qrqjxq18z
Stolper1994_OnSomeAspe,Stolper,On Some Aspects of Continuity between Achaemenid and Hellenistic Babylonian Legal Texts,1994,,JSTOR,https://doi.org/10.2307/606167,10.2307/606167
Stolper1998_ReviewofJu,Stolper,"Review of Jursa, Die Landwirtschaft in Sippar in neubabylonischer Zeit",1998,,Walter de Gruyter GmbH,https://doi.org/10.1163/1568520001445559,10.1163/1568520001445559
Spek1992_NippurSipp,Spek,"Nippur, Sippar and Larsa in the Hellenistic Period",1992,,,https://openalex.org/W4311972157,https://doi.org/10.1515/9783110798432-039
Warnock1991_TheWoodoft,Warnock,The Wood of the Uluburun Diptych,1991,,Cambridge University Press (CUP),https://doi.org/10.2307/3642933,10.2307/3642933
Weszeli1997_EseleienII,Weszeli,Eseleien II,1997,,,https://openalex.org/W2619913292,https://doi.org/10.13109/wdor.2017.47.1.25
Wiseman1995_Nebuchadre,Wiseman,Nebuchadrezzar and Babylon,1995,,,https://openalex.org/W624887166,
Adams1972_TheUrukCou,Adams,The Uruk Countryside: The Natural Setting of Urban Societies,1972,,SAGE Publications,https://doi.org/10.1177/026455057201800207,10.1177/026455057201800207
Algaze1983_PrivateHou,Algaze,Private Houses and Graves at Ingharra: A Reconsideration,1983,,,https://openalex.org/W2548840019,https://doi.org/10.11606/issn.2448-1750.revmae.2004.89661
Andrae1903_Ausgrabung,Andrae,Ausgrabungen in Fara und Abu Hatab,1903,,,https://openalex.org/W2785674244,
Charvat1979_EarlyUr,Charvát,Early Ur,1979,,,https://openalex.org/W2314092710,https://doi.org/10.1524/aofo.1982.9.jg.43
Charvat1982_EarlyUrWar,Charvát,Early Ur? War Chiefs and Kings of Early Dynastic III,1982,,Walter de Gruyter GmbH,https://doi.org/10.1524/aofo.1982.9.jg.43,10.1524/aofo.1982.9.jg.43
Charvat1986_TheNameAnz,Charvát,The Name Anzu-dŠulpae in the Texts from Fara,1986,,,,
Charvat1988_Archaeolog,Charvát,"Archaeology and Social History: The Susa Sealings, ca. 4000–2340 B.C",1988,,PERSEE Program,https://doi.org/10.3406/paleo.1988.4439,10.3406/paleo.1988.4439
Curvers1990_Excavation,Curvers,Excavations at Tell al-Riqāʿī: A Small Rural Site of Early Urban Northern Mesopotamia,1990,,University of Chicago Press,https://doi.org/10.2307/505523,10.2307/505523
Delougaz1942_PreSargoni,Delougaz,Pre-Sargonid Temples in the Diyala Region,1942,,,https://openalex.org/W4237303334,https://doi.org/10.1086/709014
Diakonoff1963_TheCommune,Diakonoff,The Commune in the Ancient Near East as Treated in the Works of Soviet Researchers,1963,,,https://openalex.org/W4243971884,https://doi.org/10.1023/a:1007068714468
Edzard1979_DieArchive,Edzard,Die Archive von Šuruppag (Fara): Umfang und Grenzen der Auswertbarkeit,1979,,,,
Fiandra1975_Ancoraapro,Fiandra,Ancora a proposito delle cretule di Festòs,1975,,,,
Foster1981_ANewLookat,Foster,A New Look at the Sumerian Temple State,1981,,Walter de Gruyter GmbH,https://doi.org/10.1163/156852081x00103,10.1163/156852081x00103
Unknown1981_Preliminar,Unknown,Preliminary Report of Excavations at Gubba and Songor,1981,,AOSIS,https://doi.org/10.4102/sajp.v37i4.937,10.4102/sajp.v37i4.937
Gelb1979_Householda,Gelb,Household and Family in Early Mesopotamia,1979,,Elsevier BV,https://doi.org/10.1016/0016-5085(79)90395-0,10.1016/0016-5085(79)90395-0
Unknown1981_UchTepeITe,Unknown,"Uch Tepe I: Tell Razuk, Tell Ahmed al-Mughir, Tell Ajamat",1981,,,https://openalex.org/W2300536729,
Hansen1973_AlHiba1970,Hansen,"Al-Hiba, 1970–1971: A Preliminary Report",1973,,Artibus Asiae,https://doi.org/10.2307/3249575,10.2307/3249575
Heinrich1931_FaraErgebn,Heinrich,Fara: Ergebnisse der Ausgrabungen der Deutschen Orient-Gesellschaft in Fara und Abu Hatab 1902/03,1931,,De Gruyter,https://doi.org/10.1515/9783111676548,10.1515/9783111676548
Henrickson1981_NonReligio,Henrickson,Non-Religious Residential Settlement Patterning in the Late Early Dynastic of the Diyala Region,1981,,Springer Science and Business Media LLC,https://doi.org/10.2307/2806326,10.2307/2806326
Jacobsen1957_EarlyPolit,Jacobsen,Early Political Development in Mesopotamia,1957,,Walter de Gruyter GmbH,https://doi.org/10.1515/zava.1957.52.1.91,10.1515/zava.1957.52.1.91
Legrain1936_UrExcavati,Legrain,Ur Excavations III: Archaic Seal Impressions,1936,,University of Chicago Press,https://doi.org/10.2307/498806,10.2307/498806
Madhlum1960_TheExcavat,Madhlum,The Excavations at Tell al-Wilayah,1960,,,https://openalex.org/W4393275612,https://doi.org/10.62614/hf08a972
Maekawa1973_TheDevelop,Maekawa,The Development of the É-MI in Lagash during Early Dynastic III,1973,,Oxford University Press (OUP),https://doi.org/10.1080/00021369.1973.10860666,10.1080/00021369.1973.10860666
Margueron1982_Recherches,Margueron,Recherches sur les palais mésopotamiens de l’âge du bronze,1982,,,https://openalex.org/W3154358379,https://doi.org/10.7202/1074353ar
Martin1975_TheTablets,Martin,The Tablets of Shuruppak,1975,,,https://openalex.org/W4244877668,https://doi.org/10.1515/9781646020119
Martin1988_FaraARecon,Martin,Fara: A Reconstruction of the Ancient Mesopotamian City of Shuruppak,1988,"Boston, MA",Springer US,https://doi.org/10.1007/978-1-4684-6581-5_58,10.1007/978-1-4684-6581-5_58
Matthews1989_ClaySealin,Matthews,Clay Sealings in Early Dynastic Mesopotamia: A Functional and Contextual Approach,1989,,SAGE Publications,https://doi.org/10.1016/0266-7681(89)90150-2,10.1016/0266-7681(89)90150-2
Matthews1990_Excavation,Matthews,"Excavations at Jemdet Nasr, 1989",1990,,JSTOR,https://doi.org/10.2307/4200315,10.2307/4200315
Matthews0_AbuSalabik,Matthews,Abu Salabikh Ash Tip Sealings: Functional and Contextual Analyses,0000,,,,
Moorey1964_ThePlanoCo,Moorey,The ‘Plano-Convex Building’ at Kish and Early Mesopotamian Palaces,1964,,JSTOR,https://doi.org/10.2307/4199767,10.2307/4199767
Moorey1978_KishExcava,Moorey,Kish Excavations 1923–1933,1978,,University of Chicago Press,https://doi.org/10.1086/372632,10.1086/372632
Nissen1987_TheUrbanRe,Nissen,The Urban Revolution of Mesopotamia Reconsidered,1987,,,https://openalex.org/W1511560192,https://doi.org/10.5751/es-02671-130246
Pomponio1983_Archivesan,Pomponio,‘Archives’ and the Prosopography of Fara,1983,,,https://openalex.org/W2136650165,https://doi.org/10.13109/wdor.2009.39.1.77
Postgate1980_Excavation,Postgate,"Excavations at Abu Salabikh, 1978–79",1980,,JSTOR,https://doi.org/10.2307/4200122,10.2307/4200122
Postgate1990_Excavation,Postgate,"Excavations at Abu Salabikh, 1988–89",1990,,JSTOR,https://doi.org/10.2307/4200322,10.2307/4200322
Powell1973_ReviewofCu,Powell,"Review of Cuneiform Texts from Babylonian Tablets in the British Museum L, by Edmond Sollberger",1973,,Elsevier BV,https://doi.org/10.1016/s0009-9260(73)80066-2,10.1016/s0009-9260(73)80066-2
Rathje1977_NewTricksf,Rathje,New Tricks for Old Seals: A Progress Report,1977,,,https://openalex.org/W1966850535,https://doi.org/10.1007/s11135-011-9640-9
Roaf1982_TheHamrinS,Roaf,The Hamrin Sites,1982,,,https://openalex.org/W4232520492,https://doi.org/10.1017/s0021088900005052
Roaf1989_SocialOrga,Roaf,Social Organization and Social Activities at Tell Madhhur,1989,,,https://openalex.org/W579598637,https://doi.org/10.1017/s0003598x00087378
Safar1981_Eridu,Safar,Eridu,1981,,,https://openalex.org/W2314314219,https://doi.org/10.2307/4199667
Schmidt1931_Excavation,Schmidt,"Excavations at Fara, 1931",1931,,S. Karger AG,https://doi.org/10.1159/000256619,10.1159/000256619
Wilson1986_NippurTheD,Wilson,Nippur: The Definition of a Mesopotamian Jamdat Nasr Assemblage,1986,,SAGE Publications,https://doi.org/10.1089/hwm.1986.3.43,10.1089/hwm.1986.3.43
Wright1969_TheAdminis,Wright,The Administration of Rural Production in an Early Mesopotamian Town,1969,"Ann Arbor, MI",U OF M MUSEUM ANTHRO ARCHAEOLOGY,https://doi.org/10.3998/mpub.11396546,10.3998/mpub.11396546
Yamamoto1980_TheAgricul,Yamamoto,The ‘Agricultural Year’ in Pre-Sargonic Girsu-Lagash (II,1980,,JSTOR,https://doi.org/10.2307/214077,10.2307/214077
Yamamoto1981_TheLuKUR6d,Yamamoto,The Lú-KUR6-dab5-ba People in the É-mí-šèd-ba in Pre-Sargonic Lagash,1981,,Japan Institute of Metals,https://doi.org/10.2320/jinstmet1952.45.10_1003,10.2320/jinstmet1952.45.10_1003
Zettler1987_Sealingsas,Zettler,Sealings as Artifacts of Institutional Administration in Ancient Mesopotamia,1987,,University of Chicago Press,https://doi.org/10.2307/1359781,10.2307/1359781
Adams1981_Heartlando,Adams,Heartland of Cities: Surveys of Ancient Settlement and Land Use on the Central Floodplain of the Euphrates,1981,,American Association for the Advancement of Science (AAAS),https://doi.org/10.1126/science.213.4515.1457,10.1126/science.213.4515.1457
Adams2006_Shepherdsa,Adams,Shepherds at Umma in the Third Dynasty of Ur: Interlocutors with a World beyond the Scribal Field of Ordered Vision,2006,,Walter de Gruyter GmbH,https://doi.org/10.1163/156852006777502090,10.1163/156852006777502090
Adams2008_AnInterdis,Adams,An Interdisciplinary Overview of a Mesopotamian City and its Hinterlands,2008,,Ovid Technologies (Wolters Kluwer Health),https://doi.org/10.1097/01.nurse.0000343495.84713.13,10.1097/01.nurse.0000343495.84713.13
Akinnaso1992_SchoolingL,Akinnaso,"Schooling, Language, and Knowledge in Literate and Nonliterate Societies",1992,,Cambridge University Press (CUP),https://doi.org/10.1017/s0010417500017448,10.1017/s0010417500017448
Bauml1980_Varietiesa,Bäuml,Varieties and Consequences of Medieval Literacy and Illiteracy,1980,,University of Chicago Press,https://doi.org/10.2307/2847287,10.2307/2847287
Cavalli-Sforza1981_CulturalTr,Cavalli-Sforza,Cultural Transmission and Evolution: A Quantitative Approach,1981,,Princeton University Press,https://doi.org/10.1515/9780691209357,10.1515/9780691209357
Charpin2009_SchreiberS,Charpin,Schreiber (Scribe) B. Altbabylonisch,2009,,,https://openalex.org/W4286646219,https://doi.org/10.1515/aofo-2022-0005
Civil1969_TheSeriesl,Civil,The Series lú = ša and Related Texts,1969,,,https://openalex.org/W562594425,
Civil1977_Lexicograp,Civil,Lexicography,1977,,,https://openalex.org/W1593045043,https://doi.org/10.5555/89086.89095
Civil1979_EanaquAaAn,Civil,"Ea = nâqu, Aa A = nâqu, with Their Forerunners and Related Texts",1979,,,https://openalex.org/W626855441,
Civil2009_TheMesopot,Civil,The Mesopotamian Lexical Lists: Authors and Commentators,2009,,,https://openalex.org/W2334647609,
Collins1996_Socializat,Collins,Socialization to Text: Structure and Contradiction in Schooled Literacy,1996,,SAGE Publications,https://doi.org/10.1177/107385849600200209,10.1177/107385849600200209
Clifford1984_BookandRea,Clifford,Book and Reading: Historical Perspectives on Literacy and Schooling,1984,,American Educational Research Association (AERA),https://doi.org/10.3102/00346543054004472,10.3102/00346543054004472
Cig1959_Zweialtbab,Çiğ,Zwei altbabylonische Schulbücher aus Nippur,1959,,,https://openalex.org/W652730655,
Dalley2009_Babylonian,Dalley,Babylonian Tablets from the First Sealand Dynasty in the Schøyen Collection,2009,,Springer Science and Business Media LLC,https://doi.org/10.1007/s12571-009-0037-8,10.1007/s12571-009-0037-8
Dobbert1984_CulturalTr,Dobbert,Cultural Transmission in Three Societies,1984,,Wiley,https://doi.org/10.1525/aeq.1984.15.4.05x1353a,10.1525/aeq.1984.15.4.05x1353a
Finkel1999_OnSomeDogS,Finkel,"On Some Dog, Snake and Scorpion Incantations",1999,,,https://openalex.org/W4247891822,https://doi.org/10.1163/9789004496293_017
Friberg2009_AGeometric,Friberg,A Geometric Algorithm,2009,,,https://openalex.org/W2100440346,https://doi.org/10.1007/978-3-642-97881-4
Friedrich1989_LanguageId,Friedrich,"Language, Ideology, and Political Economy",1989,,Wiley,https://doi.org/10.1525/aa.1989.91.2.02a00010,10.1525/aa.1989.91.2.02a00010
Gladwin1970_EastIsaBig,Gladwin,East Is a Big Bird,1970,,Harvard University Press,https://doi.org/10.4159/9780674037625,10.4159/9780674037625
Glassner2009_Ecriredesl,Glassner,Écrire des livres à l’époque paléo-babylonienne,2009,,Walter de Gruyter GmbH,https://doi.org/10.1515/za.2009.001,10.1515/za.2009.001
Krecher1966_Sumerische,Krecher,Sumerische Kultlyrik,1966,,,https://openalex.org/W2600110752,https://doi.org/10.5356/orient.49.115
Landsberger1955_Remarksont,Landsberger,Remarks on the Archive of the Soldier Ubarum,1955,,University of Chicago Press,https://doi.org/10.2307/3515948,10.2307/3515948
Lewy1938_NotesonPre,Lewy,Notes on Pre-Hurrian Texts from Nuzi,1938,,JSTOR,https://doi.org/10.2307/594609,10.2307/594609
Lion2005_Quelqueste,Lion,Quelques textes scolaires paléobabyloniens,2005,,University of Chicago Press,https://doi.org/10.1086/jcs40025989,10.1086/jcs40025989
Unknown1995_Authoritya,Unknown,Authority and Orality in the Mahāyāna,1995,,,https://openalex.org/W2012249605,https://doi.org/10.1163/1568527952598800
Lotman1978_OntheSemio,Lotman,On the Semiotic Mechanism of Culture,1978,,JSTOR,https://doi.org/10.2307/468571,10.2307/468571
Lozada2006_CulturalTr,Lozada,Cultural Transmission of Ethnobotanical Knowledge,2006,,Springer Science and Business Media LLC,https://doi.org/10.1663/0013-0001(2006)60[374:ctoeki]2.0.co;2,10.1663/0013-0001(2006)60[374:ctoeki]2.0.co;2
Ludwig2009_Literarisc,Ludwig,Literarische Texte aus Ur,2009,,Walter de Gruyter,https://doi.org/10.1515/9783110222333,10.1515/9783110222333
Michalowski1983_ReviewofBr,Michalowski,Review of Briefe aus dem Iraq Museum,1983,,University of Chicago Press,https://doi.org/10.2307/3515967,10.2307/3515967
Michalowski1987_Charismaan,Michalowski,Charisma and Control,1987,,,https://openalex.org/W1977384455,https://doi.org/10.5860/choice.28-3576
Michalowski1993_TheEarlyMe,Michalowski,The Early Mesopotamian Incantation Tradition,1993,,Wiley,https://doi.org/10.1525/aa.1993.95.1.02a00540,10.1525/aa.1993.95.1.02a00540
Michalowski1996_Mesopotami,Michalowski,Mesopotamian Cuneiform: Origins,1996,,,https://openalex.org/W1987340610,https://doi.org/10.1163/9789004294134
Michalowski2006_TheLivesof,Michalowski,The Lives of the Sumerian Language,2006,,BRILL,https://doi.org/10.1163/9789047408239_024,10.1163/9789047408239_024
Michalowski2009_Observatio,Michalowski,Observations on Divination and Extispicy in Early Mesopotamia,2009,,Wiley,https://doi.org/10.1002/9781444315653.ch10,10.1002/9781444315653.ch10
Michalowski2011_TheCorresp,Michalowski,The Correspondence of the Kings of Ur,2011,,Penn State University Press,https://doi.org/10.5325/j.ctv1bxh118,10.5325/j.ctv1bxh118
Ohgama2010_ScribalSch,Ohgama,Scribal Schooling in Old Babylonian Kish,2010,,,https://openalex.org/W2341099004,
Ong1959_LatinLangu,Ong,Latin Language Study as a Renaissance Puberty Rite,1959,,JSTOR,https://doi.org/10.2307/428215,10.2307/428215
Oppenheim1984_AncientMes,Oppenheim,Ancient Mesopotamia: A Portrait of a Dead Civilization,1984,,,https://openalex.org/W4299369284,https://doi.org/10.2307/3101796
Peterson2011_ThePersona,Peterson,The Personal Name Lists,2011,,Walter de Gruyter GmbH,https://doi.org/10.1515/za.2011.013,10.1515/za.2011.013
Richter2004_Untersuchu,Richter,Untersuchungen zu den lokalen Panthea... Münster,2004,,Walter de Gruyter GmbH,https://doi.org/10.1515/zatw.2004.116.3.406,10.1515/zatw.2004.116.3.406
Risager2006_Languagean,Risager,Language and Culture,2006,,Multilingual Matters,https://doi.org/10.2307/jj.27939669,10.2307/jj.27939669
Rubio2006_Sulgiandth,Rubio,Šulgi and the Death of Sumerian,2006,,BRILL,https://doi.org/10.1163/9789047410683_012,10.1163/9789047410683_012
Scheil1902_Unesaisond,Scheil,Une saison de fouilles à Sippar,1902,,,https://openalex.org/W7113536595,
Seri2012_TheHouseof,Seri,The House of Prisoners,2012,,,https://openalex.org/W4244538396,https://doi.org/10.1515/9781614510970
Stol2004_Wirtschaft,Stol,Wirtschaft und Gesellschaft in altbabylonischer Zeit,2004,,,https://openalex.org/W2773398646,
Tanret2010_TheExercis,Tanret,The Exercise Tablets from Chantier B in Susa Revisited,2010,,Peeters Publishers,https://doi.org/10.2143/ia.45.0.2047120,10.2143/ia.45.0.2047120
Thureau-Dangin1914_Fragmentsd,Thureau-Dangin,Fragments des hymnes,1914,,,https://openalex.org/W2472858912,
Tinney2011_TabletsofS,Tinney,Tablets of Schools and Scholars,2011,,,https://openalex.org/W2626383182,https://doi.org/10.1093/oxfordhb/9780199557301.013.0027
Veenhof2008_TheOldAssy,Veenhof,The Old Assyrian Period,2008,,,https://openalex.org/W2803484162,https://doi.org/10.5167/uzh-151184
Veldhuis1999_Continuity,Veldhuis,Continuity and Change in the Mesopotamian Lexical Tradition,1999,,BRILL,https://doi.org/10.1163/9789004434820_010,10.1163/9789004434820_010
Veldhuis2006_HowtoClass,Veldhuis,How to Classify Pigs,2006,,BRILL,https://doi.org/10.1163/9789047410683_013,10.1163/9789047410683_013
Waetzoldt2009_SchreiberA,Waetzoldt,Schreiber. A. Im 3. Jahrtausend,2009,,,https://openalex.org/W578222442,https://doi.org/10.1075/zg.113
Waetzoldt2009_Schule,Waetzoldt,Schule,2009,,,https://openalex.org/W3167588245,https://doi.org/10.31244/9783830970989
Walker1980_SomeAssyri,Walker,Some Assyrians at Sippar in the Old Babylonian Period,1980,,Cambridge University Press (CUP),https://doi.org/10.2307/3642772,10.2307/3642772
Webster2006_Keepingthe,Webster,Keeping the Word,2006,,Project MUSE,https://doi.org/10.1353/ort.2007.0006,10.1353/ort.2007.0006
Wilson2008_Educationi,Wilson,Education in the Earliest Schools,2008,,Walter de Gruyter GmbH,https://doi.org/10.1163/27730840-04002008,10.1163/27730840-04002008
Woods2006_Bilinguali,Woods,"Bilingualism, Scribal Learning, and the Death of Sumerian",2006,,University of Greenwich,https://doi.org/10.11120/msor.2006.06030006,10.11120/msor.2006.06030006
Biggs1976_Inscriptio,Biggs,Inscriptions from Al-Hiba–Lagash: The First and Second Seasons,1976,"Woods Hole, MA",Massachusetts Institute of Technology and Woods Hole Oceanographic Institution,https://doi.org/10.1575/1912/1293,10.1575/1912/1293
Brisch2007_Traditiona,Brisch,Tradition and the Poetics of Innovation: Sumerian Court Literature of the Larsa Dynasty (ca,2007,,,https://openalex.org/W2996366724,
Cavigneaux1998_AScholarsL,Cavigneaux,A Scholar’s Library in Meturan?,1998,,,https://openalex.org/W4252712601,https://doi.org/10.1163/9789004496293_018
Charpin1990_Lesdivinit,Charpin,Les divinités familiales des Babyloniens d’après les légendes de leurs sceaux-cylindres,1990,,PERSEE Program,https://doi.org/10.3406/textu.1990.2113,10.3406/textu.1990.2113
Civil1989_TheTextsfr,Civil,The Texts from Meskene-Emar,1989,,,https://openalex.org/W634035529,
Cohen1976_LiteraryTe,Cohen,Literary Texts from the Andrews University Archaeological Museum,1976,,JSTOR,https://doi.org/10.2307/599900,10.2307/599900
Edzard1984_HymnenBesc,Edzard,"Hymnen, Beschwörungen und Verwandtes (aus dem Archiv L. 2769",1984,,,https://openalex.org/W604245050,
Edzard2004_Altbabylon,Edzard,Altbabylonische Literatur und Religion,2004,,Walter de Gruyter GmbH,https://doi.org/10.1163/25890468-04801004,10.1163/25890468-04801004
Finkel1998_OnSomeDogS,Finkel,"On Some Dog, Snake and Scorpion Incantations",1998,,BRILL,https://doi.org/10.1163/9789004676602_007,10.1163/9789004676602_007
Gadotti2011_HereIsWhat,Gadotti,‘Here Is What I Have. Send Me What I Am Missing’: Exchange of Syllabi in Ancient Mesopotamia,2011,,Walter de Gruyter GmbH,https://doi.org/10.1515/za.2011.002,10.1515/za.2011.002
Gadotti2012_Unfulfille,Gadotti,Unfulfilled Destinies: Yet Again on the Old Babylonian Sumerian Scribal Curriculum,2012,,,,
Geller2003_MusicLesso,Geller,Music Lessons,2003,,Elsevier BV,https://doi.org/10.1016/s0197-2456(03)00099-0,10.1016/s0197-2456(03)00099-0
Hall1985_AStudyofth,Hall,A Study of the Sumerian Moon-God Nanna/Suen,1985,,Oxford University Press (OUP),https://doi.org/10.1093/jcs/27.2.301,10.1093/jcs/27.2.301
Hallo1968_Individual,Hallo,Individual Prayer in Sumerian: The Continuity of a Tradition,1968,,JSTOR,https://doi.org/10.2307/597899,10.2307/597899
Kammerer1998_simamilhaI,Kämmerer,"simâ milḫa: Induktion und Rezeption der mittelbabylonischen Dichtung von Ugarit, Emar und Tell el-Amarna",1998,"Berlin, Heidelberg",Springer Berlin Heidelberg,https://doi.org/10.1007/978-3-662-07485-5_24,10.1007/978-3-662-07485-5_24
Krebernik1997_ZurInterpr,Krebernik,"Zur Interpretation von ARET 5, 24–26",1997,,,https://openalex.org/W2041844193,https://doi.org/10.1192/bjp.80.328.1
Krebernik2004_WorterundS,Krebernik,Wörter und Sprichwörter: der zweisprachige Schultext HS 1461,2004,,Walter de Gruyter GmbH,https://doi.org/10.1515/zava.2004.94.2.226,10.1515/zava.2004.94.2.226
Lohnert2008_Scribesand,Löhnert,Scribes and Singers of Emesal Lamentations,2008,,,https://openalex.org/W2600110752,https://doi.org/10.5356/orient.49.115
Lohnert2011_Manipulati,Löhnert,Manipulating the Gods: Lamenting in Context,2011,,,https://openalex.org/W2642591657,https://doi.org/10.1093/oxfordhb/9780199557301.013.0019
Marchesi1999_NotesonTwo,Marchesi,Notes on Two Alleged Literary Texts from Al-Hiba/Lagaš,1999,,American Society for Microbiology,https://doi.org/10.1128/jb.181.8.2535-2547.1999,10.1128/jb.181.8.2535-2547.1999
Michalowski1980_ANewSumeri,Michalowski,A New Sumerian Catalogue from Nippur,1980,,University of Chicago Press,https://doi.org/10.2307/1359671,10.2307/1359671
Michalowski1991_Incantatio,Michalowski,Incantation Incipits,1991,,,https://openalex.org/W4243966110,https://doi.org/10.1163/9789004261464_011
Michalowski2010_LearningMu,Michalowski,"Learning Music: Schooling, Apprenticeship, and Gender in Early Mesopotamia",2010,,,https://openalex.org/W4393183510,https://doi.org/10.56004/v2.2bb
Peterson2010_ANewOldBab,Peterson,A New Old Babylonian Sumerian Literary ‘Catalog’?,2010,,Walter de Gruyter GmbH,https://doi.org/10.1515/za.2010.009,10.1515/za.2010.009
Rubio2003_EarlySumer,Rubio,Early Sumerian Literature: Enumerating the Whole,2003,,Wiley,https://doi.org/10.1111/j.1651-2227.2003.tb00586.x,10.1111/j.1651-2227.2003.tb00586.x
Shehata2009_Musikerund,Shehata,Musiker und ihr vokales Repertoire,2009,Göttingen,Göttingen University Press,https://doi.org/10.17875/gup2009-509,10.17875/gup2009-509
Sjoberg1960_DerMondgot,Sjöberg,Der Mondgott Nanna-Suen in der sumerischen Überlieferung,1960,,,https://openalex.org/W605148618,
Sjoberg1972_HeIsaGoodS,Sjöberg,"‘He Is a Good Seed of a Dog’ and ‘Engardu, the Fool.’",1972,,University of Chicago Press,https://doi.org/10.2307/1359629,10.2307/1359629
Abrahami2012_Larchivede,Abrahami,L’archive de Tulpun-naya. Studies on the Civilization and Culture of Nuzi and the Hurrians 19,2012,,,,
Archi2003_ArchivalRe,Archi,"Archival Record-Keeping at Ebla, 2400–2340 BC",2003,,Oxford University PressOxford,https://doi.org/10.1093/oso/9780199252459.003.0002,10.1093/oso/9780199252459.003.0002
Barjamovic2014_TheSizeofK,Barjamovic,The Size of Kanesh and the Demography of Early Middle Bronze Age Anatolia,2014,,Lockwood Press,https://doi.org/10.2307/j.ctvvnd58,10.2307/j.ctvvnd58
Unknown2003_Archivesan,Unknown,Archives and Archival Tradition: Concepts of Record-Keeping in the Ancient World. Oxford Studies in Ancient Documents,2003,,,https://openalex.org/W2112957339,
Charpin1985_Lesarchive,Charpin,Les archives d’époque assyrienne,1985,,JSTOR,https://doi.org/10.2307/601720,10.2307/601720
Clancier2009_Lesbibliot,Clancier,Les bibliothèques en Babylonie dans la deuxième moitié du Ier millénaire av,2009,,,https://openalex.org/W576920201,
Dercksen2015_TheArchive,Dercksen,The Archives of Ali-ahum (I,2015,,,https://openalex.org/W2790579196,https://doi.org/10.1515/9783110541397
Erol2015_TheArchive,Erol,The Archives of Šu-Ištar son of Aššur-bāni,2015,,,,
Unknown2013_Archivesan,Unknown,Archives and Archival Documents in Ancient Societies,2013,,,https://openalex.org/W2738600469,
Grayson1987_AssyrianRu,Grayson,Assyrian Rulers of the Third and Second Millennium BC (to 1115 BC,1987,Toronto,University of Toronto Press,https://doi.org/10.3138/9781442671065,10.3138/9781442671065
Gunbatti1998_Kultepeden,Günbattı,Kültepe’den Akadlı Sargon’a Ait Bir Tablet,1998,,,,
Gunbatti2004_TwoTreatyT,Günbattı,Two Treaty Texts Found at Kültepe,2004,,,,
Hertel2013_OldAssyria,Hertel,Old Assyrian Legal Practices,2013,,,https://openalex.org/W2977524611,
Hertel2014_TheLowerTo,Hertel,The Lower Town of Kültepe,2014,,Human Kinetics,https://doi.org/10.1123/jsr.2013-0021,10.1123/jsr.2013-0021
Hockmann2010_GraberundG,Hockmann,Gräber und Grüfte in Assur I,2010,,,https://openalex.org/W2515995486,https://doi.org/10.1086/371428
Jas2000_OldandNewA,Jas,Old and New Archives from Nuzi,2000,,Springer Science and Business Media LLC,https://doi.org/10.1007/pl00021451,10.1007/pl00021451
Kienast2015_Dasaltassy,Kienast,Das altassyrische Eherecht,2015,,,https://openalex.org/W2790579196,https://doi.org/10.1515/9783110541397
Kraus1968_Briefeausd,Kraus,Briefe aus dem Archive des Šamaš-Hazir. Altbabylonische Briefe 4,1968,,BRILL,https://doi.org/10.1163/9789004672161_005,10.1163/9789004672161_005
Kulakoglu2015_CurrentRes,Kulakoğlu,Current Research at Kültepe,2015,,Antiquity Publications,https://doi.org/10.15184/aqy.2015.30,10.15184/aqy.2015.30
Kulakoglu2010_Anadolunun,Kulakoğlu,Anadolu’nun Önsözü: Kültepe Kaniš-Karumu,2010,,,,
Kulakoglu2015_NewEvidenc,Kulakoğlu,New Evidence for International Trade in Bronze Age Central Anatolia,2015,,Antiquity Publications,https://doi.org/10.15184/aqy.2015.30,10.15184/aqy.2015.30
Larsen1977_SealUseint,Larsen,Seal Use in the Old Assyrian Period,1977,,JSTOR,https://doi.org/10.2307/4200057,10.2307/4200057
Larsen2008_Archivesan,Larsen,Archives and Filing Systems at Kültepe,2008,,Joklarannsoknafelag Islands,https://doi.org/10.33799/jokull2008.58.229,10.33799/jokull2008.58.229
Larsen2010_KultepeTab,Larsen,Kültepe Tabletleri VI-a: The Archive of Šalim-Aššur,2010,,Norwegian Medical Association,https://doi.org/10.4045/tidsskr.10.0075,10.4045/tidsskr.10.0075
Larsen2013_KultepeTab,Larsen,Kültepe Tabletleri VI-b: The Archive of Šalim-Aššur,2013,,,,
Larsen2014_KultepeTab,Larsen,Kültepe Tabletleri VI-c: The Archive of Šalim-Aššur,2014,,American Astronomical Society,https://doi.org/10.1088/0004-6256/147/4/78,10.1088/0004-6256/147/4/78
Unknown2003_Wiedererst,Unknown,Wiedererstehendes Assur,2003,,,https://openalex.org/W1478627869,
Michel1995_Validiteet,Michel,Validité et durée de vie des contrats paléo-assyriens,1995,,Consortium Erudit,https://doi.org/10.7202/056977ar,10.7202/056977ar
Michel1998_Quelquesre,Michel,Quelques réflexions sur les archives récentes de Kültepe,1998,,CAIRN,https://doi.org/10.3917/rfp.g1998.62n2.0425,10.3917/rfp.g1998.62n2.0425
Michel2000_Leslitiges,Michel,Les litiges commerciaux paléo-assyriens,2000,,BRILL,https://doi.org/10.1163/9789004453029_038,10.1163/9789004453029_038
Michel2000_Aproposdun,Michel,À propos d’un testament paléo-assyrien,2000,,Ghent University,https://doi.org/10.21825/akkadica.99480,10.21825/akkadica.99480
Michel2001_Correspond,Michel,Correspondance des marchands de Kaniš,2001,,BRILL,https://doi.org/10.1163/9789004453227_037,10.1163/9789004453227_037
Michel2003_OldAssyria,Michel,Old Assyrian Bibliography of Cuneiform Texts,2003,,BRILL,https://doi.org/10.1163/9789004228641_015,10.1163/9789004228641_015
Michel2006_OldAssyria,Michel,Old Assyrian Bibliography 1,2006,,Brill | Nijhoff,https://doi.org/10.1163/ej.9789004148475.i-430.50,10.1163/ej.9789004148475.i-430.50
Michel2008_Lacorrespo,Michel,La correspondance des marchands assyriens,2008,,Presses Universitaires de France,https://doi.org/10.3917/puf.muza.2008.01.0163,10.3917/puf.muza.2008.01.0163
Michel2008_TheAlahuma,Michel,The Alāhum and Aššur-taklāku Archives,2008,,OpenEdition,https://doi.org/10.4000/ateliers.1882,10.4000/ateliers.1882
Michel2011_OldAssyria,Michel,Old Assyrian Bibliography 2,2011,,BRILL,https://doi.org/10.1163/9789004209428_012,10.1163/9789004209428_012
Michel2011_ThePrivate,Michel,The Private Archives from Kaneš,2011,,Walter de Gruyter GmbH,https://doi.org/10.1524/aofo.2011.0007,10.1524/aofo.2011.0007
Michel2015_Lorganisat,Michel,L’organisation du palais de Kaneš,2015,,DE GRUYTER,https://doi.org/10.1515/9783110331769-003,10.1515/9783110331769-003
Michel2015_Womeninthe,Michel,Women in the Family of Ali-ahum,2015,,CAIRN.INFO,https://doi.org/10.3917/phimag.090.0008,10.3917/phimag.090.0008
Michel2015_OldAssyria,Michel,Old Assyrian Bibliography 3,2015,,Elsevier BV,https://doi.org/10.1016/j.brainres.2014.12.052,10.1016/j.brainres.2014.12.052
Michel2015_Leslettres,Michel,Les lettres des rois d’Aššur,2015,,CAIRN,https://doi.org/10.3917/pro.345.0073,10.3917/pro.345.0073
Michel2016_Quelquesre,Michel,Quelques remarques sur les bullae inscrites,2016,,Archaeopress Publishing Ltd,https://doi.org/10.2307/j.ctvxw3ndz.25,10.2307/j.ctvxw3ndz.25
Michel0_Forthcomin,Michel,Forthcoming. Women from Aššur and Kaniš. Writings from the Ancient World,0000,,,,
Michel1997_Tablettesp,Michel,Tablettes paléo-assyriennes de Kültepe I (Kt 90/k,1997,,Informa UK Limited,https://doi.org/10.1080/12795119.1997.9692103,10.1080/12795119.1997.9692103
Ozguc2001_KultepeKan,Özgüç,Kültepe-Kaniš: Sealed and Inscribed Clay Bullae,2001,,,,
Ozguc1994_ABoatShape,Özgüç,A Boat-Shaped Cult-Vessel from the Karum of Kanish,1994,,,https://openalex.org/W2790579196,https://doi.org/10.1515/9783110541397
Ozguc1999_ThePalaces,Özgüç,The Palaces and Temples of Kültepe-Kaniš/Neša,1999,,,,
Ozguc2003_KultepeKan,Özgüç,Kültepe Kaniš/Neša,2003,,Oxford University Press,https://doi.org/10.1093/gao/9781884446054.article.t048249,10.1093/gao/9781884446054.article.t048249
Parpola1986_TheRoyalAr,Parpola,The Royal Archives of Nineveh,1986,,,https://openalex.org/W2330189134,https://doi.org/10.2307/1359779
Pedersen1986_Archivesan,Pedersén,Archives and Libraries in the City of Assur,1986,,,https://openalex.org/W1607904253,
Pedersen1998_Archivesan,Pedersén,Archives and Libraries in the Ancient Near East 1500–300 BC,1998,,,https://openalex.org/W4386764303,https://doi.org/10.26443/arc.v27i.893
Posner1972_Archivesin,Posner,Archives in the Ancient World,1972,,Harvard University Press,https://doi.org/10.4159/harvard.9780674437005,10.4159/harvard.9780674437005
Postgate1973_TheGoverno,Postgate,The Governor’s Palace Archive,1973,,,https://openalex.org/W4310153935,https://doi.org/10.1093/jhc/fhac046
Sallaberger2013_TheManagem,Sallaberger,The Management of Royal Treasure,2013,,University of Pennsylvania Museum,https://doi.org/10.2307/j.ctt5hjkfv.17,10.2307/j.ctt5hjkfv.17
Tanret1991_TheUrUtuAr,Tanret,The Ur-Utu Archive,1991,,,https://openalex.org/W572824659,
Tessier1994_Sealingand,Tessier,Sealing and Seals on Texts from Kültepe kārum Level 2,1994,,Oxford University Press (OUP),https://doi.org/10.1093/protein/7.6.769,10.1093/protein/7.6.769
Veenhof1987_DyingTable,Veenhof,‘Dying Tablets’ and ‘Hungry Silver’,1987,,,https://openalex.org/W4248044377,https://doi.org/10.4324/9780203984987-7
Veenhof2003_Archivesof,Veenhof,Archives of Old Assyrian Traders,2003,,Oxford University PressOxford,https://doi.org/10.1093/oso/9780199252459.003.0005,10.1093/oso/9780199252459.003.0005
Veenhof2003_TradeandPo,Veenhof,Trade and Politics in Ancient Assur,2003,,,https://openalex.org/W3171430918,
Veenhof2005_Lettersint,Veenhof,Letters in the Louvre. Altbabylonische Briefe 14,2005,,BRILL,https://doi.org/10.1163/9789047416876,10.1163/9789047416876
Veenhof2008_Communicat,Veenhof,Communication in the Old Assyrian Trading Society,2008,,,https://openalex.org/W4300750523,https://doi.org/10.5962/bhl.title.68064
Veenhof2010_KultepeTab,Veenhof,Kültepe Tabletleri V: The Archive of Kuliya,2010,,,,
Veenhof2013_TheArchive,Veenhof,The Archives of Old Assyrian Traders,2013,,,https://openalex.org/W4388379535,https://doi.org/10.1093/oso/9780199252459.003.0005
Veenhof2013_NewMesopot,Veenhof,New Mesopotamian Treaties,2013,,,https://openalex.org/W4247085030,https://doi.org/10.4324/9780203703069
Veenhof2015_TheArchive,Veenhof,The Archive of Elamma son of Iddin-Suen,2015,,,https://openalex.org/W2790579196,https://doi.org/10.1515/9783110541397
Veenhof0_KultepeTab,Veenhof,"Kültepe Tabletleri V: The Archive of Elamma, son of Iddin-Suen",0000,,,,
Bass1987_OldestKnow,Bass,Oldest Known Shipwreck Reveals Splendors of the Bronze Age,1987,,Ovid Technologies (Wolters Kluwer Health),https://doi.org/10.1161/01.hyp.9.2.204,10.1161/01.hyp.9.2.204
Dalley1976_TheOldBaby,Dalley,The Old Babylonian Tablets from Tell al-Rimah,1976,,,https://openalex.org/W409623110,
Hallo1976_WomenofSum,Hallo,Women of Sumer,1976,,,https://openalex.org/W318764401,https://doi.org/10.1177/156482659001200120
Harris1990_TheFemaleS,Harris,The Female ‘Sage’ in Mesopotamian Literature (with an Appendix on Egypt,1990,,JSTOR,https://doi.org/10.2307/2295310,10.2307/2295310
Kramer1959_HistoryBeg,Kramer,History Begins at Sumer,1959,,JSTOR,https://doi.org/10.2307/3223726,10.2307/3223726
Laessoe1953_Literacyan,Laessøe,Literacy and Oral Tradition,1953,,,https://openalex.org/W4298428573,https://doi.org/10.1017/cbo9780511597404
Landsberger1954_Babylonian,Landsberger,Babylonian Scribal Craft and Its Terminology,1954,,,https://openalex.org/W583955189,https://doi.org/10.33137/aestimatio.v9i0.25985
Landsberger1960_ScribalCon,Landsberger,Scribal Concepts of Education,1960,,,https://openalex.org/W2953982034,https://doi.org/10.17509/cd.v10i1.17436
Livingstone1986_Mysticalan,Livingstone,Mystical and Mythological Explanatory Works of Assyrian and Babylonian Scholars,1986,,,https://openalex.org/W1572623166,
Nemet-Nejat1988_CuneiformM,Nemet-Nejat,Cuneiform Mathematical Tests as Training for Scribal Professions,1988,,,https://openalex.org/W1154206446,https://doi.org/10.1017/s0021088900000474
Oppenheim1964_AncientMes,Oppenheim,Ancient Mesopotamia: Portrait of a Dead Civilization,1964,,,https://openalex.org/W4299369284,https://doi.org/10.2307/3101796
Oppenheim1975_TheIntelle,Oppenheim,The Intellectual in Mesopotamian Society,1975,,,https://openalex.org/W1985063524,https://doi.org/10.1038/scientificamerican1106-96
Otten1988_DieBronzet,Otten,Die Bronzetafel aus Boğazköy: Ein Staatsvertrag Tuthalijas IV,1988,,Wiley,https://doi.org/10.1002/cite.330601022,10.1002/cite.330601022
Parpola1971_Lettersfro,Parpola,Letters from Assyrian Scholars to the Kings Esarhaddon and Assurbanipal,1971,,,https://openalex.org/W1504819371,
Rochberg-Halton1984_Canonicity,Rochberg-Halton,Canonicity in Cuneiform Texts,1984,,University of Chicago Press,https://doi.org/10.2307/1360053,10.2307/1360053
Streck1916_Assurbanip,Streck,Assurbanipal und die letzten assyrischen Könige bis zum Untergang Ninivehs,1916,,De Gruyter,https://doi.org/10.1515/9783112540923,10.1515/9783112540923
Barnett0_TheAssyria,Barnett,The Assyrian Palace Reliefs and Their Relation to the Sculpture of Babylonia and Persia,0000,,,https://openalex.org/W2738289191,https://doi.org/10.21273/hortsci11023-16
Black1992_GodsDemons,Black,"Gods, Demons and Symbols of Ancient Mesopotamia: An Illustrated Dictionary",1992,,Informa UK Limited,https://doi.org/10.1080/09558543.1992.12031208,10.1080/09558543.1992.12031208
Green1983_NeoAssyria,Green,Neo-Assyrian Apotropaic Figures,1983,,JSTOR,https://doi.org/10.2307/4200182,10.2307/4200182
Maxwell-Hyslop1971_WesternAsi,Maxwell-Hyslop,Western Asiatic Jewellery c. 3000–612 B.C,1971,,JSTOR,https://doi.org/10.2307/4199918,10.2307/4199918
Madhloum1966_Foreword,Madhloum,Foreword,1966,,,https://openalex.org/W4237871677,https://doi.org/10.1038/ki.2009.188
Madhloum1968_NinevehThe,Madhloum,Nineveh: The 1967–1968 Campaign,1968,,,https://openalex.org/W2119826046,https://doi.org/10.1098/rspb.2012.2845
Madhloum1969_NinevehThe,Madhloum,Nineveh: The 1968–1969 Campaign,1969,,,https://openalex.org/W2119826046,https://doi.org/10.1098/rspb.2012.2845
Madhloum1972_NinevehHis,Madhloum,Nineveh. Historical Monuments in Iraq 1,1972,,,https://openalex.org/W2068312360,https://doi.org/10.1111/j.1365-246x.1989.tb04453.x
Madhloum1976_NinevehHis,Madhloum,Nineveh. Historical Monuments in Iraq 1,1976,,,https://openalex.org/W2068312360,https://doi.org/10.1111/j.1365-246x.1989.tb04453.x
Parker1961_Administra,Parker,"Administrative Tablets from the North-West Palace, Nimrud",1961,,JSTOR,https://doi.org/10.2307/4199695,10.2307/4199695
Parpola1970_NeoAssyria,Parpola,Neo-Assyrian Toponyms. Alter Orient und Altes Testament 6,1970,,,https://openalex.org/W2170712759,https://doi.org/10.1017/s0041977x00129635
Reade2002_TheZiggura,Reade,The Ziggurat and Temples of Nimrud,2002,,JSTOR,https://doi.org/10.2307/4200523,10.2307/4200523
Scott1990_NotesonNin,Scott,Notes on Nineveh,1990,,JSTOR,https://doi.org/10.2307/4200319,10.2307/4200319
Stronach1989_WhenAssyri,Stronach,When Assyria Fell: New Light on the Last Days of Nineveh,1989,,,https://openalex.org/W2491804046,https://doi.org/10.1017/s0021088900001455
Stronach1994_VillagetoM,Stronach,Village to Metropolis: Nineveh and the Beginning of Urbanism in Northern Mesopotamia,1994,,,https://openalex.org/W2970929455,https://doi.org/10.1007/s10814-019-09136-7
Stronach1997_Notesonthe,Stronach,Notes on the Fall of Nineveh,1997,,,https://openalex.org/W4300750523,https://doi.org/10.5962/bhl.title.68064
Stronach1992_UCBerkeley,Stronach,UC Berkeley’s Excavations at Nineveh,1992,,University of Chicago Press,https://doi.org/10.2307/3210319,10.2307/3210319
Sulaiman1971_AdabalRafa,Sulaiman,Adab al-Rafadan,1971,,,https://openalex.org/W3175149487,https://doi.org/10.33905/bseusbed.911912
Thompson1929_ACenturyof,Thompson,A Century of Exploration at Nineveh,1929,,JSTOR,https://doi.org/10.2307/1784268,10.2307/1784268
Wiggermann1992_Mesopotami,Wiggermann,Mesopotamian Protective Spirits: The Ritual Texts,1992,,BRILL,https://doi.org/10.1163/9789004676558_008,10.1163/9789004676558_008
Astour1981_Ugaritandt,Astour,Ugarit and the Great Powers,1981,,,https://openalex.org/W2587795659,https://doi.org/10.1017/ppr.2015.17
Curtis1985_UgaritRasS,Curtis,Ugarit (Ras Shamra,1985,,American Association for the Advancement of Science (AAAS),https://doi.org/10.1126/science.3975607,10.1126/science.3975607
Garr1987_APopulatio,Garr,A Population Estimate of Ancient Ugarit,1987,,University of Chicago Press,https://doi.org/10.2307/1356929,10.2307/1356929
Al-Fouadi1979_Lenticular,Al-Fouadi,"Lenticular Exercise School Texts, I (Texts in the Iraq Museum 10/1",1979,,American Psychological Association (APA),https://doi.org/10.1037//0278-7393.5.5.496,10.1037//0278-7393.5.5.496
Baqir1951_SomeMoreMa,Baqir,Some More Mathematical Texts from Tell Harmal,1951,,,https://openalex.org/W4360620450,https://doi.org/10.1016/j.ijinfomgt.2023.102642
Bregstein1992_NippurBibl,Bregstein,Nippur Bibliography,1992,,,https://openalex.org/W2064595177,https://doi.org/10.1086/369904
Duchesne-Guillemin1984_AHurrianMu,Duchesne-Guillemin,A Hurrian Musical Score from Ugarit: The Discovery of Mesopotamian Music. Sources from the Ancient Near East 2/2,1984,,Elsevier BV,https://doi.org/10.1016/0006-291x(84)90582-5,10.1016/0006-291x(84)90582-5
Friberg1983_OntheBig6P,Friberg,On the Big 6-Place Tables of Reciprocals and Squares from Seleucid Babylon and Uruk and Their Old Babylonian and Sumerian Predecessors,1983,,Optica Publishing Group,https://doi.org/10.1364/josa.73.001216,10.1364/josa.73.001216
Geere1904_ByNileandE,Geere,By Nile and Euphrates: A Record of Discovery and Adventure,1904,,,https://openalex.org/W637328906,https://doi.org/10.2307/198642
Gerardi1984_ABibliogra,Gerardi,A Bibliography of the Tablet Collections of the University Museum,1984,,,https://openalex.org/W2084704782,https://doi.org/10.2307/603657
Goetze1951_AMathemati,Goetze,A Mathematical Compendium from Tell Harmal,1951,,,https://openalex.org/W4242918116,https://doi.org/10.7551/mitpress/11805.001.0001
Gordon1959_SumerianPr,Gordon,Sumerian Proverbs: Glimpses of Everyday Life in Ancient Mesopotamia,1959,,University of Pennsylvania Press,https://doi.org/10.9783/9781512816372,10.9783/9781512816372
Hilprecht1903_DieAusgrab,Hilprecht,Die Ausgrabungen der Universität von Pennsylvania im Bel-Tempel zu Nippur: Ein Vortrag,1903,,,,
Hilprecht1906_Mathematic,Hilprecht,"Mathematical, Metrological and Chronological Tablets from the Temple Library of Nippur",1906,,University of Pennsylvania Press,https://doi.org/10.9783/9781512816907,10.9783/9781512816907
Hilprecht1908_TheSoCalle,Hilprecht,The So-Called Peters–Hilprecht Controversy,1908,,University of Chicago Press,https://doi.org/10.1086/369610,10.1086/369610
Horowitz1993_TheReverse,Horowitz,"The Reverse of the Neo-Assyrian Planisphere CT 33, 11",1993,,,,
Hoyrup1990_Algebraand,Høyrup,Algebra and Naive Geometry,1990,,Walter de Gruyter GmbH,https://doi.org/10.1524/aofo.1990.17.12.27,10.1524/aofo.1990.17.12.27
Hoyrup1999_TheFinerSt,Høyrup,The Finer Structure of the Old Babylonian Mathematical Corpus,1999,,,https://openalex.org/W2790232637,
Hoyrup0_LengthsWid,Høyrup,"Lengths, Widths, Surfaces: A Portrait of Old Babylonian Algebra and Its Kin",0000,,,https://openalex.org/W622911712,https://doi.org/10.33137/aestimatio.v1i0.25648
Kilmer1960_TwoNewList,Kilmer,Two New Lists of Key Numbers for Mathematical Operations,1960,,,https://openalex.org/W2582743722,https://doi.org/10.32614/r.manuals
Kilmer1980_Leier,Kilmer,Leier,1980,,,https://openalex.org/W434876136,
Kuklick1996_Puritansin,Kuklick,"Puritans in Babylon: The Ancient Near East and American Intellectual Life, 1880–1930",1996,,Oxford University Press (OUP),https://doi.org/10.2307/2152104,10.2307/2152104
Liverani1990_TheShapeof,Liverani,The Shape of Neo-Sumerian Fields,1990,,,https://openalex.org/W2060287878,https://doi.org/10.4312/dp.37.21
McCown1967_NippurITem,McCown,"Nippur I: Temple of Enlil, Scribal Quarter and Soundings",1967,,,https://openalex.org/W2312252370,https://doi.org/10.2307/503522
Muroi1988_Extraction,Muroi,Extraction of Cube Roots in Babylonian Mathematics,1988,,Brepols Publishers NV,https://doi.org/10.1111/j.1600-0498.1988.tb00736.x,10.1111/j.1600-0498.1988.tb00736.x
Myer1992_JosephAndr,Myer,"Joseph Andrew Meyer, Jr.: Architect at Niffer",1992,,,,
Neugebauer1935_Mathematis,Neugebauer,Mathematische Keilschrift-Texte I–III,1935,"Berlin, Heidelberg",Springer Berlin Heidelberg,https://doi.org/10.1007/978-3-662-32794-4,10.1007/978-3-662-32794-4
Neugebauer1984_Mathematic,Neugebauer,Mathematical and Metrological Texts,1984,,University of Chicago Press,https://doi.org/10.2307/1360058,10.2307/1360058
Nissen1993_ArchaicBoo,Nissen,Archaic Bookkeeping,1993,,,https://openalex.org/W2043964526,
Peters1897_NippurorEx,Peters,"Nippur, or Explorations and Adventures on the Euphrates",1897,,,https://openalex.org/W2317861292,https://doi.org/10.2307/1832509
Powell1987_MasseundGe,Powell,Maße und Gewichte,1987,,,https://openalex.org/W497601519,https://doi.org/10.1007/978-3-662-36247-1_15
Robson1998_Countingin,Robson,Counting in Cuneiform,1998,,,https://openalex.org/W2322961430,https://doi.org/10.2307/530080
Rochberg-Halton1983_StellarDis,Rochberg-Halton,Stellar Distances in Early Babylonian Astronomy,1983,,University of Chicago Press,https://doi.org/10.1086/373020,10.1086/373020
Sachs1947_Babylonian,Sachs,Babylonian Mathematical Texts I,1947,,University of Chicago Press,https://doi.org/10.2307/1359434,10.2307/1359434
Steele1951_Writingand,Steele,Writing and History: The New Tablets from Nippur,1951,,Wiley,https://doi.org/10.1111/j.1559-3584.1951.tb02926.x,10.1111/j.1559-3584.1951.tb02926.x
Westenholz1992_TheEarlyEx,Westenholz,The Early Excavators of Nippur,1992,,,https://openalex.org/W48197519,
Ali1964_SumerianLe,Ali,Sumerian Letters: Two Collections from the Old Babylonian Schools,1964,,Elsevier BV,https://doi.org/10.1016/0029-5582(64)90171-3,10.1016/0029-5582(64)90171-3
Black1998_TheElectro,Black,The Electronic Text Corpus of Sumerian Literature,1998,,JSTOR,https://doi.org/10.2307/526839,10.2307/526839
Cavigneaux1999_AScholarsL,Cavigneaux,A Scholar’s Library in Meturan? With an Edition of the Tablet H 72 (Textes de Tell Haddad VII,1999,,,https://openalex.org/W4252712601,https://doi.org/10.1163/9789004496293_018
Cavigneaux2000_Einaltbaby,Cavigneaux,Ein altbabylonischer Gilgameš-Text aus Nippur,2000,,BRILL,https://doi.org/10.1163/9789004496286,10.1163/9789004496286
Dekiere1994_Lagenealog,Dekiere,"La généalogie d’Ur-Utu, gala-mah à Sippar-Amnanum",1994,,,,
Gadd1966_Literaryan,Gadd,Literary and Religious Texts: Second Part,1966,,,https://openalex.org/W1596126071,
Gasche1998_DatingtheF,Gasche,Dating the Fall of Babylon: A Reappraisal of Second-Millennium Chronology,1998,,,https://openalex.org/W1246358503,
Gasche1991_Aproposdel,Gasche,À propos de la durée de vie d’une maison paléo-babylonienne en briques crues,1991,,,,
Gibson2001_NippurBArc,Gibson,Nippur B. Archäologisch,2001,,,,
Heimerdinger1979_SumerianLi,Heimerdinger,Sumerian Literary Fragments from Nippur. Occasional Publications of the Babylonian Fund 4,1979,,,https://openalex.org/W2600110752,https://doi.org/10.5356/orient.49.115
Janssen1991_eiltampata,Janssen,e’iltam patarum: awat hade!,1991,,,,
Janssen1992_Inannamans,Janssen,Inanna-mansum et ses fils,1992,,PERSEE Program,https://doi.org/10.3406/ds.1992.1257,10.3406/ds.1992.1257
Janssen1996_WhentheHou,Janssen,When the House Is on Fire and the Children Are Gone,1996,,SAGE Publications,https://doi.org/10.1016/s0266-7681(96)80024-6,10.1016/s0266-7681(96)80024-6
Janssen1994_Duchantier,Janssen,Du chantier à la tablette,1994,,,https://openalex.org/W2266811020,
Postgate1990_Archaeolog,Postgate,Archaeology and the Texts—Bridging the Gap,1990,,Walter de Gruyter GmbH,https://doi.org/10.1515/zava.1990.80.1-2.228,10.1515/zava.1990.80.1-2.228
Tanret1993_Ritualsand,Tanret,Rituals and Profits in the Ur-Utu Archive,1993,,,https://openalex.org/W2522878279,
Lerberghe1991_SipparAmna,Lerberghe,"Sippar-Amnanum: The Ur-Utu Archive. Mesopotamian History and Environment, Series III, Texts 1",1991,,,https://openalex.org/W2228674417,
Veldhuis1997_ReviewofCa,Veldhuis,Review of Cavigneaux 1996,1997,,,https://openalex.org/W856261079,https://doi.org/10.1371/journal.pntd.0003866
Walker1995_Mesopotami,Walker,Mesopotamian Chronology,1995,,,https://openalex.org/W2319064212,https://doi.org/10.2307/4199528
Wilcke2000_Werlasunds,Wilcke,Wer las und schrieb in Babylonien und Assyrien,2000,,,https://openalex.org/W1493708889,https://doi.org/10.1017/s0265052522000140
Unknown1991_PrincesPat,Unknown,"Princes, Patronage, and the Nobility: The Court at the Beginning of the Modern Age",1991,,,https://openalex.org/W2043652515,https://doi.org/10.2307/206353
Unknown2001_TheProsopo,Unknown,The Prosopography of the Neo-Assyrian Empire,2001,,,https://openalex.org/W3104629850,
Unknown2005_Patronatea,Unknown,Patronate and Patronage in Early and Classical Islam,2005,,,https://openalex.org/W2150120872,https://doi.org/10.1163/9789047416524
Bottero1992_Mesopotami,Bottéro,"Mesopotamia: Writing, Reasoning, and the Gods",1992,,,https://openalex.org/W1508042129,https://doi.org/10.5860/choice.30-2269
Brentjes2009_Patronageo,Brentjes,Patronage of the Mathematical Sciences in Islamic Societies,2009,,Elsevier,https://doi.org/10.1016/b978-008044910-4.00002-x,10.1016/b978-008044910-4.00002-x
Unknown2001_ChangingIm,Unknown,Changing Images of Mathematics in History: From the French Revolution to the New Millennium,2001,,Office of Scientific and Technical Information (OSTI),https://doi.org/10.2172/801224,10.2172/801224
Fales1997_TheImpacto,Fales,The Impact of Oracular Materials on the Political Utterances and Political Actions of the Sargonid Dynasty,1997,,,https://openalex.org/W3113917287,
Fincke2004_TheBritish,Fincke,The British Museum’s Ashurbanipal Library Project,2004,,JSTOR,https://doi.org/10.2307/4200559,10.2307/4200559
Hardwig1991_TheRoleofT,Hardwig,The Role of Trust in Knowledge,1991,,Philosophy Documentation Center,https://doi.org/10.2307/2027007,10.2307/2027007
Heessel2000_Babylonisc,Heeßel,Babylonisch-assyrische Diagnostik. Alter Orient und Altes Testament 43,2000,,,https://openalex.org/W2316259252,https://doi.org/10.1017/s002572730000140x
Hunger1992_Astrologic,Hunger,Astrological Reports to Assyrian Kings. State Archives of Assyria 8,1992,,Elsevier BV,https://doi.org/10.1016/0009-2614(92)85397-s,10.1016/0009-2614(92)85397-s
Jean2006_Lamagieneo,Jean,La magie néo-assyrienne en contexte. State Archives of Assyria Studies 17,2006,,Consortium Erudit,https://doi.org/10.7202/016184ar,10.7202/016184ar
Jeyes1991_Divination,Jeyes,Divination as a Science in Ancient Mesopotamia,1991,,,https://openalex.org/W4250330093,https://doi.org/10.1163/ej.9789004183896.i-445
Jeyes1997_Assurbanip,Jeyes,Assurbanipal’s bārûtu,1997,,,,
Koch-Westenholz1995_Mesopotami,Koch-Westenholz,Mesopotamian Astrology: An Introduction to Babylonian and Assyrian Celestial Divination,1995,,S. Karger AG,https://doi.org/10.1159/000196485,10.1159/000196485
Koch-Westenholz2000_Babylonian,Koch-Westenholz,Babylonian Liver Omens,2000,,JSTOR,https://doi.org/10.2307/605038,10.2307/605038
Koch2005_SecretsofE,Koch,Secrets of Extispicy,2005,,,https://openalex.org/W574367989,
Lambert1997_QuestionsA,Lambert,Questions Addressed to the Babylonian Oracle: The tāmītu Texts,1997,,BRILL,https://doi.org/10.1163/9789004676572_003,10.1163/9789004676572_003
Lambert1998_TheQualifi,Lambert,The Qualifications of Babylonian Diviners,1998,,BRILL,https://doi.org/10.1163/9789004676602_011,10.1163/9789004676602_011
Lambert2007_Babylonian,Lambert,Babylonian Oracle Questions,2007,"Berlin, Heidelberg",Springer Berlin Heidelberg,https://doi.org/10.1007/978-3-540-30760-0_10,10.1007/978-3-540-30760-0_10
Larsen1987_TheMesopot,Larsen,The Mesopotamian Lukewarm Mind,1987,,,https://openalex.org/W593089246,https://doi.org/10.33137/aestimatio.v9i0.25982
Leichty1970_TheOmenSer,Leichty,The Omen Series Šumma Izbu. Texts from Cuneiform Sources 4,1970,,,,
Lipton1998_TheEpistem,Lipton,The Epistemology of Testimony,1998,,Elsevier BV,https://doi.org/10.1016/s0039-3681(97)00022-8,10.1016/s0039-3681(97)00022-8
Lohnert2007_TheInstall,Löhnert,The Installation of Priests According to Neo-Assyrian Documents,2007,,,https://openalex.org/W2342901194,https://doi.org/10.5282/ubm/epub.27695
Maul1994_Zukunftsbe,Maul,Zukunftsbewältigung. Baghdader Forschungen 18,1994,,,,
Maul2003_OminaundOr,Maul,Omina und Orakel,2003,,Walter de Gruyter GmbH,https://doi.org/10.1515/zgre.2003.029,10.1515/zgre.2003.029
Oppenheim1977_AncientMes,Oppenheim,Ancient Mesopotamia: Portrait of a Dead Civilization,1977,,University of Chicago Press,https://doi.org/10.7208/chicago/9780226177670.001.0001,10.7208/chicago/9780226177670.001.0001
Park1963_Divination,Park,Divination and Its Social Contexts,1963,,JSTOR,https://doi.org/10.2307/2844242,10.2307/2844242
Parpola1970_Lettersfro,Parpola,Letters from Assyrian Scholars to the Kings Esarhaddon and Assurbanipal,1970,,University of Oslo Library,https://doi.org/10.5617/ao.5167,10.5617/ao.5167
Parpola1993_Lettersfro,Parpola,Letters from Assyrian and Babylonian Scholars,1993,,University of Chicago Press,https://doi.org/10.1086/373622,10.1086/373622
Pecirkova1985_Divination,Pečírková,Divination and Politics in the Late Assyrian Empire,1985,,,https://openalex.org/W2601646975,https://doi.org/10.1086/690464
Radner2007_Knowledgea,Radner,Knowledge and Power in the Neo-Assyrian Empire,2007,,,https://openalex.org/W155739823,
Robson2008_Mesopotami,Robson,Mesopotamian Medicine and Religion,2008,,Wiley,https://doi.org/10.1111/j.1749-8171.2008.00082.x,10.1111/j.1749-8171.2008.00082.x
Rochberg2004_TheHeavenl,Rochberg,The Heavenly Writing,2004,,Cambridge University Press,https://doi.org/10.1017/cbo9780511617409,10.1017/cbo9780511617409
Shapin1982_HistoryofS,Shapin,History of Science and Its Sociological Reconstruction,1982,,SAGE Publications,https://doi.org/10.1177/007327538202000301,10.1177/007327538202000301
Shapin1989_TheInvisib,Shapin,The Invisible Technician,1989,,,https://openalex.org/W1889229194,
Shapin1994_ASocialHis,Shapin,A Social History of Truth,1994,,University of Chicago Press,https://doi.org/10.7208/chicago/9780226148847.001.0001,10.7208/chicago/9780226148847.001.0001
Starr1990_Queriestot,Starr,Queries to the Sungod. State Archives of Assyria 4,1990,,IEEE,https://doi.org/10.1109/solsen.1990.109817,10.1109/solsen.1990.109817
Starr1992_Chapters1a,Starr,Chapters 1 and 2 of the bārûtu,1992,,,,
Steinkeller2005_OfStarsand,Steinkeller,Of Stars and Men,2005,,,https://openalex.org/W2799135456,
Traweek1988_Beamtimesa,Traweek,Beamtimes and Lifetimes,1988,,Harvard University Press,https://doi.org/10.4159/9780674044449,10.4159/9780674044449
Veldhuis1995_OnInterpre,Veldhuis,On Interpreting Mesopotamian Namburbi Rituals,1995,,,https://openalex.org/W2507429010,
Unknown1989_Patronagei,Unknown,Patronage in Ancient Society,1989,,,https://openalex.org/W4230973007,https://doi.org/10.5860/choice.27-0773
Westbrook2005_Patronagei,Westbrook,Patronage in the Ancient Near East,2005,,Walter de Gruyter GmbH,https://doi.org/10.1163/1568520054127121,10.1163/1568520054127121
Adams1993_ANewModelf,Adams,A New Model for the Study of the Book,1993,,SAGE Publications,https://doi.org/10.1177/002096430004700112,10.1177/002096430004700112
Unknown1987_Excavation,Unknown,"Excavations in Iraq, 1985–86",1987,,,https://openalex.org/W4253259471,https://doi.org/10.1017/s0021088900006653
Beaulieu2006_TheAstrono,Beaulieu,The Astronomers of the Esagil Temple in the Fourth Century BC,2006,,BRILL,https://doi.org/10.1163/9789047408239_006,10.1163/9789047408239_006
Black2009_TheLibrari,Black,The Libraries of Kalḫu,2009,,,,
Britton1993_Scientific,Britton,Scientific Astronomy in Pre-Seleucid Babylon,1993,,,https://openalex.org/W1536656927,https://doi.org/10.5117/9789089640789
Cavigneaux1981_Textesscol,Cavigneaux,Textes scolaires du temple de Nabû ša ḫarê. Texts from Babylon 1,1981,,,,
Darnton1982_WhatIstheH,Darnton,What Is the History of Books?,1982,,JSTOR,https://doi.org/10.2307/25140165,10.2307/25140165
Darnton2007_WhatIstheH,Darnton,‘What Is the History of Books?’ Revisited,2007,,Cambridge University Press (CUP),https://doi.org/10.1017/s1479244307001370,10.1017/s1479244307001370
Dijk1980_Texteausde,Dijk,Texte aus dem Rēš-Heiligtum in Uruk-Warka,1980,,,https://openalex.org/W576527159,
Edzard1997_GudeaandHi,Edzard,Gudea and His Dynasty,1997,,University of Toronto Press,https://doi.org/10.3138/9781442675551,10.3138/9781442675551
Fahdil1998_DerPrologd,Fahdil,Der Prolog des Kodex Hammurabi in einer Abschrift aus Sippar,1998,,,https://openalex.org/W2500870232,https://doi.org/10.1515/9783110222128.77
Fahdil2008_TheCulticL,Fahdil,The Cultic Lament ‘a gal-gal buru14 su-su’ in a Manuscript from the Sippar Library,2008,,,,
Frahm2004_RoyalHerme,Frahm,Royal Hermeneutics: Observations on the Commentaries from Assurbanipal’s Libraries at Nineveh,2004,,,,
Frayne1997_UrIIIPerio,Frayne,Ur III Period (2112–2004 BC,1997,,,,
Freedman2006_IfaCityIsS,Freedman,If a City Is Set on a Height: The Akkadian Omen Series Šumma ālu ina mēlê šakin,2006,,,,
George1986_TheTopogra,George,The Topography of Babylon Reconsidered,1986,,,,
Gesche2001_Schulunter,Gesche,Schulunterricht in Babylonien im ersten Jahrtausend v,2001,,,,
Gurney1997_ScribesatH,Gurney,Scribes at Ḫuzirina,1997,,,,
Gurney1957_TheSultant,Gurney,The Sultantepe Tablets,1957,,,,
Gurney1964_TheSultant,Gurney,The Sultantepe Tablets,1964,,,,
Heessel2008_Astrologic,Heeßel,Astrological Medicine in Babylonia,2008,,,,
Houston2009_Papyrologi,Houston,Papyrological Evidence for Book Collections and Libraries in the Roman Empire,2009,,,,
Hunger1976_Spatbabylo,Hunger,Spätbabylonische Texte aus Uruk,1976,,,,
Hunger2001_Astronomic,Hunger,Astronomical Diaries and Related Texts from Babylonia,2001,,,,
Ismail1999_Tabletfrom,Ismail,Tablet from the Sippar Library: Dating for Two Sumerian Kings,1999,,,,
Latour1987_ScienceinA,Latour,Science in Action,1987,,,,
Livingstone2003_PuttingSci,Livingstone,Putting Science in Its Place,2003,,,,
Lloyd1953_Sultantepe,Lloyd,"Sultantepe: Anglo-Turkish Joint Excavations, 1952",1953,,,,
Maul2003_WiedieBibl,Maul,Wie die Bibliothek eines assyrischen Gelehrten wiederersteht,2003,,,,
Maul2010_DieTontafe,Maul,Die Tontafelbibliothek aus dem sogenannten ‘Haus des Beschwörungspriesters.’,2010,,,,
Michalowski1995_SailingtoB,Michalowski,"Sailing to Babylon, Reading the Dark Side of the Moon",1995,,,,
Oppenheim1960_Assyriolog,Oppenheim,Assyriology: Why and How?,1960,,,,
Pedersen1985_Archivesan,Pedersen,Archives and Libraries in the City of Assur,1985,,,,
Robson2007_GenderedLi,Robson,Gendered Literacy and Numeracy in the Sumerian Literary Corpus,2007,,,,
Robson2007_Secretsdef,Robson,Secrets de famille,2007,,,,
Robson2009_ReviewofLa,Robson,"Review of Lambert, Babylonian Oracle Questions",2009,,,,
Rochberg1984_Canonicity,Rochberg,Canonicity in Cuneiform Texts,1984,,,,
Rochberg1998_Babylonian,Rochberg,Babylonian Horoscopes,1998,,,,
Scurlock2005_Sorceryint,Scurlock,Sorcery in the Stars,2005,,,,
Soldt1995_SolarOmens,Soldt,Solar Omens of Enūma Anu Enlil,1995,,,,
Stevens2009_Secretsint,Stevens,Secrets in the Library,2009,,,,
Strassmaier1889_Inschrifte,Strassmaier,Inschriften von Nabuchodonosor,1889,,,,
Thureau-Dangin1922_Tablettesd,Thureau-Dangin,Tablettes d’Uruk. Textes Cunéiformes du Louvre 6,1922,,,,
Veldhuis1998_TINTIRBaby,Veldhuis,TIN.TIR = Babylon,1998,,,,
Weiher1982_Spatbabylo,Weiher,Spätbabylonische Texte aus Uruk,1982,,,,
Weiher1988_Spatbabylo,Weiher,Spätbabylonische Texte aus Uruk,1988,,,,
Weiher1993_Spatbabylo,Weiher,Spätbabylonische Texte aus dem Planquadrat U 18,1993,,,,
Weiher1998_Spatbabylo,Weiher,Spätbabylonische Texte aus dem Planquadrat U 18,1998,,,,
Wiseman1996_LiteraryTe,Wiseman,Literary Texts from the Temple of Nabû. Cuneiform Texts from Nimrud 4,1996,,,,
Anbar1975_Textesdele,Anbar,Textes de l’époque babylonienne ancienne,1975,,,,
Graef2002_AnAccounto,Graef,An Account of the Redistribution of Land to Soldiers in Late Old Babylonian Sippar Amnānum,2002,,,,
Edzard1971_Altbabylon,Edzard,Altbabylonische Rechts- und Wirtschaftsurkunden aus Tell ed-Dēr bei Sippar (BAW Abhandlungen NF 72,1971,,,,
Klengel1994_RichterSip,Klengel,Richter Sippars in der Zeit des Ammisaduqa: ein neuer Text,1994,,,,
Lion2001_DameInanna,Lion,"Dame Inanna-ama-mu, scribe à Sippar",2001,,,,
Dekiere1994_OldBabylon,Dekiére,Old Babylonian Real Estate Documents from Sippar in the British Museum,1994,,,,
Gasche1993_Outilsbibl,Gasche,Outils bibliographiques,1993,,,,
Tanret2001_AsYearsWen,Tanret,As Years Went By in Sippar-Amnānum,2001,,,,
Tanret2004_Verbavolan,Tanret,"Verba volant, scripta non manent. Tablettes nomades dans les archives des gala.mab à Sippar-Amnānum",2004,,,,
Tanret2004_Puzzlingwi,Tanret,Puzzling with Numbers. The Late Old Babylonian si.bi Clause,2004,,,,
Tanret1993_Priestsand,Tanret,Priests and Profits,1993,,,,
Yoffee1977_TheEconomi,Yoffee,The Economic Role of the Crown in the Old Babylonian Period (Bibliotheca Mesopotamica 5,1977,,,,
Barberon2005_Quandlamer,Barberon,Quand la mère est une religieuse,2005,,,,
Bourdieu1970_Lareproduc,Bourdieu,La reproduction: éléments pour une théorie du système d’enseignement,1970,,,,
Charpin1988_Sippardeux,Charpin,Sippar: deux villes jumelles,1988,,,,
Meyer1982_Deuxpriere,Meyer,Deux prières ikribu du temps d’Ammi-ṣaduqa,1982,,,,
Meyer1989_LedieuNins,Meyer,Le dieu Ninsianna ou l’art de transposer les logogrammes,1989,,,,
Meyer1989_Unelettred,Meyer,Une lettre d’Ur-Utu Galamah à une divinité,1989,,,,
Janssen1991_Eiltampata,Janssen,"E’iltam paṭārum: awāt hadê!” In Mésopotamie et Elam: Actes de la XXXVIe Rencontre Assyriologique Internationale, Gand, 10–14 juillet 1989 (Mesopotamian History and Environment",1991,,,,
Janssen1993_Debrievenv,Janssen,De brieven van het Ur-Utu archief [The Letters from the Ur-Utu Archive,1993,,,,
Civil1975_Lexicograp,Civil,Lexicography,1975,,,,
Gadd1963_UrExcavati,Gadd,Ur Excavations Texts,1963,,,,
Ghirshman1965_Suseautemp,Ghirshman,Suse au temps des sukkalmah. Campagne des fouilles 1963–1964: Rapport préliminaire,1965,,,,
Hilprecht1903_Exploratio,Hilprecht,Exploration in Bible Lands during the Nineteenth Century,1903,,,,
Michalowski1995_SumerianLi,Michalowski,Sumerian Literature: An Overview,1995,,,,
Robson1995_ReviewofNe,Robson,"Review of Nemet-Nejat, Cuneiform Mathematical Texts",1995,,,,
Tinney1995_OnthePoetr,Tinney,On the Poetry for King Ishme-Dagan,1995,,,,
Vanstiphout1978_LipitEshta,Vanstiphout,Lipit-Eshtar’s Praise in the Edubba,1978,,,,
Ambos2004_Mesopotami,Ambos,Mesopotamische Baurituale aus dem 1. Jahrtausend v,2004,,,,
Banks1912_Bismyaorth,Banks,Bismya or the Lost City of Adab,1912,,,,
Beaulieu1994_Antiquaria,Beaulieu,Antiquarianism and the Concern for the Past in the Neo-Babylonian Period,1994,,,,
Sarzec1884_Decouverte,Sarzec,Découvertes en Chaldée,1884,,,,
Dunham1986_SumerianWo,Dunham,Sumerian Words for Foundation,1986,,,,
Foucault1969_Larcheolog,Foucault,L’archéologie du savoir,1969,,,,
Frayne2008_Presargoni,Frayne,Presargonic Period (2700–2350 BC,2008,,,,
Haines1956_WhereaGodd,Haines,Where a Goddess of Love and War Was Worshipped 4000 Years Ago,1956,,,,
Haines1958_FurtherExc,Haines,Further Excavations at the Temple of Inanna,1958,,,,
Hallo1962_TheRoyalIn,Hallo,The Royal Inscriptions of Ur: A Typology,1962,,,,
Hansen1970_AlHiba1968,Hansen,"Al-Hiba, 1968–1969, a Preliminary Report",1970,,,,
Hansen1992_RoyalBuild,Hansen,Royal Building Activity at Sumerian Lagash in the Early Dynastic Period,1992,,,,
Hilgert2010_TextAnthro,Hilgert,‘Text-Anthropologie’: Die Erforschung von Materialität und Präsenz des Geschriebenen als hermeneutische Strategie,2010,,,,
Mecquenem1911_Constructi,Mecquenem,Constructions élamites du Tell de l’Acropole de Suse,1911,,,,
Muscarella1988_BronzeandI,Muscarella,Bronze and Iron: Ancient Near Eastern Artifacts in the Metropolitan Museum of Art,1988,,,https://openalex.org/W1971144256,https://doi.org/10.2307/530013
Parrot1948_TelloVingt,Parrot,Tello: Vingt campagnes de fouilles (1877–1933,1948,,,https://openalex.org/W2095269204,https://doi.org/10.2307/500450
Pearce2010_Materialso,Pearce,Materials of Writing and Materiality of Knowledge,2010,London,Palgrave Macmillan UK,https://doi.org/10.1057/9780230277342_2,10.1057/9780230277342_2
Porter1993_ImagesPowe,Porter,"Images, Power, and Politics: Figurative Aspects of Esarhaddon’s Babylonian Policy",1993,,The American Philosophical Society Press,https://doi.org/10.70249/9798893980950,10.70249/9798893980950
Rashid1983_Grundungsf,Rashid,Gründungsfiguren im Iraq. Prähistorische Bronzefunde 1/2. Munich,1983,,,,
Schaudig2003_Nabonidder,Schaudig,"Nabonid, der ‘Archäologe auf dem Königsthron.’",2003,,,,
Suter2000_GudeasTemp,Suter,Gudea’s Temple Building: The Representation of an Early Mesopotamian Ruler in Text and Image,2000,,BRILL,https://doi.org/10.1163/9789004496279,10.1163/9789004496279
Thomason2005_LuxuryandL,Thomason,Luxury and Legitimation: Royal Collecting in Ancient Mesopotamia,2005,,Cambridge University Press (CUP),https://doi.org/10.1353/lan.2005.0207,10.1353/lan.2005.0207
Weisberg1998_TheAntiqua,Weisberg,The ‘Antiquarian’ Interests of the Neo-Babylonian Kings,1998,,,https://openalex.org/W4252444351,https://doi.org/10.5325/j.ctv1bxgwk5.13
Wengrow2005_Violencein,Wengrow,Violence into Order: Materiality and Sacred Power in Ancient Iraq,2005,,,https://openalex.org/W566027971,
Wilson2012_BismayaRec,Wilson,Bismaya: Recovering the Lost City of Adab,2012,,Informa UK Limited,https://doi.org/10.1080/15332691.2012.718975,10.1080/15332691.2012.718975
Winter2000_Babylonian,Winter,Babylonian Archaeologists of the(ir) Mesopotamian Past,2000,,Wiley,https://doi.org/10.2307/177516,10.2307/177516
Woolley1926_TheExcavat,Woolley,"The Excavations at Ur, 1925–26",1926,,Cambridge University Press (CUP),https://doi.org/10.1017/s0003581500056833,10.1017/s0003581500056833
Woolley1939_TheZiggura,Woolley,The Ziggurat and Its Surroundings,1939,,,https://openalex.org/W372684346,
Woolley1962_TheNeoBaby,Woolley,The Neo-Babylonian and Persian Periods,1962,,,https://openalex.org/W588049312,
Woolley1974_TheBuildin,Woolley,The Buildings of the Third Dynasty,1974,,,https://openalex.org/W438332483,
Zettler1986_Frombeneat,Zettler,From beneath the Temple: Inscribed Objects from Ur,1986,,,https://openalex.org/W332827492,
Zettler1992_TheUrIIIIn,Zettler,The Ur III Inanna Temple at Nippur. Berliner Beiträge zum Vorderen Orient 11,1992,,,,
Alster1983_EnlilandNi,Alster,Enlil and Ninlil: The Marriage of Sud,1983,,,https://openalex.org/W2315354196,https://doi.org/10.2307/601859
Andre-Salvini1999_Lestablett,André-Salvini,Les tablettes cunéiformes de Qalʿat al-Bahreïn,1999,,Peeters Publishers,https://doi.org/10.2143/ja.287.1.556493,10.2143/ja.287.1.556493
Black1994_TheFarmers,Black,The Farmer’s Instructions,1994,,,https://openalex.org/W2754458654,https://doi.org/10.1108/ijccsm-03-2017-0059
Black1987_SumerianRi,Black,Sumerian Riddles: A Corpus,1987,,,https://openalex.org/W2470972831,
Cole1996_NippurinLa,Cole,Nippur in Late Assyrian Times. State Archives of Assyria Studies 4,1996,,Informa UK Limited,https://doi.org/10.1080/00779962.1996.9722030,10.1080/00779962.1996.9722030
Cooper1996_Miettesdel,Cooper,Miettes de l’edubba,1996,,Editorial CSIC,https://doi.org/10.3989/hispania.1996.v56.i193.733,10.3989/hispania.1996.v56.i193.733
Cooper1978_TheReturno,Cooper,The Return of Ninurta to Nippur,1978,,,https://openalex.org/W2331435877,https://doi.org/10.2307/1356941
Dijk1983_LUGALUDMEL,Dijk,"LUGAL UD ME-LAM-bi NIR-GAL: Le récit épique et didactique des Travaux de Ninurta, du Déluge et de la Nouvelle Création",1983,,BRILL,https://doi.org/10.1163/9789004653597,10.1163/9789004653597
Eidem1997_CuneiformI,Eidem,Cuneiform Inscriptions,1997,,,https://openalex.org/W3120866798,https://doi.org/10.1038/scientificamerican07161892-13785supp
Finkel1986_OntheSerie,Finkel,On the Series of Sidu,1986,,Walter de Gruyter GmbH,https://doi.org/10.1515/za-1986-760230,10.1515/za-1986-760230
George1999_TheEpicofG,George,The Epic of Gilgamesh,1999,,JSTOR,https://doi.org/10.2307/4352335,10.2307/4352335
Hilgert1998_DrehemAdmi,Hilgert,Drehem Administrative Documents from the Reign of Šulgi,1998,,,https://openalex.org/W623194687,
Koldewey1908_AusdenBeri,Koldewey,Aus den Berichten Professor Dr. Koldeweys aus Babylon,1908,,,https://openalex.org/W1252365803,https://doi.org/10.17615/70j0-ks86
Kraus1985_Mittelbaby,Kraus,Mittelbabylonische Opferschauprotokolle,1985,,University of Chicago Press,https://doi.org/10.2307/1359867,10.2307/1359867
McEwan1986_ReviewofJe,McEwan,"Review of Jean-Marie Durand, Textes babyloniens d’époque récente",1986,,Institution of Engineering and Technology (IET),https://doi.org/10.1049/ip-h-2.1986.0043,10.1049/ip-h-2.1986.0043
Reiner1987_OntheEarly,Reiner,On the Early History of the Eršahunga Prayer,1987,,Ovid Technologies (Wolters Kluwer Health),https://doi.org/10.1097/00006676-198707000-00002,10.1097/00006676-198707000-00002
Reiner1998_Literature,Reiner,Literature as a Source of Lexical Inspiration: Some Notes on a Hymn to the Goddess Inanna,1998,"Berlin, Heidelberg",Springer Berlin Heidelberg,https://doi.org/10.1007/3-540-69778-0_21,10.1007/3-540-69778-0_21
Sassmannshausen1994_Einungewoh,Sassmannshausen,Ein ungewöhnliches mittelbabylonisches Urkundenfragment aus Nippur,1994,,,,
Sjoberg1975_Inninmagur,Sjöberg,In-nin ma-gur4-ra: A Hymn to the Goddess Inanna by the En-Priestess Enheduanna,1975,,Walter de Gruyter GmbH,https://doi.org/10.1515/zava.1975.65.2.161,10.1515/zava.1975.65.2.161
Stol1980_Lederindus,Stol,Leder(industrie,1980,,,https://openalex.org/W2125683597,https://doi.org/10.1002/ange.192003310203
Tigay1982_TheEvoluti,Tigay,The Evolution of the Gilgamesh Epic,1982,,,https://openalex.org/W4300885349,https://doi.org/10.2307/602207
Veldhuis1999_ReviewofSi,Veldhuis,"Review of Simo Parpola, The Standard Babylonian Epic of Gilgamesh",1999,,,https://openalex.org/W1506000558,
Archi1973_FromEnkisH,Archi,From Enki’s Headaches to Phonology,1973,,,,
Archi1987_TheSignlis,Archi,The ‘Sign-list’ from Ebla,1987,,,https://openalex.org/W2096588186,https://doi.org/10.1371/journal.pmed.1001244
Bauer1994_TheFarmers,Bauer,The Farmer’s Instructions: A Sumerian Agricultural Manual,1994,,Elsevier BV,https://doi.org/10.1016/s0022-3476(94)70313-2,10.1016/s0022-3476(94)70313-2
Bauer1998_Dervorsarg,Bauer,Der vorsargonische Abschnitt der mesopotamischen Geschichte,1998,,JSTOR,https://doi.org/10.2307/407731,10.2307/407731
Bauer2002_TheForerun,Bauer,The Forerunners of Maru and Hamtu in Old Babylonian,2002,,Elsevier BV,https://doi.org/10.1016/s0010-0277(02)00007-0,10.1016/s0010-0277(02)00007-0
Civil1961_TheHomeoft,Civil,The Home of the Fish: A New Sumerian Literary Composition,1961,,JSTOR,https://doi.org/10.2307/4199704,10.2307/4199704
Cohen1988_TheCanonic,Cohen,The Canonical Lamentations of Ancient Mesopotamia,1988,,SAGE Publications,https://doi.org/10.1177/105345128802300307,10.1177/105345128802300307
Maaijer1999_IBTURTumma,Maaijer,IB.TUR = Tummal,1999,,,,
Englund1995_TheresaRat,Englund,There’s a Rat in My Soup!,1995,,Walter de Gruyter GmbH,https://doi.org/10.1524/aofo.1995.22.1.37,10.1524/aofo.1995.22.1.37
Farber1977_Beschworun,Farber,Beschwörungsrituale an Ištar und Dumuzi,1977,,JSTOR,https://doi.org/10.2307/4200070,10.2307/4200070
Finkel1998_AStudyinSc,Finkel,A Study in Scarlet: Incantations against Samana,1998,,BRILL,https://doi.org/10.1163/9789004676602_007,10.1163/9789004676602_007
Geller1985_Forerunner,Geller,Forerunners to Udug-Hul: Sumerian Exorcistic Incantations,1985,,,https://openalex.org/W573768450,
George1999_TheDogsofN,George,The Dogs of Ninkilim: Magic against Field Pests in Ancient Mesopotamia,1999,,Sigma Xi,https://doi.org/10.1511/1999.5.446,10.1511/1999.5.446
Hallo1970_TheCulticS,Hallo,The Cultic Setting of Sumerian Poetry,1970,,,https://openalex.org/W3194220247,
Heimpel1968_Tierbilder,Heimpel,Tierbilder in der sumerischen Literatur,1968,,JSTOR,https://doi.org/10.2307/2592761,10.2307/2592761
Jacobsen2000_Ningiszida,Jacobsen,Ningiszida’s Boat-Ride to Hades,2000,,,,
Krebernik1983_ZuSyllabar,Krebernik,Zu Syllabar und Orthographie der lexikalischen Texte aus Ebla. Teil 2 (Glossar,1983,,Walter de Gruyter GmbH,https://doi.org/10.1515/zava.1983.73.1.1,10.1515/zava.1983.73.1.1
Krebernik1984_DieBeschwo,Krebernik,Die Beschwörungen aus Fara und Ebla: Untersuchungen zur ältesten keilschriftlichen Beschwörungsliteratur,1984,,Walter de Gruyter GmbH,https://doi.org/10.1515/zava.1984.74.2.168,10.1515/zava.1984.74.2.168
Krecher1983_Eineunorth,Krecher,Eine unorthographische sumerische Wortliste aus Ebla,1983,,,https://openalex.org/W2530096090,https://doi.org/10.1515/9783110459630-009
Krispijn1981_DieIdentif,Krispijn,Die Identifikation zweier lexikalischen Texte aus Ebla MEE III Nr. 62 und 63,1981,,,https://openalex.org/W2530096090,https://doi.org/10.1515/9783110459630-009
Landsberger1934_DieFaunade,Landsberger,Die Fauna des alten Mesopotamien nach der 14. Tafel der Serie Har-ra = hubullu,1934,,,https://openalex.org/W2594165976,
Owen1981_OfBirdsEgg,Owen,"Of Birds, Eggs and Turtles",1981,,Walter de Gruyter GmbH,https://doi.org/10.1515/zava.1981.71.1.29,10.1515/zava.1981.71.1.29
Rubio0_Orthograph,Rubio,Orthography and Grammar of the Ur III Sumerian Literary Texts,0000,,,https://openalex.org/W1515309076,
Salonen1973_VogelundVo,Salonen,Vögel und Vogelfang im alten Mesopotamien. AASF B 180,1973,,,,
Schretter1990_EmesalStud,Schretter,"Emesal-Studien: Sprach- und literaturgeschichtliche Untersuchungen zur sogenannten Frauensprache des Sumerischen. Innsbrucker Beiträge zur Kulturwissenschaft, Sonderheft 69",1990,,,,
Sjoberg1969_TheCollect,Sjӧberg,The Collection of the Sumerian Temple Hymns,1969,,,https://openalex.org/W300899071,
Steinkeller1984_TheSumeria,Steinkeller,The Sumerian Verb lugx (LUL,1984,,,https://openalex.org/W4410613506,https://doi.org/10.1515/aofo-2025-2006
Steinkeller2001_NewLighton,Steinkeller,New Light on the Hydrology and Topography of Southern Babylonia in the Third Millennium,2001,,Walter de Gruyter GmbH,https://doi.org/10.1515/zava.2001.91.1.22,10.1515/zava.2001.91.1.22
Veldhuis1996_ANippurEme,Veldhuis,A Nippur Emesal Vocabulary,1996,,,https://openalex.org/W2512021401,
Horowitz1988_AnAssurSou,Horowitz,An Assur Source for Urra 21,1988,,,https://openalex.org/W4254138678,https://doi.org/10.1163/156921208786182428
Biggs1974_Inscriptio,Biggs,Inscriptions from Tell Abū Ṣalābīkh,1974,,University of Chicago Press,https://doi.org/10.1086/372347,10.1086/372347
Civil1983_TheSignLAK,Civil,The Sign LAK 384,1983,,,https://openalex.org/W3197233575,https://doi.org/10.1016/s1474-4422(21)00252-0
Cohen1976_TheNameNin,Cohen,The Name Nintinugga with a Note on the Possible Identification of Tell Abu Salabikh,1976,,University of Chicago Press,https://doi.org/10.2307/1359496,10.2307/1359496
Englund1998_Textsfromt,Englund,Texts from the Late Uruk Period,1998,,Edinburgh University Press,https://doi.org/10.1515/9780585443874,10.1515/9780585443874
Englund1993_Dielexikal,Englund,Die lexikalischen Listen der archaischen Texte aus Uruk,1993,,,https://openalex.org/W591475977,
Farber-Flugge1999_KleinerLei,Farber-Flügge,Kleiner Leitfaden zum Silbenvokabular A,1999,,,,
Gelb1991_EarliestLa,Gelb,Earliest Land Tenure Systems in the Near East: Ancient Kudurrus,1991,,,https://openalex.org/W2009944252,https://doi.org/10.2307/3632290
Green1981_TheConstru,Green,The Construction and Implementation of the Cuneiform Writing System,1981,,National Council of Teachers of English,https://doi.org/10.2307/376994,10.2307/376994
Green1987_Zeichenlis,Green,Zeichenliste der archaischen Texte aus Uruk,1987,,JSTOR,https://doi.org/10.2307/3730431,10.2307/3730431
Krispijn1992_TheEarlyMe,Krispijn,The Early Mesopotamian Lexical Lists and the Dawn of Linguistics,1992,,,https://openalex.org/W2163181126,https://doi.org/10.1017/s0003598x00081874
Michalowski1994_Writingand,Michalowski,Writing and Literacy in Early States: A Mesopotamianist Perspective,1994,,American Association for the Advancement of Science (AAAS),https://doi.org/10.1126/science.264.5161.1019,10.1126/science.264.5161.1019
Nissen2004_DieVerwend,Nissen,Die Verwendung der Schrift im frühen Babylonien,2004,Heidelberg,Physica-Verlag HD,https://doi.org/10.1007/978-3-7908-2659-3_9,10.1007/978-3-7908-2659-3_9
Pearce1996_TheNumberS,Pearce,The Number-Syllabary Texts,1996,,JSTOR,https://doi.org/10.2307/605148,10.2307/605148
Steinkeller1990_TheValuesu,Steinkeller,The Value sur of ÉREN in Third Millennium Sources,1990,,Cambridge University Press (CUP),https://doi.org/10.1017/s0021088900004344,10.1017/s0021088900004344
Steinkeller1995_ReviewofZe,Steinkeller,"Review of Zeichenliste der archaischen Texte aus Uruk, by Margaret W",1995,,JSTOR,https://doi.org/10.2307/606270,10.2307/606270
Steinkeller2004_ABuildingI,Steinkeller,A Building Inscription of Sîn-iddinam and Other Inscribed Materials from Abu Duwari,2004,,Penn State University Press,https://doi.org/10.5325/j.ctv1bxh4k0.11,10.5325/j.ctv1bxh4k0.11
Steinkeller2004_StudiesinT,Steinkeller,"Studies in Third Millennium Paleography, 4: Sign KI",2004,,Walter de Gruyter GmbH,https://doi.org/10.1515/zava.2004.94.2.175,10.1515/zava.2004.94.2.175
Vanstiphout1992_Repetition,Vanstiphout,Repetition and Structure in the Aratta Cycle,1992,,,https://openalex.org/W1551543605,https://doi.org/10.1002/9780470996614.ch15
Soden1936_Leistungun,Soden,Leistung und Grenze sumerischer und babylonischer Wissenschaft,1936,,,https://openalex.org/W408096163,
Westenholz1998_Thoughtson,Westenholz,Thoughts on Esoteric Knowledge and Secret Lore,1998,,,https://openalex.org/W1825896622,https://doi.org/10.2979/mnd.2000.a873327
Wilcke1995_DieInschri,Wilcke,Die Inschrift der ‘Figure aux plumes’,1995,,,https://openalex.org/W4210653402,https://doi.org/10.3917/assy.115.0007
Wilcke2003_EarlyAncie,Wilcke,Early Ancient Near Eastern Law: A History of Its Beginnings,2003,,BRILL,https://doi.org/10.1163/9789047402091_004,10.1163/9789047402091_004
Bock2004_Uberlegung,Böck,Überlegungen zu einem Kultfest der altmesopotamischen Göttin Inanna,2004,,Walter de Gruyter GmbH,https://doi.org/10.1163/156852704773558214,10.1163/156852704773558214
Clayden1996_KurigalzuI,Clayden,Kurigalzu I and the Restoration of Babylonia,1996,,JSTOR,https://doi.org/10.2307/4200423,10.2307/4200423
Feldman2006_Diplomacyb,Feldman,"Diplomacy by Design: Luxury Arts and an ‘International Style’ in the Ancient Near East, 1400–1200 BCE",2006,,University of Chicago Press,https://doi.org/10.1086/ajs40024558,10.1086/ajs40024558
Finkelstein1953_CuneiformT,Finkelstein,Cuneiform Texts from Tell Billa,1953,,University of Chicago Press,https://doi.org/10.2307/1359528,10.2307/1359528
Fleming1992_TheInstall,Fleming,The Installation of Baal’s High Priestess at Emar: A Window on Ancient Syrian Religion,1992,,BRILL,https://doi.org/10.1163/9789004369658,10.1163/9789004369658
Foster1993_BeforetheM,Foster,Before the Muses: An Anthology of Akkadian Literature,1993,,JSTOR,https://doi.org/10.2307/4351379,10.2307/4351379
Izre'el1997_TheAmarnaS,Izre’el,The Amarna Scholarly Tablets,1997,,,https://openalex.org/W2040871674,https://doi.org/10.1163/9789004676596
Kramer1948_Fragmentso,Kramer,Fragments of a Diorite Statue of Kurigalzu in the Iraq Museum,1948,,,https://openalex.org/W3118749491,https://doi.org/10.1515/9783110714333-002
Lenzi2008_Secrecyand,Lenzi,Secrecy and the Gods: Secret Knowledge in Ancient Mesopotamia and Biblical Israel,2008,,,https://openalex.org/W658985711,
Machinist1984_TheAssyria,Machinist,The Assyrians and Their Babylonian Problem: Some Reflections,1984,,,https://openalex.org/W2325612225,https://doi.org/10.5356/orient.45.3
Maul1998_MardukNabu,Maul,"Marduk, Nabû und der assyrische Fall: Die Geschichte eines sumerischen Šuʾilas",1998,,BRILL,https://doi.org/10.1163/9789004676602_012,10.1163/9789004676602_012
Myhrman1911_Babylonian,Myhrman,Babylonian Hymns and Prayers. Publications of the Babylonian Section 1/1,1911,,,https://openalex.org/W4243288343,https://doi.org/10.1017/s0035869x00044464
Sallaberger1996_ReviewofFl,Sallaberger,Review of Fleming 1992,1996,,,https://openalex.org/W1607281,https://doi.org/10.1007/978-1-4615-5341-0_5
Slanski2000_Classifica,Slanski,"Classification, Historiography and Monumental Authority: The Babylonian Entitlement narû (kudurrus",2000,,University of Chicago Press,https://doi.org/10.2307/1359688,10.2307/1359688
Mieroop2007_AHistoryof,Mieroop,A History of the Ancient Near East,2007,,,https://openalex.org/W2162185735,https://doi.org/10.5860/choice.41-2331
Soldt2001_Nabusallim,Soldt,"Nabû-šallim, an Assyrian Scribe Working in the ‘Southern Palace’ at Ugarit",2001,,,,
Veldhuis2008_Kurigalzus,Veldhuis,Kurigalzu’s Statue Inscription,2008,,University of Chicago Press,https://doi.org/10.1086/jcs25608620,10.1086/jcs25608620
Weidner1952_DieBibliot,Weidner,Die Bibliothek Tiglatpilesers I,1952,,,https://openalex.org/W2600110752,https://doi.org/10.5356/orient.49.115
Westenholz2005_SingaSongf,Westenholz,Sing a Song for Šulgi,2005,,,,
Cavigneaux1980_DieFragmen,Cavigneaux,Die Fragmente der sumerisch-akkadischen Wortliste ‘ERIMḫuš’ im Vorderasiatischen Museum zu Berlin,1980,,JSTOR,https://doi.org/10.2307/3880857,10.2307/3880857
Cavigneaux1981_TextsfromB,Cavigneaux,Texts from Babylon: Textes scolaires du Temple de Nabû ša Harê,1981,,,,
Cavigneaux1996_Uncolophon,Cavigneaux,Un colophon de type Nabû ša Harê,1996,,,,
Cavigneaux1999_Nabusahare,Cavigneaux,Nabû ša harê und die Kinder von Babylon,1999,,,,
Civil2010_TheLexical,Civil,The Lexical Texts in the Schøyen Collection,2010,,University of Calgary Press,https://doi.org/10.1515/9781552385081-009,10.1515/9781552385081-009
Frahm1995_TonvomTond,Frahm,Ton vom Ton des heiligen Hügels,1995,,University Library J. C. Senckenberg,https://doi.org/10.21248/decheniana.v148.4183,10.21248/decheniana.v148.4183
Frahm2002_Assur2001D,Frahm,Assur 2001: Die Schriftfunde,2002,,,https://openalex.org/W4367856705,https://doi.org/10.14795/j.v10i1.818
Frahm2011_Babylonian,Frahm,Babylonian and Assyrian Text Commentaries: Origins of Interpretation,2011,,,https://openalex.org/W622850365,
George1992_Babylonian,George,Babylonian Topographical Texts,1992,,BRILL,https://doi.org/10.1163/9789004350120_018,10.1163/9789004350120_018
George2010_TheColopho,George,The Colophon of MS 5007,2010,,American Geophysical Union (AGU),https://doi.org/10.1029/2010eo280003,10.1029/2010eo280003
Gesche1995_TonvomTond,Gesche,Ton vom Ton des heiligen Hügels – woher stammt der Ton wirklich?,1995,,,,
Hrusa2010_Dieakkadis,Hruša,Die akkadische Synonymenliste malku = šarru: Eine Textedition mit Übersetzung und Kommentar,2010,,,https://openalex.org/W620431745,
Maul1998_Tikipsanta,Maul,Tikip santakki mala bašmu ... Anstelle eines Vorwortes,1998,,BRILL,https://doi.org/10.1163/9789004676602_002,10.1163/9789004676602_002
Ossendrijver2011_Exzellente,Ossendrijver,Exzellente Netzwerke: Die Astronomen von Uruk,2011,,,https://openalex.org/W2016289316,https://doi.org/10.1515/janeh-2013-0006
Ossendrijver2011_ScienceinA,Ossendrijver,Science in Action: Networks in Babylonian Astronomy,2011,,De Gruyter,https://doi.org/10.1515/9783110222128.213,10.1515/9783110222128.213
Pearce1993_Statements,Pearce,Statements of Purpose: Why the Scribes Wrote,1993,,Informa UK Limited,https://doi.org/10.1080/0268093930080205,10.1080/0268093930080205
Peterson2007_ANewSource,Peterson,A New Source for Diri Tablet 7,2007,,Common Ground Research Networks,https://doi.org/10.18848/1447-9524/cgp/v06i09/49369,10.18848/1447-9524/cgp/v06i09/49369
Snell1994_ANeoBabylo,Snell,A Neo-Babylonian Colophon,1994,,,https://openalex.org/W1572623166,
Waerzeggers2010_TheEzidaTe,Waerzeggers,"The Ezida Temple of Borsippa: Priesthood, Cult, Archives",2010,,,https://openalex.org/W2769590894,
Waerzeggers2011_TheBabylon,Waerzeggers,The Babylonian Priesthood in the Long Sixth Century BC,2011,,Oxford University Press (OUP),https://doi.org/10.1111/j.2041-5370.2011.00024.x,10.1111/j.2041-5370.2011.00024.x
Wagensonner2011_AScribalFa,Wagensonner,A Scribal Family and Its Orthographic Peculiarities,2011,,,https://openalex.org/W4242619068,https://doi.org/10.1163/9789004261853
Cohen1973_Enmerkaran,Cohen,Enmerkar and the Lord of Aratta,1973,,,https://openalex.org/W4300628883,https://doi.org/10.9783/9781512817386
Glassner2003_TheInventi,Glassner,The Invention of Cuneiform Writing in Sumer,2003,,,https://openalex.org/W659458098,https://doi.org/10.5860/choice.41-6691
Green1980_AnimalHusb,Green,Animal Husbandry at Uruk in the Archaic Period,1980,,University of Chicago Press,https://doi.org/10.1086/372776,10.1086/372776
Jacobsen1939_TheSumeria,Jacobsen,The Sumerian King List,1939,,,https://openalex.org/W2312636948,https://doi.org/10.2307/601880
Jacobsen1987_TheHarpsTh,Jacobsen,The Harps That Once... Sumerian Poetry in Translation,1987,,,https://openalex.org/W1986690714,https://doi.org/10.2307/603925
Komoroczy1975_ZurAtiolog,Komoróczy,Zur Ätiologie der Schrifterfindung im Enmerkar-Epos,1975,,Walter de Gruyter GmbH,https://doi.org/10.1524/aofo.1975.3.jg.19,10.1524/aofo.1975.3.jg.19
Kramer1952_Enmerkaran,Kramer,Enmerkar and the Lord of Aratta,1952,,University of Pennsylvania Press,https://doi.org/10.9783/9781512817386,10.9783/9781512817386
Lieberman1980_OfClayPebb,Lieberman,"Of Clay Pebbles, Hollow Clay Balls, and Writing: A Sumerian View",1980,,University of Chicago Press,https://doi.org/10.2307/504711,10.2307/504711
Michalowski1986_MentalMaps,Michalowski,Mental Maps and Ideology: Reflections on Subartu,1986,,Springer Science and Business Media LLC,https://doi.org/10.1007/bf00389420,10.1007/bf00389420
Nissen1990_FruheSchri,Nissen,Frühe Schrift und Techniken der Wirtschaftsverwaltung im Alten Vorderen Orient,1990,,JSTOR,https://doi.org/10.2307/604549,10.2307/604549
Pallis1956_TheAntiqui,Pallis,The Antiquity of Iraq: A Handbook of Assyriology,1956,,,https://openalex.org/W612306827,
Rogers1915_AHistoryof,Rogers,A History of Babylonia and Assyria,1915,,,https://openalex.org/W4229691895,https://doi.org/10.2307/1835015
Schmandt-Besserat1977_AnArchaicR,Schmandt-Besserat,An Archaic Recording System and the Origin of Writing,1977,,,https://openalex.org/W583788423,
Schmandt-Besserat1979_AnArchaicR,Schmandt-Besserat,An Archaic Recording System in the Uruk–Jemdet Nasr Period,1979,,University of Chicago Press,https://doi.org/10.2307/504234,10.2307/504234
Schmandt-Besserat1992_BeforeWrit,Schmandt-Besserat,Before Writing,1992,,,https://openalex.org/W154610965,
Steinkeller2004_TheFunctio,Steinkeller,The Function of Written Documentation in the Administrative Praxis of Early Babylonia,2004,,,https://openalex.org/W2129760058,https://doi.org/10.5070/sd911003264
Vanstiphout1989_EnmerkarsI,Vanstiphout,Enmerkar’s Invention of Writing Revisited,1989,,,,
Vanstiphout1994_AnotherAtt,Vanstiphout,Another Attempt at the Spell of Nudimmud,1994,,,https://openalex.org/W2466354024,
Whittaker2001_TheDawnofW,Whittaker,The Dawn of Writing and Phoneticism,2001,,,https://openalex.org/W2165095106,https://doi.org/10.1086/383422
Abraham2004_Businessan,Abraham,Business and Politics under the Persian Empire: The Financial Dealings of Marduk-nasir-apli of the House of Egibi (521–487 B.C.E,2004,,Columbia University Press,https://doi.org/10.7312/brow12360-014,10.7312/brow12360-014
Abrahami2008_Delusageet,Abrahami,De l’usage et de l’archivage des tablettes cunéiformes d’Amarna,2008,,,,
Abusch2002_Mesopotami,Abusch,Mesopotamian Witchcraft,2002,,BRILL,https://doi.org/10.1163/9789004453395,10.1163/9789004453395
Unknown2002_RichesHidd,Unknown,Riches Hidden in Secret Places: Ancient Near Eastern Studies in Memory of Thorkild Jacobsen,2002,,,https://openalex.org/W4241415295,https://doi.org/10.2307/3217897
Unknown1999_Mesopotami,Unknown,"Mesopotamian Magic: Textual, Historical, and Interpretative Perspectives",1999,,,https://openalex.org/W2117938220,https://doi.org/10.1163/9789004496293
Unknown2001_Historiogr,Unknown,"Historiography in the Cuneiform World: Proceedings of the XLVe Rencontre Assyriologique Internationale, Part I",2001,,,https://openalex.org/W2321675280,https://doi.org/10.2307/3217648
Al-Jadir1998_Decouverte,Al-Jadir,Découverte d’une bibliothèque dans le temple de la ville de Sippar (Abu Habbah,1998,,FapUNIFESP (SciELO),https://doi.org/10.1590/1807-1929/agriambi.v2n3p301-307,10.1590/1807-1929/agriambi.v2n3p301-307
Alster1987_ANoteonthe,Alster,A Note on the Uriah Letter in the Sumerian Sargon Legend,1987,,Walter de Gruyter GmbH,https://doi.org/10.1515/zava.1987.77.2.169,10.1515/zava.1987.77.2.169
Unknown1982_Naissanced,Unknown,Naissance de l’écriture,1982,,,https://openalex.org/W3011903918,
Archi1992_Transmissi,Archi,Transmission of the Mesopotamian Lexical and Literary Texts,1992,,,https://openalex.org/W4247705055,https://doi.org/10.5325/bullbiblrese.29.2.0245
Arnaud1980_Labiblioth,Arnaud,La bibliothèque d’un devin syrien à Meskene-Emar (Syrie,1980,,PERSEE Program,https://doi.org/10.3406/crai.1980.13731,10.3406/crai.1980.13731
Arnaud1987_LaSyrieduM,Arnaud,La Syrie du Moyen-Euphrate sous le protectorat hittite: Contrats de droit privé,1987,,Informa UK Limited,https://doi.org/10.1080/09523368708713617,10.1080/09523368708713617
Unknown2009_Advancesin,Unknown,Advances in Mesopotamian Medicine from Hammurabi to Hippocrates,2009,,,https://openalex.org/W2488213126,https://doi.org/10.1163/ej.9789004178762.i-162
Baker2003_RecordKeep,Baker,Record-Keeping Practices as Revealed by the Neo-Babylonian Private Archival Documents,2003,,Oxford University PressOxford,https://doi.org/10.1093/oso/9780199252459.003.0011,10.1093/oso/9780199252459.003.0011
Battini1996_Lalocalisa,Battini,La localisation des archives du palais sud-ouest de Ninive,1996,,,https://openalex.org/W945222045,
Bauer1998_Mesopotami,Bauer,Mesopotamien: Späturuk-Zeit und Frühdynastische Zeit,1998,"Berlin, Heidelberg",Springer Berlin Heidelberg,https://doi.org/10.1007/978-3-642-58846-4_37,10.1007/978-3-642-58846-4_37
Beaulieu1989_TheReignof,Beaulieu,"The Reign of Nabonidus, King of Babylon (556–539 B.C",1989,,,https://openalex.org/W2912841029,https://doi.org/10.2307/3210321
Beaulieu1993_TheHistori,Beaulieu,The Historical Background of the Uruk Prophecy,1993,,,https://openalex.org/W2601646975,https://doi.org/10.1086/690464
Beaulieu2000_TheDescend,Beaulieu,The Descendants of Sîn-lēqi-unninni,2000,,,,
Beaulieu2007_LateBabylo,Beaulieu,Late Babylonian Intellectual Life,2007,,Elsevier,https://doi.org/10.1016/b0-44-452747-8/00191-5,10.1016/b0-44-452747-8/00191-5
Unknown1989_DUMUEDUBBA,Unknown,DUMU-E-DUB-BA-A: Studies in Honor of Åke W. Sjöberg,1989,"Chantilly, Virginia","Pipeline Research Council International, Inc. (PRCI)",https://doi.org/10.55274/r0010102,10.55274/r0010102
Bezold1889_Catalogueo,Bezold,Catalogue of the Cuneiform Tablets in the Kouyunjik Collection of the British Museum,1889,,,https://openalex.org/W578763127,
Biga2003_TheReconst,Biga,The Reconstruction of a Relative Chronology for the Ebla Texts,2003,,University of Chicago Press,https://doi.org/10.2307/3515951,10.2307/3515951
Biggs1973_RegionalCu,Biggs,Regional Cuneiform Handwritings in Third Millennium Mesopotamia,1973,,,https://openalex.org/W651591951,https://doi.org/10.6084/m9.figshare.8396705
Birot1985_Leschroniq,Birot,Les chroniques ‘assyriennes’ de Mari,1985,,,https://openalex.org/W2888513536,https://doi.org/10.1515/janeh-2017-0009
Black2008_TextsfromU,Black,Texts from Ur Kept in the Iraq Museum and in the British Museum,2008,,Wiley,https://doi.org/10.1111/j.1468-229x.2008.432_23.x,10.1111/j.1468-229x.2008.432_23.x
Bleibtreu2003_Bemerkunge,Bleibtreu,Bemerkungen zum Griffel des Tontafelschreibers,2003,,,,
Bock1996_WennduzuNi,Böck,"‘Wenn du zu Nintinuga gesprochen hast ...’: Untersuchungen zu Aufbau, Inhalt, Sitz-im-Leben und Funktion sumerischer Gottesbriefe",1996,,Walter de Gruyter GmbH,https://doi.org/10.1524/aofo.1996.23.1.3,10.1524/aofo.1996.23.1.3
Bock2000_Mesopotami,Böck,Mesopotamische Morphoskopie,2000,,,https://openalex.org/W3196921506,https://doi.org/10.1163/15692124-12341318
Bonechi1992_Relationsa,Bonechi,Relations amicales syro-palestiniennes: Mari et Hasor au XVIIIe siècle av. J.-C,1992,,,,
Bonneterre1988_Pouruneetu,Bonneterre,Pour une étude des dermatoglyphes digitaux sur des tablettes cunéiformes,1988,,,,
Unknown1991_Unebibliot,Unknown,Une bibliothèque au sud de la ville: Les textes de la 34e campagne (1973,1991,,Alaska Division of Geological & Geophysical Surveys,https://doi.org/10.14509/19023,10.14509/19023
Borger1957_Geheimwiss,Borger,Geheimwissen,1957,,,https://openalex.org/W2494634346,https://doi.org/10.14220/9783847098386
Borger1990_Schlusselz,Borger,Schlüssel zu M,1990,,,https://openalex.org/W2090050321,https://doi.org/10.1080/00343409312331347675
Borger1996_Beitragezu,Borger,Beiträge zum Inschriftenwerk Assurbanipals,1996,,,https://openalex.org/W638108954,
Bottero1974_Symptomess,Bottéro,"Symptômes, signes, écritures en Mésopotamie ancienne",1974,,,,
Bottero1985_Mythesetri,Bottéro,Mythes et rites de Babylone,1985,,,https://openalex.org/W1594315295,
Bottero1987_LaMesopota,Bottéro,"La Mésopotamie: L’écriture, la raison et les dieux",1987,,,,
Boyer1958_Textesjuri,Boyer,Textes juridiques,1958,,,https://openalex.org/W1995963455,https://doi.org/10.1163/156852088x00098
Brinkman2006_Babylonian,Brinkman,"Babylonian Royal and Land Grants, Memorials of Financial Interest, and Invocation of the Divine",2006,,Walter de Gruyter GmbH,https://doi.org/10.1163/156852006776207242,10.1163/156852006776207242
Brosius2003_AncientArc,Brosius,Ancient Archives and Concepts of Record-Keeping: An Introduction,2003,,Oxford University PressOxford,https://doi.org/10.1093/oso/9780199252459.003.0001,10.1093/oso/9780199252459.003.0001
Buccellati1993_ThroughaTa,Buccellati,Through a Tablet Darkly: A Reconstruction of Old Akkadian Monuments Described in Old Babylonian Copies,1993,,,https://openalex.org/W3162048390,https://doi.org/10.52779/9781991201171/08
Butler1998_Mesopotami,Butler,Mesopotamian Conceptions of Dreams and Dream Rituals,1998,,,https://openalex.org/W399004882,
Cancik-Kirschbaum1996_Diemittela,Cancik-Kirschbaum,Die mittelassyrischen Briefe aus Tall Šēḫ Ḥamad,1996,,,https://openalex.org/W653557093,https://doi.org/10.17169/refubium-35282
Cancik-Kirschbaum2006_Lescaracte,Cancik-Kirschbaum,Les caractères en forme de coins: Le cas du cunéiforme,2006,,CAIRN,https://doi.org/10.3917/assy.100.0013,10.3917/assy.100.0013
Caquot1989_Textesreli,Caquot,"Textes religieux, rituels, correspondance",1989,,,https://openalex.org/W938462000,
Cassin1987_Lesemblabl,Cassin,Le semblable et le différent: Symbolismes du pouvoir dans le Proche-Orient ancien,1987,,,https://openalex.org/W2953713698,
Castel1995_Contextear,Castel,Contexte archéologique et statut des documents: Les textes retrouvés dans les maisons mésopotamiennes du Ier millénaire av,1995,,PERSEE Program,https://doi.org/10.3406/bupsy.1995.14471,10.3406/bupsy.1995.14471
Cavigneaux1996_URUKAltbab,Cavigneaux,URUK: Altbabylonische Texte aus dem Planquadrat Pe XVI4/5 nach Kopien von Adam Falkenstein,1996,,,,
Cecen1995_Inamatikae,Ceçen,Ina matika eblum,1995,,,,
Chamaza1992_Syntactica,Chamaza,Syntactical and Stylistic Observations on the Text of the Eighth Campaign of Sargon II,1992,,,https://openalex.org/W74377347,
Charpin1980_Archivesfa,Charpin,Archives familiales et propriété privée en Babylonie ancienne: Étude des documents de Tell Sifr,1980,,Elsevier BV,https://doi.org/10.1016/s0335-7457(80)80011-6,10.1016/s0335-7457(80)80011-6
Charpin1983_Uninventai,Charpin,Un inventaire général des trésors du palais de Mari,1983,,JSTOR,https://doi.org/10.2307/4200178,10.2307/4200178
Charpin1989_Correction,Charpin,"Corrections, ratures, annulations",1989,,,https://openalex.org/W2131184284,https://doi.org/10.7202/001003ar
Charpin1990_Uneallianc,Charpin,Une alliance contre l’Elam,1990,,PERSEE Program,https://doi.org/10.3406/ofce.1990.1202,10.3406/ofce.1990.1202
Charpin1991_Untraiteen,Charpin,Un traité entre Zimri-Lim et Ibal-pi-El II,1991,,,,
Charpin1992_Lesmalheur,Charpin,Les malheurs d’un scribe,1992,,,,
Charpin1992_Leslegende,Charpin,Les légendes de sceaux de Mari,1992,,JSTOR,https://doi.org/10.2307/3501962,10.2307/3501962
Charpin1993_Unsouverai,Charpin,Un souverain éphémère,1993,,JSTOR,https://doi.org/10.2307/20075906,10.2307/20075906
Charpin1994_Lesumerien,Charpin,"Le sumérien, langue morte parlée",1994,,JSTOR,https://doi.org/10.2307/3632659,10.2307/3632659
Charpin1995_Leserreurs,Charpin,Les erreurs de scribes,1995,,Elsevier BV,https://doi.org/10.1016/0962-8479(95)90242-2,10.1016/0962-8479(95)90242-2
Charpin1997_Sapiratumv,Charpin,"Sapiratum, ville du Suḫûm",1997,,,,
Charpin1999_SumerIIIEc,Charpin,Sumer III: Écoles et éducation,1999,,PERSEE Program,https://doi.org/10.3406/jobot.1999.1768,10.3406/jobot.1999.1768
Charpin2002_Esquissedu,Charpin,Esquisse d’une diplomatique des documents mésopotamiens,2002,,PERSEE Program,https://doi.org/10.3406/bec.2002.451101,10.3406/bec.2002.451101
Charpin2002_Lacommemor,Charpin,La commémoration d’actes juridiques,2002,,Cambridge University Press (CUP),https://doi.org/10.3406/ahess.2002.280064,10.3406/ahess.2002.280064
Charpin2003_Lesacrific,Charpin,Le sacrifice de chèvres lors d’alliances,2003,,CAIRN,https://doi.org/10.3917/assy.097.0003,10.3917/assy.097.0003
Charpin2004_Histoirepo,Charpin,Histoire politique du Proche-Orient amorrite,2004,,Elsevier BV,https://doi.org/10.1016/s0242-6498(04)94112-0,10.1016/s0242-6498(04)94112-0
Civil1979_TheSeriesl,Civil,The Series lu = ša and Related Texts,1979,,,,
Civil1983_AnEarlyDyn,Civil,An Early Dynastic School Exercise from Lagaš,1983,,Cambridge University Press (CUP),https://doi.org/10.1017/s002205070002982x,10.1017/s002205070002982x
Civil1987_UrIIIBurea,Civil,Ur III Bureaucracy: Quantitative Aspects,1987,,,https://openalex.org/W2158467768,https://doi.org/10.1186/1748-5908-7-17
Civil2008_TheEarlyDy,Civil,The Early Dynastic Practical Vocabulary A (Archaic HAR-RA A,2008,,The Hong Kong Institute of Steel Construction,https://doi.org/10.18057/ijasc.2008.4.3.5,10.18057/ijasc.2008.4.3.5
Clancier2005_Lesbibliot,Clancier,Les bibliothèques en Babylonie dans la deuxième moitié du Ier millénaire av,2005,,CAIRN,https://doi.org/10.3917/assy.099.0085,10.3917/assy.099.0085
Unknown1993_TheTableta,Unknown,The Tablet and the Scroll: Near Eastern Studies in Honor of W,1993,,,https://openalex.org/W3098841454,
Cole1996_TheEarlyNe,Cole,The Early Neo-Babylonian Governor’s Archive from Nippur,1996,,Cambridge University Press (CUP),https://doi.org/10.2307/1161516,10.2307/1161516
Cooper2006_Responsefo,Cooper,Response for the First Session,2006,"New York, NY, USA",ACM,https://doi.org/10.1145/3245515,10.1145/3245515
Cooper1983_TheSumeria,Cooper,The Sumerian Sargon Legend,1983,,JSTOR,https://doi.org/10.2307/601860,10.2307/601860
Dain1961_Introducti,Dain,Introduction à la paléographie,1961,,,https://openalex.org/W2293980089,
Unknown2008_TheCityofE,Unknown,The City of Emar among the Late Bronze Age Empires,2008,,,https://openalex.org/W1499096117,
Dalley1973_OldBabylon,Dalley,Old Babylonian Greeting Formulae and the Iltani’s Archive from Rimah,1973,,University of Chicago Press,https://doi.org/10.2307/1359420,10.2307/1359420
Daniels1995_TheDeciphe,Daniels,The Decipherment of Ancient Near Eastern Scripts,1995,,Informa UK Limited,https://doi.org/10.1080/00387019508009880,10.1080/00387019508009880
Daniels1995_CuneiformC,Daniels,Cuneiform Calligraphy,1995,,,https://openalex.org/W2163181126,https://doi.org/10.1017/s0003598x00081874
Dassow2009_NaramSinof,Dassow,Naram-Sîn of Uruk: A New King in an Old Shoebox,2009,,University of Chicago Press,https://doi.org/10.1086/jcs25608633,10.1086/jcs25608633
Riva2008_TheNeoBaby,Riva,The Neo-Babylonian Royal Inscriptions: An Introduction,2008,,American Psychological Association (APA),https://doi.org/10.1037/e548252010-001,10.1037/e548252010-001
Demare-Lafont1987_Linterpret,Demare-Lafont,"L’interprétation de Nb 5,31 à la lumière des droits cunéiformes",1987,,OpenEdition,https://doi.org/10.4000/praxematique.3485,10.4000/praxematique.3485
Unknown2004_Assyriaand,Unknown,Assyria and Beyond: Studies Presented to Mogens Trolle Larsen,2004,,Ankara Avrupa Calismalari Dergisi,https://doi.org/10.1501/avraras_0000000087,10.1501/avraras_0000000087
Unknown1999_BorninHeav,Unknown,"Born in Heaven, Made on Earth: The Making of the Cult Image in the Ancient Near East",1999,,Office of Scientific and Technical Information (OSTI),https://doi.org/10.2172/769318,10.2172/769318
Dietrich1990_Dieakkadis,Dietrich,Die akkadischen Texte der Archive und Bibliotheken von Emar,1990,,BRILL,https://doi.org/10.1163/9789004489530_010,10.1163/9789004489530_010
Dietrich2001_Babylonisc,Dietrich,Babylonische Sklaven auf der Schreiberschule,2001,Wiesbaden,Vieweg+Teubner Verlag,https://doi.org/10.1007/978-3-322-94085-8_9,10.1007/978-3-322-94085-8_9
Unknown1995_VomAltenOr,Unknown,Vom Alten Orient zum Alten Testament: Festschrift für Wolfram Freiherrn von Soden zum 85. Geburtstag,1995,,,https://openalex.org/W1581355446,
Dombradi1996_DieDarstel,Dombradi,Die Darstellung des Rechtsaustrags in den altbabylonischen Prozessurkunden,1996,,,https://openalex.org/W2085476292,https://doi.org/10.2307/1359736
Donbaz1997_IstanbulMu,Donbaz,Istanbul Murashu Texts,1997,,"Archivum Anatolicum, Ankara University",https://doi.org/10.1501/archv_0000000052,10.1501/archv_0000000052
Unknown2003_CulturalRe,Unknown,"Cultural Repertoires: Structure, Function, and Dynamics",2003,,,https://openalex.org/W408425482,
Durand1982_Sumerienet,Durand,Sumérien et akkadien en pays amorrite I,1982,,EDP Sciences,https://doi.org/10.1051/rnd:19820612,10.1051/rnd:19820612
Durand1984_Troisetude,Durand,Trois études sur Mari,1984,,Coimbra University Press,https://doi.org/10.14195/0870-4147_21_1,10.14195/0870-4147_21_1
Durand1985_Lasituatio,Durand,La situation historique des Šakkanakku,1985,,CIRAD (Centre de Cooperation Internationale en Recherche Agronomique Pour le Developpement),https://doi.org/10.19182/bft1985.207.a19555,10.19182/bft1985.207.a19555
Durand1985_Lesdamesdu,Durand,Les dames du palais de Mari,1985,,PERSEE Program,https://doi.org/10.3406/apliu.1985.1838,10.3406/apliu.1985.1838
Durand1987_Documentsp,Durand,Documents pour l’histoire du royaume de Haute-Mésopotamie (I,1987,,Elsevier BV,https://doi.org/10.1016/0040-6090(87)90107-6,10.1016/0040-6090(87)90107-6
Durand1988_Archivesep,Durand,Archives épistolaires de Mari,1988,,Cambridge University Press (CUP),https://doi.org/10.1017/s0035336100080412,10.1017/s0035336100080412
Durand1988_Lecturedun,Durand,Lecture d’un texte divinatoire babylonien,1988,,,,
Durand1991_Precurseur,Durand,Précurseurs syriens aux protocoles néo-assyriens,1991,,,,
Durand1992_Uniteetdiv,Durand,Unité et diversités au Proche-Orient à l’époque amorrite,1992,,Informa UK Limited,https://doi.org/10.1080/01811797.1992.10824974,10.1080/01811797.1992.10824974
Durand1998_Lesdocumen,Durand,Les documents épistolaires du palais de Mari,1998,,JSTOR,https://doi.org/10.2307/605911,10.2307/605911
Durand2000_Assyriolog,Durand,Assyriologie,2000,,,https://openalex.org/W3023658636,https://doi.org/10.2307/1580275
Durand2003_Laconscien,Durand,La conscience du temps et sa commémoration en Mésopotamie,2003,,Ghent University,https://doi.org/10.21825/akkadica.99521,10.21825/akkadica.99521
Durand2006_Lalettrede,Durand,La lettre de Labarna au roi de Tigunanum,2006,,CAIRN.INFO,https://doi.org/10.3917/cano.048.0067,10.3917/cano.048.0067
Durand2008_Lareligion,Durand,La religion à l’époque amorrite d’après les archives de Mari,2008,,OpenEdition,https://doi.org/10.4000/trajectoires.213,10.4000/trajectoires.213
Durand1997_Lesrituels,Durand,Les rituels de Mari,1997,,PERSEE Program,https://doi.org/10.3406/geoas.1997.2079,10.3406/geoas.1997.2079
Unknown1985_Miscellane,Unknown,Miscellanea babylonica,1985,,,https://openalex.org/W646791921,
Edel1994_Dieagyptis,Edel,Die ägyptisch-hethitische Korrespondenz aus Boğazköy,1994,"Berlin, Heidelberg",Springer Berlin Heidelberg,https://doi.org/10.1007/978-3-642-78676-1_117,10.1007/978-3-642-78676-1_117
Edel1997_DerVertrag,Edel,Der Vertrag zwischen Ramses II,1997,,,https://openalex.org/W2328240088,https://doi.org/10.2307/605576
Edzard1976_Keilschrif,Edzard,Keilschrift,1976,,,https://openalex.org/W625674883,https://doi.org/10.1007/978-3-662-32794-4
Edzard1997_Ledevelopp,Edzard,Le développement de l’écriture cunéiforme,1997,,,,
Eidem2000_NorthernJe,Eidem,Northern Jezirah in the Eighteenth Century B.C,2000,,,https://openalex.org/W139874642,
Eidem2002_TheClayThe,Eidem,The Clay They Wrote On,2002,,,https://openalex.org/W1557691884,
Eidem2008_ApumAKingd,Eidem,Apum: A Kingdom on the Old Assyrian Route,2008,,,https://openalex.org/W2803484162,https://doi.org/10.5167/uzh-151184
Unknown1992_Nippuratth,Unknown,Nippur at the Centennial,1992,,,https://openalex.org/W593076618,
Elsen-Novak2006_DerKonigde,Elsen-Novák,Der ‘König der Gerechtigkeit’,2006,,,https://openalex.org/W2524490638,https://doi.org/10.11588/propylaeumdok.00000935
Eph'al2006_Observatio,Ephʿal,Observations on Two Inscriptions of Esarhaddon,2006,,Penn State University Press,https://doi.org/10.5325/jj.29357376.16,10.5325/jj.29357376.16
Fales1986_AramaicEpi,Fales,Aramaic Epigraphs on Clay Tablets of the Neo-Assyrian Period,1986,,,https://openalex.org/W632835241,
Fales1991_Narrativea,Fales,Narrative and Ideological Variations in the Account of Sargon’s Eighth Campaign,1991,,,,
Fales1999_AssyrianRo,Fales,Assyrian Royal Inscriptions: Newer Horizons,1999,,,https://openalex.org/W2787641988,
Fales2007_Multilingu,Fales,Multilingualism on Multiple Media in the Neo-Assyrian Period,2007,,Ferrata Storti Foundation (Haematologica),https://doi.org/10.3324/haematol.11592,10.3324/haematol.11592
Figulla1953_AccountsCo,Figulla,Accounts Concerning Allocation of Provisions for Offerings in the Ningal Temple at Ur,1953,,JSTOR,https://doi.org/10.2307/4199568,10.2307/4199568
Fincke2006_Ominadiego,Fincke,"Omina, die göttlichen ‘Gesetze’ der Divination",2006,,,,
Finet1969_Lessymbole,Finet,"Les symboles du cheveu, du bord du vêtement et de l’ongle en Mésopotamie",1969,,,,
Finkel1988_Adadaplaid,Finkel,"Adad-apla-iddina, Esagil-kin-apli, and the Series SA.GIG",1988,,,https://openalex.org/W2895402668,https://doi.org/10.1086/699166
Finkel2006_OnanIzbuVI,Finkel,On an Izbu VII Commentary,2006,,BRILL,https://doi.org/10.1163/9789047408239_014,10.1163/9789047408239_014
Foster1986_Archivesan,Foster,Archives and Empire in Sargonic Mesopotamia,1986,,,https://openalex.org/W564091681,
Foster1991_OnAuthorsh,Foster,On Authorship in Akkadian Literature,1991,,JSTOR,https://doi.org/10.2307/29740353,10.2307/29740353
Foster1993_Lettersand,Foster,Letters and Literature: A Ghost’s Entreaty,1993,,SAGE Publications,https://doi.org/10.1177/001258069311138206,10.1177/001258069311138206
Foster2005_Shuruppaka,Foster,Shuruppak and the Sumerian City State,2005,,Woodhead Publishing Limited,https://doi.org/10.1533/9781780634159,10.1533/9781780634159
Foster2005_BeforetheM,Foster,Before the Muses: An Anthology of Akkadian Literature,2005,,Elsevier,https://doi.org/10.1016/b978-1-876938-78-9.50004-1,10.1016/b978-1-876938-78-9.50004-1
Foster2007_AkkadianLi,Foster,Akkadian Literature of the Late Period,2007,,Oxford University Press (OUP),https://doi.org/10.1111/j.1468-2281.2007.00411.x,10.1111/j.1468-2281.2007.00411.x
Frahm1997_Einleitung,Frahm,Einleitung in die Sanherib-Inschriften,1997,,,https://openalex.org/W1544778283,
Frahm0_Forthcomin,Frahm,Forthcoming,0000,,,https://openalex.org/W2228221433,https://doi.org/10.1016/j.jtho.2015.09.009
Frake1983_DidLiterac,Frake,Did Literacy Cause the Great Cognitive Divide?,1983,,Wiley,https://doi.org/10.1525/ae.1983.10.2.02a00110,10.1525/ae.1983.10.2.02a00110
Freedman1998_IfaCityIsS,Freedman,If a City Is Set on a Height,1998,,,https://openalex.org/W4241190899,https://doi.org/10.1515/9781575067698
Freedman2006_BM129092,Freedman,BM 129092,2006,,BRILL,https://doi.org/10.1163/9789047408239_015,10.1163/9789047408239_015
Friberg1987_Mathematik,Friberg,Mathematik,1987,,,https://openalex.org/W2494779131,https://doi.org/10.1007/978-3-662-09021-3
Fronzaroli2003_Testidican,Fronzaroli,Testi di cancelleria: I rapporti con le città,2003,,,https://openalex.org/W601071445,
Galter1997_Assyrische,Galter,Assyrische Königsinschriften des 2. Jahrtausends v. Chr,1997,,,,
Garfinkle2004_ShepherdsM,Garfinkle,"Shepherds, Merchants, and Credit",2004,,Walter de Gruyter GmbH,https://doi.org/10.1163/156852004323069385,10.1163/156852004323069385
Gasche2006_Lieudensei,Gasche,Lieu d’enseignement ou atelier de recyclage,2006,,,https://openalex.org/W2209381824,
Unknown1994_Cinquanted,Unknown,Cinquante-deux réflexions sur le Proche-Orient ancien,1994,,,,
Gavrilov1997_Techniques,Gavrilov,Techniques of Reading in Classical Antiquity,1997,,Cambridge University Press (CUP),https://doi.org/10.1093/cq/47.1.56,10.1093/cq/47.1.56
Gelb1977_Typologyof,Gelb,Typology of Mesopotamian Seal Inscriptions,1977,,,https://openalex.org/W2170118542,https://doi.org/10.1007/s10814-014-9075-7
Geller1997_TheLastWed,Geller,The Last Wedge,1997,,Walter de Gruyter GmbH,https://doi.org/10.1515/zava.1997.87.1.43,10.1515/zava.1997.87.1.43
Geller2005_RenalandRe,Geller,Renal and Rectal Disease Texts,2005,,DE GRUYTER,https://doi.org/10.1515/9783110914931,10.1515/9783110914931
George2003_ReviewofGe,George,Review of Gesche 2001,2003,,WORLD SCIENTIFIC,https://doi.org/10.1142/9789812791368_0010,10.1142/9789812791368_0010
George2005_InSearchof,George,In Search of the e.dub.ba.a,2005,,Federal Reserve Bank of Philadelphia,https://doi.org/10.21799/frbp.wp.2005.09,10.21799/frbp.wp.2005.09
George2007_TheEpicofG,George,The Epic of Gilgamesh,2007,,,https://openalex.org/W1583201287,
George2007_Gilgamesha,George,Gilgamesh and the Literary Traditions of Ancient Mesopotamia,2007,,SAGE Publications,https://doi.org/10.1177/00145246071190021209,10.1177/00145246071190021209
George2007_TheGilgame,George,The Gilgamesh Epic at Ugarit,2007,,,https://openalex.org/W1919215401,
Unknown2000_WisdomGods,Unknown,"Wisdom, Gods, and Literature",2000,,,https://openalex.org/W3183757663,
Unknown1977_SealsandSe,Unknown,Seals and Sealing in the Ancient Near East,1977,,,https://openalex.org/W1986920399,https://doi.org/10.2307/602628
Glassner2004_Mesopotami,Glassner,Mesopotamian Chronicles,2004,,,https://openalex.org/W4407600780,https://doi.org/10.2307/jj.25577270
Godard1990_Lepouvoird,Godard,Le pouvoir de l’écrit,1990,,PERSEE Program,https://doi.org/10.3406/mappe.1990.2558,10.3406/mappe.1990.2558
Goddeeris2002_Economyand,Goddeeris,Economy and Society in Northern Babylonia in the Early Old Babylonian Period,2002,,,https://openalex.org/W597093093,
Goetze1947_OldBabylon,Goetze,Old Babylonian Omen Texts,1947,,University of Chicago Press,https://doi.org/10.2307/1359437,10.2307/1359437
Goossens1952_Introducti,Goossens,Introduction à l’archivéconomie de l’Asie antérieure,1952,,,,
Grayson1980_Historiesa,Grayson,Histories and Historians of the Ancient Near East,1980,,,https://openalex.org/W3097927902,
Grayson1991_AssyrianRu,Grayson,Assyrian Rulers of the Early First Millennium B.C,1991,Toronto,University of Toronto Press,https://doi.org/10.3138/9781442671089,10.3138/9781442671089
Grayson1996_AssyrianRu,Grayson,Assyrian Rulers of the Early First Millennium B.C,1996,,University of Toronto Press,https://doi.org/10.3138/9781442671072,10.3138/9781442671072
Grayson2000_Murmuringi,Grayson,Murmuring in Mesopotamia,2000,,,https://openalex.org/W1497899895,https://doi.org/10.1353/book.12359
Greengus1969_OldBabylon,Greengus,Old Babylonian Marriage Contracts,1969,,JSTOR,https://doi.org/10.2307/596618,10.2307/596618
Guichard1994_Aupaysdela,Guichard,Au pays de la Dame de Nagar,1994,,Springer Science and Business Media LLC,https://doi.org/10.1186/1297-9686-26-5-463,10.1186/1297-9686-26-5-463
Guichard1997_Violationd,Guichard,Violation du serment et casuistique à Mari,1997,,Walter de Gruyter GmbH,https://doi.org/10.1163/1570058972582687,10.1163/1570058972582687
Guichard1999_Lesmention,Guichard,Les mentions de la Crète à Mari,1999,,OpenEdition,https://doi.org/10.4000/remmm.2377,10.4000/remmm.2377
Guichard2004_Lamaledict,Guichard,La malédiction de cette tablette est très dure!,2004,,CAIRN,https://doi.org/10.3917/assy.098.0013,10.3917/assy.098.0013
Unknown2006_IfaManBuil,Unknown,If a Man Builds a Joyful House,2006,,,https://openalex.org/W602596296,https://doi.org/10.1163/9789047408239
Gunbatti2001_TheRiverOr,Günbattı,The River Ordeal in Ancient Anatolia,2001,,,https://openalex.org/W2485539364,https://doi.org/10.1515/9783110266412.111
Gurney1989_Literaryan,Gurney,Literary and Miscellaneous Texts in the Ashmolean Museum,1989,,,https://openalex.org/W631552170,
Hackl2007_Dersubordi,Hackl,Der subordinierte Satz in den spätbabylonischen Briefen,2007,,,https://openalex.org/W362580114,
Hagenbuchner1989_DieKorresp,Hagenbuchner,Die Korrespondenz der Hethiter,1989,,,https://openalex.org/W1991568801,https://doi.org/10.1075/dia.7.2.09jus
Hallo1977_SealsLosta,Hallo,Seals Lost and Found,1977,,,https://openalex.org/W2070921787,https://doi.org/10.1016/j.ijcard.2006.07.027
Hallo2002_AModelCour,Hallo,A Model Court Case Concerning Inheritance,2002,,Penn State University Press,https://doi.org/10.5325/j.ctv1bxh4wn.15,10.5325/j.ctv1bxh4wn.15
Unknown2001_SealsandSe,Unknown,Seals and Seal Impressions,2001,,,https://openalex.org/W2335509582,https://doi.org/10.2307/4199710
Hattori2001_SealPracti,Hattori,Seal Practices in Ur III Nippur,2001,,The Mycological Society of Japan,https://doi.org/10.1007/bf02464338,10.1007/bf02464338
Heesel2000_Babylonisc,Heesel,Babylonisch-assyrische Diagnostik,2000,,,https://openalex.org/W2137355802,https://doi.org/10.2307/3217698
Heimpel2003_Letterstot,Heimpel,Letters to the King of Mari,2003,,Penn State University Press,https://doi.org/10.1515/9781575065441,10.1515/9781575065441
Hilprecht1910_TheEarlies,Hilprecht,The Earliest Version of the Babylonian Deluge Story and the Temple Library of Nippur,1910,,,https://openalex.org/W626907178,
Horowitz2004_FromHazort,Horowitz,From Hazor to Mari and Ekallatum,2004,,Springer Science and Business Media LLC,https://doi.org/10.1557/jmr.2004.0266,10.1557/jmr.2004.0266
Horsnell1999_TheYearNam,Horsnell,The Year Names of the First Dynasty of Babylon,1999,,,https://openalex.org/W2313897212,https://doi.org/10.2307/3087670
Horsnell2004_OntheUseof,Horsnell,On the Use of Year Names,2004,,,https://openalex.org/W2030548937,https://doi.org/10.1175/2010waf2222406.1
Huber2001_Lacorrespo,Huber,"La correspondance royale d’Ur, un corpus apocryphe",2001,,Walter de Gruyter GmbH,https://doi.org/10.1515/zava.2001.91.2.169,10.1515/zava.2001.91.2.169
Unknown1987_Larsa10eca,Unknown,Larsa 10e campagne... Rapport préliminaire,1987,,,https://openalex.org/W2775327761,
Ichisar1981_Lesarchive,Ichisar,Les archives cappadociennes du marchand Imdilum,1981,,,https://openalex.org/W2914637245,https://doi.org/10.3917/assy.112.0049
Ikeda1999_ScribesinE,Ikeda,Scribes in Emar,1999,,,https://openalex.org/W605610797,https://doi.org/10.1163/9789004370043
Janssen1991_Samsuiluna,Janssen,Samsu-iluna and the Hungry nadītums,1991,,,,
Joannes1984_Textesnos9,Joannès,Textes nos. 91 à 245,1984,,,https://openalex.org/W2115971230,https://doi.org/10.1080/09518960701538549
Joannes1985_Nouveauxme,Joannès,Nouveaux memorandums,1985,,,https://openalex.org/W419719183,
Joannes1990_Lestablett,Joannès,Les tablettes néo-babyloniennes de la Bodleian Library,1990,,,https://openalex.org/W605808011,
Joannes1992_Lesarchive,Joannès,Les archives de Ninurta-ahhē-bullit,1992,,,,
Joannes1994_Unprecurse,Joannès,Un précurseur paléo-babylonien de la série Šumma ālu,1994,,,,
Joannes1997_Palmyreetl,Joannès,Palmyre et les routes du désert,1997,,PERSEE Program,https://doi.org/10.3406/ktema.1997.2187,10.3406/ktema.1997.2187
Unknown2000_Rendrelaju,Unknown,Rendre la justice en Mésopotamie,2000,,,https://openalex.org/W642285358,
Jonker1995_TheTopogra,Jonker,The Topography of Remembrance,1995,,BRILL,https://doi.org/10.1163/9789004378902,10.1163/9789004378902
Jursa1997_Einebemerk,Jursa,Eine bemerkenswerte altbabylonische Prozessurkunde,1997,,,https://openalex.org/W2196999340,https://doi.org/10.4000/anabases.5398
Kataja1987_ANeoAssyri,Kataja,A Neo-Assyrian Document on Two Cases of River Ordeal,1987,,,https://openalex.org/W2978669109,https://doi.org/10.1501/tarar_0000000550
Kessler1980_Untersuchu,Kessler,Untersuchungen zur historischen Topographie Nordmesopotamiens,1980,,Nomos Verlag,https://doi.org/10.5771/0506-7286-1980-2-187,10.5771/0506-7286-1980-2-187
Kestemont1974_Diplomatiq,Kestemont,Diplomatique et droit international en Asie occidentale,1974,,,https://openalex.org/W617429498,
Kienast1996_Mundlichke,Kienast,Mündlichkeit und Schriftlichkeit im keilschriftlichen Rechtswesen,1996,Wiesbaden,VS Verlag für Sozialwissenschaften,https://doi.org/10.1007/978-3-322-97328-3_10,10.1007/978-3-322-97328-3_10
Kienast1995_Diesumeris,Kienast,Die sumerischen und akkadischen Briefe des III,1995,"Berlin, Heidelberg",Springer Berlin Heidelberg,https://doi.org/10.1007/978-3-662-10479-8_96,10.1007/978-3-662-10479-8_96
Kilmer1974_SymbolicGe,Kilmer,Symbolic Gestures in Akkadian Contracts from Alalakh,1974,,JSTOR,https://doi.org/10.2307/600889,10.2307/600889
King1914_Supplement,King,Supplement to the Catalogue of the Cuneiform Tablets in the Kouyunjik Collection,1914,"Minneapolis, Minn. :","Northrup, King & Co.,",https://doi.org/10.5962/bhl.title.107879,10.5962/bhl.title.107879
Kitz2004_AnOathItsC,Kitz,"An Oath, Its Curse and Anointing Ritual",2004,,JSTOR,https://doi.org/10.2307/4132218,10.2307/4132218
Klein1986_OnWritingM,Klein,On Writing Monumental Inscriptions in Ur III Scribal Curriculum,1986,,JSTOR,https://doi.org/10.2307/603566,10.2307/603566
Klein2000_TheOrigina,Klein,The Original Development of Language on Earth,2000,,Springer Science and Business Media LLC,https://doi.org/10.1007/bf03379226,10.1007/bf03379226
Klein2007_ACollectio,Klein,A Collection of Model Court Cases from Old Babylonian Nippur,2007,,Walter de Gruyter GmbH,https://doi.org/10.1515/za.2007.001,10.1515/za.2007.001
Klengel1968_Einealtbab,Klengel,Eine altbabylonische Verlustanzeige,1968,,,,
Koppen2002_Redeeminga,Koppen,Redeeming a Father’s Seal,2002,,,,
Kraus1985_Altbabylon,Kraus,Altbabylonische Briefe mit Siegelabrollungen,1985,,BRILL,https://doi.org/10.1163/9789004672215_006,10.1163/9789004672215_006
Kraus1985_Einealtbab,Kraus,Eine altbabylonische Buchhaltung,1985,,BRILL,https://doi.org/10.1163/9789004672215_006,10.1163/9789004672215_006
Krebernik2001_TallBiaTut,Krebernik,Tall Biʿa/Tuttul,2001,,,https://openalex.org/W4234831650,https://doi.org/10.7817/jameroriesoci.133.1.0178
Kryszat2008_TheUseofWr,Kryszat,The Use of Writing among the Anatolians,2008,,,https://openalex.org/W2129883725,
Labat1988_Manueldepi,Labat,Manuel d’épigraphie akkadienne,1988,,,https://openalex.org/W4205812136,https://doi.org/10.17875/gup2010-511
Lackenbacher1990_Lepalaissa,Lackenbacher,Le palais sans rival,1990,,La Découverte,https://doi.org/10.3917/dec.lacke.1990.01,10.3917/dec.lacke.1990.01
Lackenbacher2002_Textesakka,Lackenbacher,Textes akkadiens d’Ugarit,2002,,,https://openalex.org/W3208924040,
Lafont1990_Nouvellesl,Lafont,Nouvelles lettres du temps des rois d’Ur,1990,,EDP Sciences,https://doi.org/10.1051/rnd:19900118,10.1051/rnd:19900118
Lafont1992_Messagerse,Lafont,Messagers et ambassadeurs dans les archives de Mari,1992,,PERSEE Program,https://doi.org/10.3406/retra.1992.1628,10.3406/retra.1992.1628
Lafont1997_Lefonction,Lafont,Le fonctionnement de la poste,1997,,OpenEdition,https://doi.org/10.4000/praxematique.3055,10.4000/praxematique.3055
Lafont2000_Lestextesj,Lafont,Les textes judiciaires sumériens,2000,,PERSEE Program,https://doi.org/10.3406/pharm.2000.5083,10.3406/pharm.2000.5083
Lafont2001_Relationsi,Lafont,Relations internationales,2001,,Informa UK Limited,https://doi.org/10.1080/09592290108406187,10.1080/09592290108406187
Unknown1997_Jureretmau,Unknown,Jurer et maudire,1997,,,https://openalex.org/W2561321867,
Lafont1999_Femmesdroi,Lafont,"Femmes, droit et justice dans l’Antiquité orientale",1999,,Presses Universitaires de France,https://doi.org/10.3917/puf.carba.1999.01.0019,10.3917/puf.carba.1999.01.0019
Lambert1960_Babylonian,Lambert,Babylonian Wisdom Literature,1960,,Oxford University Press (OUP),https://doi.org/10.1093/jss/5.2.113,10.1093/jss/5.2.113
Lambert1967_Enmedurank,Lambert,Enmeduranki and Related Matters,1967,,University of Chicago Press,https://doi.org/10.2307/1359367,10.2307/1359367
Lambert1989_TheLawsofH,Lambert,The Laws of Hammurabi in the First Millennium,1989,,American Chemical Society (ACS),https://doi.org/10.1021/om00109a019,10.1021/om00109a019
Lambert1992_Catalogueo,Lambert,Catalogue of the Cuneiform Tablets... Third Supplement,1992,,JSTOR,https://doi.org/10.2307/215373,10.2307/215373
Lambert1999_LiteraryTe,Lambert,Literary Texts from Nimrud,1999,,Cambridge University Press (CUP),https://doi.org/10.1017/s0020589300063429,10.1017/s0020589300063429
Lambert1968_SecondSupp,Lambert,Second Supplement to Catalogue,1968,,DE GRUYTER,https://doi.org/10.1515/9783110805376.473,10.1515/9783110805376.473
Landsberger1937_DieSeriean,Landsberger,Die Serie ana ittišu,1937,,,https://openalex.org/W1565194814,
Larsen1987_TheBabylon,Larsen,The Babylonian Lukewarm Mind,1987,,,https://openalex.org/W2001503096,https://doi.org/10.1515/janeh-2013-0005
Larsen1988_TheRoleofW,Larsen,The Role of Writing and Literacy,1988,"Berlin, Heidelberg",Springer Berlin Heidelberg,https://doi.org/10.1007/978-3-642-72877-8_6,10.1007/978-3-642-72877-8_6
Larsen1989_WhatTheyWr,Larsen,What They Wrote on Clay,1989,,,https://openalex.org/W1897139626,https://doi.org/10.1126/science.aac4716
Larsen1996_TheConques,Larsen,The Conquest of Assyria,1996,,,https://openalex.org/W2902445006,
Leemans1960_ForeignTra,Leemans,Foreign Trade in the Old Babylonian Period,1960,,BRILL,https://doi.org/10.1163/9789004668768,10.1163/9789004668768
Leemans1982_Lafonction,Leemans,La fonction des sceaux,1982,,BRILL,https://doi.org/10.1163/9789004664951_021,10.1163/9789004664951_021
Leemans1991_Textespale,Leemans,Textes paléo-babyloniens,1991,,,https://openalex.org/W2229844428,https://doi.org/10.1086/jcs40025989
Unknown1988_AScientifi,Unknown,A Scientific Humanist,1988,,,https://openalex.org/W2057333735,
Unknown2007_TheBabylon,Unknown,The Babylonian World,2007,,,https://openalex.org/W1843585577,https://doi.org/10.4324/9780203946237
Leiderer1990_Anatomiede,Leiderer,Anatomie der Schafsleber im babylonischen Leberorakel,1990,,,https://openalex.org/W1588639374,https://doi.org/10.4000/trivium.4179
Lemaire2001_Nouvellest,Lemaire,Nouvelles tablettes araméennes,2001,,,https://openalex.org/W342547843,
Lieberman1992_NippurCity,Lieberman,Nippur: City of Decisions,1992,,,https://openalex.org/W3040312866,
Linssen2003_TheCultsof,Linssen,The Cults of Uruk and Babylon,2003,,,https://openalex.org/W2574278553,https://doi.org/10.1163/9789047412335
Lion2001_Lesgouvern,Lion,Les gouverneurs provinciaux,2001,,,https://openalex.org/W631310328,https://doi.org/10.4000/books.pur.109422
Liverani1973_Memorandum,Liverani,Memorandum on the Approach to Historiographic Texts,1973,,,https://openalex.org/W3164808196,https://doi.org/10.4324/9781003157717-5
Liverani2001_Mesopotami,Liverani,Mesopotamian Historiography and the Amarna Letters,2001,,,https://openalex.org/W4206333812,https://doi.org/10.23993/store.88220
Livingstone1999_TheMagicof,Livingstone,The Magic of Time,1999,,Springer Science and Business Media LLC,https://doi.org/10.1007/s002270050602,10.1007/s002270050602
Luckenbill1924_Inscriptio,Luckenbill,Inscriptions of Sennacherib,1924,,,https://openalex.org/W641086971,https://doi.org/10.1515/9781575066790
Luukko2007_TheAdminis,Luukko,The Administrative Roles of the Chief Scribe,2007,,,https://openalex.org/W2339389978,
Luukko2002_ThePolitic,Luukko,The Political Correspondence of Esarhaddon,2002,,,https://openalex.org/W1518480926,
Machinist1993_HeavenlyWi,Machinist,Heavenly Wisdom,1993,,,https://openalex.org/W629349619,https://doi.org/10.1163/9789004350489
Malbran-Labat1995_Lesinscrip,Malbran-Labat,Les inscriptions royales de Suse: Briques de l’époque paléo-élamite à l’Empire néo-élamite,1995,,PERSEE Program,https://doi.org/10.3406/crai.1995.15480,10.3406/crai.1995.15480
Marazzi1994_MagliIttit,Marazzi,Ma gli Ittiti scrivevano veramente su ‘legno’?,1994,,,https://openalex.org/W877364095,https://doi.org/10.36253/978-88-8453-923-6
Margueron1986_Quelquesre,Margueron,Quelques remarques concernant les archives retrouvées dans le palais de Mari,1986,,PERSEE Program,https://doi.org/10.3406/crai.1986.14449,10.3406/crai.1986.14449
Margueron1995_Notesdarch,Margueron,Notes d’archéologie et d’architecture orientales 7: Le four à tablettes de l’ancienne ‘cour V’ du palais d’Ugarit,1995,,PERSEE Program,https://doi.org/10.3406/syria.1995.7466,10.3406/syria.1995.7466
Unknown2000_Assyriolog,Unknown,Assyriologica et Semitica: Festschrift für Joachim Oelsner anlässlich seines 65. Geburtstages am 18,2000,,,,
Matthiae1986_TheArchive,Matthiae,The Archives of the Royal Palace G of Ebla,1986,,,https://openalex.org/W3160866549,https://doi.org/10.13173/stebla/2015/1/1
Matthiae2008_Gliarchivi,Matthiae,"Gli archivi reali di Ebla: La scoperta, i testi, il significato",2008,,Elsevier BV,https://doi.org/10.1016/j.palaeo.2008.03.034,10.1016/j.palaeo.2008.03.034
Unknown1995_Nineveh612,Unknown,Nineveh 612 BC: The Glory and Fall of the Assyrian Empire,1995,,,https://openalex.org/W7112580169,
Maul1991_ReviewofGu,Maul,Review of Gurney 1989,1991,,,https://openalex.org/W1969789360,https://doi.org/10.1074/jbc.272.30.18515
Maul1994_DieKorresp,Maul,Die Korrespondenz des Iasim-Sime,1994,,,,
Unknown1998_Festschrif,Unknown,Festschrift für Rykle Borger,1998,,,https://openalex.org/W639116071,
Maul1999_HowtheBaby,Maul,How the Babylonians Protected Themselves against Calamities Announced by Omens,1999,,,https://openalex.org/W4253035025,https://doi.org/10.1163/9789004496293_011
Maul2003_DieResteei,Maul,Die Reste einer mittelassyrischen Beschwörerbibliothek,2003,,Georg Thieme Verlag KG,https://doi.org/10.1055/s-2003-37465,10.1055/s-2003-37465
Maul2005_BilingualH,Maul,Bilingual Hymns from the Seleucid–Arsacid Period,2005,,American Physical Society (APS),https://doi.org/10.1103/physrevb.71.045428,10.1103/physrevb.71.045428
Metman1961_Sigillogra,Metman,Sigillographie,1961,,,https://openalex.org/W658704477,
Michalowski1981_Konigsbrie,Michalowski,Königsbriefe,1981,,,https://openalex.org/W2090579051,https://doi.org/10.1515/apf.1920.6.3-4.324
Michalowski1983_ReviewofLC,Michalowski,"Review of L. Cagni, Briefe aus dem Iraq Museum",1983,,University of Chicago Press,https://doi.org/10.2307/3515967,10.2307/3515967
Michalowski1993_Lettersfro,Michalowski,Letters from Early Mesopotamia,1993,,Wiley,https://doi.org/10.1525/aa.1993.95.1.02a00540,10.1525/aa.1993.95.1.02a00540
Michalowski1994_TheDrinkin,Michalowski,The Drinking of Gods,1994,,,https://openalex.org/W3125960476,
Michalowski2003_TheLibrari,Michalowski,The Libraries of Babel,2003,,,https://openalex.org/W2297622610,
Michalowski0_Forthcomin,Michalowski,Forthcoming,0000,,,https://openalex.org/W2228221433,https://doi.org/10.1016/j.jtho.2015.09.009
Miller2001_HattusiliI,Miller,Hattusili I’s Expansion into Northern Syria,2001,,University of Chicago Press,https://doi.org/10.2307/3210841,10.2307/3210841
Mittermayer2006_Altbabylon,Mittermayer,Altbabylonische Zeichenliste der sumerisch-literarischen Texte,2006,,Georg Thieme Verlag KG,https://doi.org/10.1055/s-2006-943899,10.1055/s-2006-943899
Mora2004_Leletteret,Mora,Le lettere tra i re ittiti e i re assiri ritrovate a Hattuša,2004,,MathDoc/Centre Mersenne,https://doi.org/10.1016/s1631-0721(04)00181-0,10.1016/s1631-0721(04)00181-0
Moran2003_AmarnaStud,Moran,Amarna Studies: Collected Writings,2003,,BRILL,https://doi.org/10.1163/9789004369832,10.1163/9789004369832
Morandi1988_Steleestat,Morandi,Stele e statue reali assire,1988,,,https://openalex.org/W2598738474,https://doi.org/10.5356/orient.49.31
Scafa1999_TheScribes,Scafa,The Scribes of Nuzi,1999,,,https://openalex.org/W2011710246,https://doi.org/10.1086/370573
Nougayrol1955_Textesacca,Nougayrol,"Textes accadiens et hourrites des archives est, ouest et centrales",1955,,PERSEE Program,https://doi.org/10.3406/crai.1955.10522,10.3406/crai.1955.10522
Nougayrol1956_Textesacca,Nougayrol,Textes accadiens des archives sud,1956,,JSTOR,https://doi.org/10.2307/1515729,10.2307/1515729
Oettinger1976_Diemilitar,Oettinger,Die militärischen Eide der Hethiter,1976,,Erdkunde,https://doi.org/10.3112/erdkunde.1976.01.05,10.3112/erdkunde.1976.01.05
Offner1950_Aproposdel,Offner,À propos de la sauvegarde des tablettes,1950,,PERSEE Program,https://doi.org/10.3406/linly.1950.7344,10.3406/linly.1950.7344
Oppenheim1960_TheCityofA,Oppenheim,The City of Assur in 714 BC,1960,,University of Chicago Press,https://doi.org/10.1086/371573,10.1086/371573
Ouy1961_Lesbibliot,Ouy,Les bibliothèques,1961,,PERSEE Program,https://doi.org/10.3406/crai.1961.11327,10.3406/crai.1961.11327
Palaima2003_Archivesan,Palaima,‘Archives’ and ‘Scribes’ in Mycenaean Linear B Records,2003,,Oxford University PressOxford,https://doi.org/10.1093/oso/9780199252459.003.0008,10.1093/oso/9780199252459.003.0008
Unknown2008_Lalettreda,Unknown,La lettre d’archive,2008,,,https://openalex.org/W2084594961,https://doi.org/10.1353/jcs.2007.0016
Pantalacci2008_Archivagee,Pantalacci,Archivage et scribes dans l’oasis de Dakhla,2008,,Presses universitaires de Perpignan,https://doi.org/10.4000/books.pupvd.681,10.4000/books.pupvd.681
Parpola1987_TheForlorn,Parpola,The Forlorn Scholar,1987,,,https://openalex.org/W2082670859,https://doi.org/10.2307/604592
Unknown1987_StateArchi,Unknown,State Archives of Assyria,1987,,,https://openalex.org/W3187881060,
Parpola1993_Mesopotami,Parpola,Mesopotamian Astrology and Astronomy,1993,,,https://openalex.org/W565850584,https://doi.org/10.1163/9789004453326
Parpola1995_TheImperia,Parpola,The Imperial Archives of Nineveh,1995,,,https://openalex.org/W2147538757,https://doi.org/10.1215/08992363-16-3-347
Parpola1997_TheManwith,Parpola,The Man without a Scribe,1997,,,https://openalex.org/W1596655614,https://doi.org/10.1090/gsm/030
Parpola1988_NeoAssyria,Parpola,Neo-Assyrian Treaties and Loyalty Oaths,1988,,,https://openalex.org/W1543110572,
Parrot1954_Lesfouille,Parrot,Les fouilles de Mari,1954,,PERSEE Program,https://doi.org/10.3406/syria.1954.4996,10.3406/syria.1954.4996
Pearce1998_Babylonian,Pearce,Babylonian Commentaries and Intellectual Innovation,1998,,,https://openalex.org/W2010425177,https://doi.org/10.1007/s13311-014-0257-2
Poebel1909_Babylonian,Poebel,Babylonian Legal and Business Documents,1909,,,https://openalex.org/W569307762,
Pongratz-Leisten1999_Herrschaft,Pongratz-Leisten,Herrschaftswissen in Mesopotamien,1999,,,https://openalex.org/W657226420,
Postgate1976_FiftyNeoAs,Postgate,Fifty Neo-Assyrian Legal Documents,1976,,,https://openalex.org/W2007513913,https://doi.org/10.2307/1356765
Postgate1986_Administra,Postgate,Administrative Archives from the City of Assur,1986,,Oxford University Press (OUP),https://doi.org/10.1016/0378-1097(86)90230-2,10.1016/0378-1097(86)90230-2
Postgate2003_Documentsi,Postgate,Documents in Government under the Middle Assyrian Kingdom,2003,,Oxford University PressOxford,https://doi.org/10.1093/oso/9780199252459.003.0006,10.1093/oso/9780199252459.003.0006
Potts1990_LockandKey,Potts,Lock and Key in Ancient Mesopotamia,1990,,,https://openalex.org/W2757288854,https://doi.org/10.17083/ijsg.v4i3.180
Powell1991_NaramSinSo,Powell,"Naram-Sin, Son of Sargon",1991,,Walter de Gruyter GmbH,https://doi.org/10.1515/zava.1991.81.1-2.20,10.1515/zava.1991.81.1-2.20
Prang1981_Sonderbest,Prang,Sonderbestimmungen in altbabylonischen Erbteilungsurkunden,1981,,,https://openalex.org/W2031944765,https://doi.org/10.1515/zava.1980.70.1.36
Radner1995_TheRelatio,Radner,The Relation between Format and Content of Neo-Assyrian Texts,1995,,,https://openalex.org/W1645321990,https://doi.org/10.5282/ubm/epub.25086
Radner2005_DieMachtde,Radner,Die Macht des Namens,2005,,,https://openalex.org/W202747031,
Reade1998_NiniveNine,Reade,Ninive (Nineveh,1998,,JSTOR,https://doi.org/10.2307/4200453,10.2307/4200453
Reiner1960_PlagueAmul,Reiner,Plague Amulets and House Blessings,1960,,University of Chicago Press,https://doi.org/10.1086/371574,10.1086/371574
Reiner1961_TheEtiolog,Reiner,The Etiological Myth of the Seven Sages,1961,,,https://openalex.org/W2123180161,https://doi.org/10.46743/2160-3715/2006.1663
Reiner2004_RunawaySei,Reiner,Runaway—Seize Him,2004,,,https://openalex.org/W2796257026,https://doi.org/10.4324/9781315184555-7
Reiner2005_Babylonian,Reiner,Babylonian Planetary Omens,2005,,BRILL,https://doi.org/10.1163/9789047415602,10.1163/9789047415602
Renger1971_Uberlegung,Renger,Überlegungen zum akkadischen Syllabar,1971,,Walter de Gruyter GmbH,https://doi.org/10.1515/zava.1971.61.1.23,10.1515/zava.1971.61.1.23
Richardson2006_gir2gennaa,Richardson,gir2-gen-na and Šulgi’s ‘Library.’,2006,,SAGE Publications,https://doi.org/10.1177/0340035206066410,10.1177/0340035206066410
Richter2005_Qatnainthe,Richter,Qatna in the Late Bronze Age,2005,,Elsevier BV,https://doi.org/10.1016/j.jas.2005.03.005,10.1016/j.jas.2005.03.005
Unknown1987_LanguageLi,Unknown,"Language, Literature and History: Studies Presented to Erica Reiner",1987,,,https://openalex.org/W2082670859,https://doi.org/10.2307/604592
Robson2004_TheHeavenl,Robson,The Heavenly Writing,2004,,BRILL,https://doi.org/10.1163/9789401202565,10.1163/9789401202565
Robson2006_OldBabylon,Robson,Old Babylonian Celestial Divination,2006,,Springer Science and Business Media LLC,https://doi.org/10.1007/bf02850309,10.1007/bf02850309
Rubio2000_OntheOrtho,Rubio,On the Orthography of Sumerian Literary Texts from the Ur III Period,2000,,American Physical Society (APS),https://doi.org/10.1103/physrevb.62.16612,10.1103/physrevb.62.16612
Russell1999_TheWriting,Russell,The Writing on the Wall,1999,,Penn State University Press,https://doi.org/10.5325/j.ctv1bxh1sn,10.5325/j.ctv1bxh1sn
Ruster1972_Hethitisch,Rüster,Hethitische Keilschrift-Paläographie,1972,,,https://openalex.org/W641378180,
Ruster1975_Hethitisch,Rüster,Hethitische Keilschrift-Paläographie II,1975,,,https://openalex.org/W644777067,
Sachs1976_TheLatestD,Sachs,The Latest Datable Cuneiform Tablets,1976,,,https://openalex.org/W2321072882,https://doi.org/10.1515/za-2014-0015
Sallaberger1996_ZueinigenJ,Sallaberger,Zu einigen Jahresdaten Enlil-banis von Isin,1996,,Walter de Gruyter GmbH,https://doi.org/10.1515/zava.1996.86.2.177,10.1515/zava.1996.86.2.177
Sallaberger1999_Wenndumein,Sallaberger,Wenn du mein Bruder bist ...: Interaktion und Textgestaltung in altbabylonischen Alltagsbriefen,1999,,BRILL,https://doi.org/10.1163/9789004664449,10.1163/9789004664449
Sallaberger2001_DieEntwick,Sallaberger,Die Entwicklung der Keilschrift in Ebla,2001,,,https://openalex.org/W2530096090,https://doi.org/10.1515/9783110459630-009
Sallaberger2004_DasEndedes,Sallaberger,Das Ende des Sumerischen: Tod und Nachleben einer altmesopotamischen Sprache,2004,,,https://openalex.org/W4367676272,https://doi.org/10.1093/pnasnexus/pgad096
Sallaberger2008_DasGilgame,Sallaberger,"Das Gilgamesch-Epos: Mythos, Werk und Tradition",2008,,,https://openalex.org/W406443487,https://doi.org/10.17104/9783406652141
Unknown2003_LiteraturP,Unknown,"Literatur, Politik und Recht in Mesopotamien: Festschrift für Claus Wilcke",2003,,,https://openalex.org/W351627376,
Salvini1994_Unalettera,Salvini,Una lettera di Ḫattušili I relativa alla spedizione contro Hahhum,1994,,,,
Unknown1961_Lhistoiree,Unknown,L’histoire et ses méthodes,1961,,,https://openalex.org/W359005134,https://doi.org/10.14375/np.9782070793778
Unknown2006_MarginsofW,Unknown,"Margins of Writing, Origins of Culture: New Approaches to Writing and Reading in the Ancient Near East",2006,,,https://openalex.org/W2165673991,
Nicolo1922_DieSchluss,Nicolò,Die Schlussklauseln der altbabylonischen Kauf- und Tauschverträge,1922,,,https://openalex.org/W2124649191,
Sasson1981_OnIdrimian,Sasson,"On Idrimi and Sarruwa, the Scribe",1981,,,https://openalex.org/W2196585450,
Sasson1988_ShunuhraHa,Sasson,Shunuhra-Ḫalu,1988,,,,
Sasson1995_Waterbenea,Sasson,Water beneath Straw: Adventures of a Prophetic Phrase in the Mari Archives,1995,,,https://openalex.org/W2036149634,
Sasson1997_TheVowofMu,Sasson,"The Vow of Mutiya, King of Shekhna",1997,,,https://openalex.org/W2197260421,
Sasson1998_TheKingand,Sasson,The King and I: A Mari King in Changing Perception,1998,,JSTOR,https://doi.org/10.2307/604782,10.2307/604782
Sasson2002_TheBurdeno,Sasson,The Burden of Scribes,2002,,Penn State University Press,https://doi.org/10.5325/j.ctv1bxh4wn.20,10.5325/j.ctv1bxh4wn.20
Unknown1995_Civilizati,Unknown,Civilizations of the Ancient Near East,1995,,,https://openalex.org/W1576983394,https://doi.org/10.5860/choice.33-5435
Schaudig2002_DieInschri,Schaudig,Die Inschriften Nabonids von Babylon und Kyros’ des Großen,2002,,Springer Science and Business Media LLC,https://doi.org/10.1007/s00347-001-0585-6,10.1007/s00347-001-0585-6
Scheil1937_Auserviced,Scheil,Au service de Clio: Notices diverses,1937,,,https://openalex.org/W2263979753,https://doi.org/10.5334/irsp.8
Seidl2007_Assurbanip,Seidl,Assurbanipals Griffel,2007,,Walter de Gruyter GmbH,https://doi.org/10.1515/za.2007.006,10.1515/za.2007.006
Unknown2003_Festschrif,Unknown,Festschrift für Burkhart Kienast zum 70,2003,,,,
Seminara2004_Leiscrizio,Seminara,Le iscrizioni reali sumero-accadiche d’età paleobabilonese,2004,,,,
Seux1976_Hymnesetpr,Seux,Hymnes et prières aux dieux de Babylonie et d’Assyrie,1976,,,,
Shaffer2000_ANewLookat,Shaffer,A New Look at Some Old Catalogues,2000,,Oxford University Press,https://doi.org/10.1093/acprof:oso/9780195136838.003.0004,10.1093/acprof:oso/9780195136838.003.0004
Sigrist1984_Lessattukk,Sigrist,Les šattukku dans l’Ešumeša durant la période d’Isin et Larsa,1984,,,,
Singer2003_TheGreatSc,Singer,The Great Scribe Taki-Šarruma,2003,,Penn State University Press,https://doi.org/10.1515/9781575065434-032,10.1515/9781575065434-032
Sjoberg1972_InPraiseof,Sjöberg,In Praise of the Scribal Art,1972,,University of Chicago Press,https://doi.org/10.2307/1359632,10.2307/1359632
Sjoberg1973_DerVaterun,Sjöberg,Der Vater und sein missratener Sohn,1973,,University of Chicago Press,https://doi.org/10.2307/1359447,10.2307/1359447
Skaist1990_TheSaleCon,Skaist,The Sale Contracts from Khafajah,1990,,,https://openalex.org/W2883815754,https://doi.org/10.17159/2411-7870/2018/v24n1a7
Slanski2003_TheBabylon,Slanski,The Babylonian Entitlement narû (Kudurrus,2003,,BRILL,https://doi.org/10.1163/9789047402091_012,10.1163/9789047402091_012
Slanski2003_Representa,Slanski,Representation of the Divine on the Babylonian Entitlement Monuments,2003,,BRILL,https://doi.org/10.1163/9789047402091_012,10.1163/9789047402091_012
Smith1876_TheChaldea,Smith,The Chaldean Account of Genesis,1876,,American Journal of Science (AJS),https://doi.org/10.2475/ajs.s3-12.69.207,10.2475/ajs.s3-12.69.207
Sollberger1966_Businessan,Sollberger,Business and Administrative Correspondence under the Kings of Ur,1966,,,https://openalex.org/W1990799146,https://doi.org/10.2307/3596090
Sollberger1968_TheCrucifo,Sollberger,The Cruciform Monument,1968,,,https://openalex.org/W2087734521,https://doi.org/10.1086/370937
Sollberger1971_Inscriptio,Sollberger,Inscriptions royales sumériennes et akkadiennes,1971,,JSTOR,https://doi.org/10.2307/939348,10.2307/939348
Spada2007_Testiecono,Spada,Testi economici da Ur di periodo paleo-babilonese,2007,,,https://openalex.org/W3042239569,https://doi.org/10.12977/ocula2020-26
Spycket1981_Lastatuair,Spycket,La statuaire du Proche-Orient ancien,1981,,BRILL,https://doi.org/10.1163/9789004495623,10.1163/9789004495623
Steinkeller2003_ArchivalPr,Steinkeller,Archival Practices at Babylonia in the Third Millennium,2003,,Oxford University PressOxford,https://doi.org/10.1093/oso/9780199252459.003.0003,10.1093/oso/9780199252459.003.0003
Steve1992_Syllabaire,Steve,Syllabaire élamite: Histoire et paléographie,1992,,Oxford University Press (OUP),https://doi.org/10.1086/ahr/97.1.224,10.1086/ahr/97.1.224
Stol1981_Lettersfro,Stol,Letters from Yale,1981,,BRILL,https://doi.org/10.1163/9789004672208_004,10.1163/9789004672208_004
Stol2001_ARescripto,Stol,A Rescript of an Old Babylonian Letter,2001,,,https://openalex.org/W2773657946,
Stolper1998_Inscribedi,Stolper,Inscribed in Egyptian,1998,,,https://openalex.org/W2796392430,https://doi.org/10.2307/3855484
Streck2000_Dasamurrit,Streck,Das amurritische Onomastikon der altbabylonischen Zeit,2000,Wiesbaden,VS Verlag für Sozialwissenschaften,https://doi.org/10.1007/978-3-663-10752-1_2,10.1007/978-3-663-10752-1_2
Svenbro1997_LaGrecearc,Svenbro,La Grèce archaïque et classique,1997,,,https://openalex.org/W2318494484,https://doi.org/10.3406/bude.1979.3451
Tadmor1997_Propaganda,Tadmor,"Propaganda, Literature, Historiography",1997,,,https://openalex.org/W1986560800,https://doi.org/10.2307/300874
Unknown1998_EnSyrieaux,Unknown,En Syrie aux origines de l’écriture,1998,,,,
Tanret2005_Shekelsfor,Tanret,Shekels for the Scribe,2005,,,https://openalex.org/W48197519,
Tanret2003_Puzzlingwi,Tanret,Puzzling with Numbers,2003,,,https://openalex.org/W2619720640,https://doi.org/10.1089/ars.2017.7123
Teissier1961_Diplomatiq,Teissier,Diplomatique,1961,,,https://openalex.org/W1606106797,
Unknown1950_TheHistory,Unknown,The History of the Peloponnesian War,1950,,,https://openalex.org/W4231661186,https://doi.org/10.4159/dlcl.thucydides-history_peloponnesian_war.1919
Thureau-Dangin1912_Notesassyr,Thureau-Dangin,Notes assyriologiques XVI,1912,,,https://openalex.org/W48197519,
Ulshefer1995_Diealtassy,Ulshefer,Die altassyrischen Privaturkunden,1995,,,https://openalex.org/W2323980796,https://doi.org/10.2307/604810
Mieroop1997_OnWritinga,Mieroop,On Writing a History of the Ancient Near East,1997,,JSTOR,https://doi.org/10.2307/369469,10.2307/369469
Mieroop1999_CuneiformT,Mieroop,Cuneiform Texts and the Writing of History,1999,,,https://openalex.org/W2118936181,https://doi.org/10.4324/9780203978375
Mieroop2000_SargonofAg,Mieroop,Sargon of Agade and His Successors in Anatolia,2000,,,https://openalex.org/W115764427,
Toorn2000_CuneiformD,Toorn,Cuneiform Documents from Syria-Palestine,2000,,University of California Press,https://doi.org/10.2307/832018,10.2307/832018
Toorn2007_WhyWisdomB,Toorn,Why Wisdom Became a Secret,2007,,,https://openalex.org/W2570760970,https://doi.org/10.1038/s41562-016-0021
Dijk1965_Uneinsurre,Dijk,Une insurrection générale au pays de Larsa,1965,,University of Chicago Press,https://doi.org/10.2307/1359552,10.2307/1359552
Driel1973_ReviewofEl,Driel,Review of Ellis 1968,1973,,,https://openalex.org/W1987805154,https://doi.org/10.1148/91.4.831b
Unknown1982_Zikirsumim,Unknown,Zikir šumim,1982,,,https://openalex.org/W650854245,
Lerberghe1989_ALongLasti,Lerberghe,A Long Lasting Life,1989,,,https://openalex.org/W1988125482,https://doi.org/10.1210/en.2008-0633
Lerberghe1994_AnOldBabyl,Lerberghe,An Old Babylonian Clone,1994,,,https://openalex.org/W2521225964,
Unknown2001_VeenhofAnn,Unknown,Veenhof Anniversary Volume,2001,,Office of Scientific and Technical Information (OSTI),https://doi.org/10.2172/810376,10.2172/810376
Soldt2001_Nahissalmu,Soldt,Nahiššalmu,2001,,,,
Vanstiphout1978_LipitIstar,Vanstiphout,Lipit-Ištar’s Praise in Edubba,1978,,University of Chicago Press,https://doi.org/10.2307/1359932,10.2307/1359932
Vanstiphout2003_EpicsofSum,Vanstiphout,Epics of Sumerian Kings: The Matter of Aratta,2003,,,https://openalex.org/W1551778321,https://doi.org/10.5860/choice.42-0140
Vanstiphout2003_TheOldBaby,Vanstiphout,The Old Babylonian Literary Canon,2003,,,https://openalex.org/W2570381737,
Veenhof1966_ReviewofKu,Veenhof,Review of Kutsch 1963,1966,,,https://openalex.org/W2133285250,https://doi.org/10.5194/bg-7-1915-2010
Veenhof1986_CuneiformA,Veenhof,Cuneiform Archives: An Introduction,1986,,,https://openalex.org/W630788782,https://doi.org/10.2307/4352948
Veenhof2003_Fatherhood,Veenhof,Fatherhood Is a Matter of Opinion,2003,,,https://openalex.org/W610462646,
Veenhof2008_Mesopotami,Veenhof,Mesopotamia: The Old Assyrian Period,2008,,,https://openalex.org/W2803484162,https://doi.org/10.5167/uzh-151184
Veldhuis1999_ThePoetryo,Veldhuis,The Poetry of Magic,1999,,,https://openalex.org/W2800193257,https://doi.org/10.2307/20631341
Verbrugghe1996_Berossosan,Verbrugghe,Berossos and Manetho,1996,"Ann Arbor, MI",University of Michigan Press,https://doi.org/10.3998/mpub.15356,10.3998/mpub.15356
Villard1992_Parademili,Villard,Parade militaire dans les jardins de Babylone,1992,,PERSEE Program,https://doi.org/10.3406/bch.1992.1696,10.3406/bch.1992.1696
Villard1995_Lesdernier,Villard,Les derniers rapports des devins néo-assyriens,1995,,,,
Villard2006_Achemineme,Villard,Acheminement et réception de la correspondance royale,2006,,Ausonius Éditions,https://doi.org/10.4000/books.ausonius.578,10.4000/books.ausonius.578
Villard2008_Leslettres,Villard,Les lettres du temple d’Aššur,2008,,Éducagri éditions,https://doi.org/10.3917/edagri.colle.2008.01.0045,10.3917/edagri.colle.2008.01.0045
Vincente1995_TheTallLei,Vincente,The Tall Leilan Recension of the Sumerian King List,1995,,Walter de Gruyter GmbH,https://doi.org/10.1515/zava.1995.85.2.234,10.1515/zava.1995.85.2.234
Voet1993_SealinginP,Voet,Sealing in Philadelphia and Elsewhere,1993,,,https://openalex.org/W2518985988,
Voet1994_Comments,Voet,Comments,1994,,,https://openalex.org/W2047884674,https://doi.org/10.1175/1520-0477(1982)063<1309:scoteo>2.0.co;2
Weiher1983_Spatbabylo,Weiher,Spätbabylonische Texte aus Uruk,1983,,,https://openalex.org/W610269624,
Waetzoldt1991_ReviewofTh,Waetzoldt,Review of The Organization of Power,1991,,JSTOR,https://doi.org/10.2307/604312,10.2307/604312
Unknown1997_Assyrienim,Unknown,Assyrien im Wandel der Zeiten,1997,,,https://openalex.org/W600906337,
Walker1987_CuneiformR,Walker,Cuneiform: Reading the Past,1987,,Oxford University Press (OUP),https://doi.org/10.1093/elt/41.1.46,10.1093/elt/41.1.46
Walker1987_TheKouyunj,Walker,The Kouyunjik Collection,1987,,,https://openalex.org/W578763127,
Walker2001_TheInducti,Walker,The Induction of the Cult Image in Ancient Mesopotamia,2001,,Informa UK Limited,https://doi.org/10.1080/03612759.2001.10527852,10.1080/03612759.2001.10527852
Watanabe1985_DieBriefed,Watanabe,Die Briefe der neuassyrischen Könige,1985,,"Society of Rubber Industry, Japan",https://doi.org/10.2324/gomu.58.411,10.2324/gomu.58.411
Weisberg1969_AnOldBabyl,Weisberg,An Old Babylonian Forerunner to šumma ālu,1969,,Elsevier BV,https://doi.org/10.1016/0022-0965(69)90087-3,10.1016/0022-0965(69)90087-3
Westbrook1988_OldBabylon,Westbrook,Old Babylonian Marriage Law,1988,,University of Chicago Press,https://doi.org/10.2307/3210041,10.2307/3210041
Westenholz2007_TheGraecoB,Westenholz,The Graeco-Babyloniaca Once Again,2007,,Walter de Gruyter GmbH,https://doi.org/10.1515/za.2007.014,10.1515/za.2007.014
Westenholz1993_Writingfor,Westenholz,Writing for Posterity,1993,,,https://openalex.org/W2502900407,https://doi.org/10.1515/9783110430783-015
Westenholz1997_Legendsoft,Westenholz,Legends of the Kings of Akkade,1997,,Penn State University Press,https://doi.org/10.5325/j.ctv1bxh1xq,10.5325/j.ctv1bxh1xq
Westenholz2004_TheOldAkka,Westenholz,The Old Akkadian Presence at Nineveh,2004,,JSTOR,https://doi.org/10.2307/4200552,10.2307/4200552
Whiting1977_SealingPra,Whiting,Sealing Practices at Eshnunna,1977,,,https://openalex.org/W4206712948,https://doi.org/10.5508/jhs29595
Whiting1987_OldBabylon,Whiting,Old Babylonian Letters from Tell Asmar,1987,,Proceedings of the National Academy of Sciences,https://doi.org/10.1073/pnas.84.2.595,10.1073/pnas.84.2.595
Wilcke2006_DieHymneau,Wilcke,Die Hymne auf das Heiligtum Keš,2006,,BRILL,https://doi.org/10.1163/9789047410683_014,10.1163/9789047410683_014
Wilhelm1970_Untersuchu,Wilhelm,Untersuchungen zum Hurro-Akkadischen von Nuzi,1970,,Springer Science and Business Media LLC,https://doi.org/10.1007/bf00259698,10.1007/bf00259698
Wilhelm1991_AHurrianLe,Wilhelm,A Hurrian Letter from Tell Brak,1991,,JSTOR,https://doi.org/10.2307/4200345,10.2307/4200345
Unknown2004_TheCambrid,Unknown,The Cambridge Encyclopedia of the World’s Ancient Languages,2004,,,https://openalex.org/W2022640956,https://doi.org/10.1353/lan.0.0020
Unknown1914_Cyropaedia,Unknown,Cyropaedia,1914,,,https://openalex.org/W4388353162,https://doi.org/10.1093/oso/9780198144779.001.0001
Unknown2001_Etudesouga,Unknown,Études ougaritiques I,2001,,,https://openalex.org/W53667467,
Unknown1997_CrossingBo,Unknown,Crossing Boundaries and Linking Horizons,1997,,,https://openalex.org/W619288956,
Ziegler2000_Aspectseco,Ziegler,Aspects économiques des guerres de Šamši-Addu,2000,"Berlin, Heidelberg",Springer Berlin Heidelberg,https://doi.org/10.1007/978-3-642-59590-5_9,10.1007/978-3-642-59590-5_9
Unknown2006_Lamusiquea,Unknown,La musique au Proche-Orient ancien,2006,,,https://openalex.org/W1489579999,https://doi.org/10.1522/cla.mam.man
Ziegler2007_Florilegiu,Ziegler,Florilegium marianum IX,2007,,,https://openalex.org/W4402119123,
Ziegler2004_Unelettred,Ziegler,Une lettre de Šamši-Addu découverte à Hazor?,2004,,JSTOR,https://doi.org/10.2307/4200553,10.2307/4200553
Ziegler2007_Amurritisc,Ziegler,Amurritisch lernen,2007,,Georg Thieme Verlag KG,https://doi.org/10.1055/s-0032-1308080,10.1055/s-0032-1308080
Barjamovic2008_AnOldAssyr,Barjamovic,An Old Assyrian Incantation against the Evil Eye,2008,,,https://openalex.org/W1974882981,https://doi.org/10.1524/aofo.2008.0011
Buccellati1993_ThroughaGl,Buccellati,Through a Glass Darkly: A Reconstruction of Old Babylonian Monuments Described in Old Babylonian Copies,1993,,,https://openalex.org/W2601012794,https://doi.org/10.5356/orient.49.51
Cammarosano2019_TheyWroteo,Cammarosano,They Wrote on Wax: Wax Boards in the Ancient Near East,2019,,,https://openalex.org/W4205815702,https://doi.org/10.1515/9783110753301-005
Chiera1956_TheyWroteo,Chiera,They Wrote on Clay: The Babylonian Tablets Speak Today,1956,,,https://openalex.org/W1557691884,
Dalley2020_TheFirstSe,Dalley,"The First Sealand Dynasty: Literacy, Economy, and the Likely Location of Dur-Enlil(e",2020,,De Gruyter,https://doi.org/10.1515/9781501510298-002,10.1515/9781501510298-002
Derksen2017_NewEvidenc,Derksen,New Evidence for Beeswax during the Old Assyrian Colony Period and the Ur III Period,2017,,Cambridge University Press (CUP),https://doi.org/10.1017/etds.2016.137,10.1017/etds.2016.137
Devecchi2020_DallaMesop,Devecchi,"Dalla Mesopotamia a Parigi, passando per Susa",2020,,,https://openalex.org/W4205815702,https://doi.org/10.1515/9783110753301-005
Eppihimer2010_Assembling,Eppihimer,Assembling King and State,2010,,University of Chicago Press,https://doi.org/10.3764/aja.114.3.365,10.3764/aja.114.3.365
Fales2010_NewLighton,Fales,New Light on Assyro-Aramaic Interference: The Assur Ostracon,2010,,,https://openalex.org/W3163373857,https://doi.org/10.52779/9781991201171/09
Feldman2009_Knowledgea,Feldman,Knowledge as Cultural Biography,2009,,Cambridge University Press (CUP),https://doi.org/10.1017/s0021875809990028,10.1017/s0021875809990028
Finkel2018_Amuletsaga,Finkel,Amulets against Fever,2018,,BRILL,https://doi.org/10.1163/9789004368088_014,10.1163/9789004368088_014
Finkel2019_Assurbanip,Finkel,Assurbanipal’s Library: An Overview,2019,,Oxford University Press,https://doi.org/10.1093/oso/9780199655359.003.0009,10.1093/oso/9780199655359.003.0009
Franklin2019_ReviewofVo,Franklin,Review of Voices on Birchbark,2019,,Walter de Gruyter GmbH,https://doi.org/10.1515/jhsl-2019-0002,10.1515/jhsl-2019-0002
Friberg1990_SeedandRee,Friberg,‘Seed and Reeds’,1990,,,https://openalex.org/W2473367122,
Greco2019_TheCodeofH,Greco,The Code of Hammurabi in Later Tradition,2019,,,https://openalex.org/W3212138681,https://doi.org/10.19272/201913401011
Guterbock1934_Diehistori,Güterbock,Die historische Tradition,1934,,Walter de Gruyter GmbH,https://doi.org/10.1515/zava.1934.42.1-4.1,10.1515/zava.1934.42.1-4.1
Harper1993_TheRoyalCi,Harper,The Royal City of Susa,1993,,Informa UK Limited,https://doi.org/10.1080/10261133.1993.9673849,10.1080/10261133.1993.9673849
Henkelman2012_SutrukNahh,Henkelman,Šutruk-Nahhunte,2012,,,https://openalex.org/W2323621047,https://doi.org/10.1524/olzg.1900.3.16.146
Heessel2012_Amuletteun,Heeßel,Amulette und ‘Amulettform’,2012,,,https://openalex.org/W2499346967,https://doi.org/10.1515/9783110371277.53
Jendritzki2019_Rekonstruk,Jendritzki,Rekonstruktion einer Elfenbein-Klapptafel,2019,,,https://openalex.org/W4205815702,https://doi.org/10.1515/9783110753301-005
Jursa2004_Accounting,Jursa,Accounting in Neo-Babylonian Institutional Archives,2004,,,https://openalex.org/W2601646975,https://doi.org/10.1086/690464
Konig1977_Dieelamisc,König,Die elamischen Königsinschriften,1977,Basel,Birkhäuser Basel,https://doi.org/10.1007/978-3-0348-5942-4,10.1007/978-3-0348-5942-4
Larsen2015_AncientKan,Larsen,Ancient Kanesh,2015,,Cambridge University Press,https://doi.org/10.1017/cbo9781316344781,10.1017/cbo9781316344781
Maiocchi2012_Ildolcesap,Maiocchi,Il dolce sapore della morte,2012,,,https://openalex.org/W1420257927,https://doi.org/10.1400/197868
Maul2012_Tontafelab,Maul,Tontafelabschriften des Kodex Hammurapi,2012,,Walter de Gruyter GmbH,https://doi.org/10.1515/za-2012-0003,10.1515/za-2012-0003
Michalowski1980_NewSources,Michalowski,New Sources Concerning Naram-Sin,1980,,University of Chicago Press,https://doi.org/10.2307/1359836,10.2307/1359836
Michalowski2020_TheKingdom,Michalowski,The Kingdom of Akkad in Contact with the World,2020,,Oxford University PressNew York,https://doi.org/10.1093/oso/9780190687854.003.0011,10.1093/oso/9780190687854.003.0011
Michel2020_WomenofAss,Michel,Women of Assur and Kanesh,2020,,SBL Press,https://doi.org/10.2307/j.ctv17ppd1s,10.2307/j.ctv17ppd1s
Nougayrol1958_Lesfragmen,Nougayrol,Les fragments en pierre du Code Hammourabien II,1958,,,https://openalex.org/W2776195311,
Ornan2019_Unfinished,Ornan,Unfinished Business,2019,,University of Chicago Press,https://doi.org/10.1086/703854,10.1086/703854
Panayotov2018_Magicomedi,Panayotov,Magico-medical Plants,2018,,BRILL,https://doi.org/10.1163/9789004373341_009,10.1163/9789004373341_009
Paulus2017_Akkadeinmi,Paulus,Akkade in mittelbabylonischer Zeit,2017,,,https://openalex.org/W4205815702,https://doi.org/10.1515/9783110753301-005
Postgate2001_SystemandS,Postgate,System and Style in Three Near Eastern Bureaucracies,2001,,,https://openalex.org/W4206663734,https://doi.org/10.2307/j.ctv27h1qbj.15
Potts1999_TheArchaeo,Potts,The Archaeology of Elam,1999,,Cambridge University Press,https://doi.org/10.1017/cbo9780511489617,10.1017/cbo9780511489617
Potts2006_Elamitesan,Potts,Elamites and Kassites in the Gulf,2006,,University of Chicago Press,https://doi.org/10.1086/504986,10.1086/504986
Potts2018_Archaeolog,Potts,Archaeology and the Art of the Ancient Near East,2018,,Wiley,https://doi.org/10.1002/9781118336779.ch25,10.1002/9781118336779.ch25
Powell1996_Wineandthe,Powell,Wine and the Vine in Ancient Mesopotamia,1996,,Walter de Gruyter GmbH,https://doi.org/10.1163/1568520962601225,10.1163/1568520962601225
Radner2014_AnImperial,Radner,An Imperial Communication Network,2014,,Oxford University Press,https://doi.org/10.1093/acprof:oso/9780199354771.003.0004,10.1093/acprof:oso/9780199354771.003.0004
Reichel2013_Eshnunna,Reichel,Eshnunna,2013,,,https://openalex.org/W2797503552,https://doi.org/10.2307/3768534
Rey2020_ASeleucidC,Rey,A Seleucid Cult of Royal Ancestors in Girsu,2020,,Archaeopress Publishing Ltd,https://doi.org/10.2307/j.ctv1ddckv5.9,10.2307/j.ctv1ddckv5.9
Robson2019_ScholarlyT,Robson,Scholarly Tablet Collections,2019,,Oxford University Press,https://doi.org/10.1093/oso/9780199655359.003.0008,10.1093/oso/9780199655359.003.0008
Unknown2019_LibrariesB,Unknown,Libraries Before Alexandria,2019,,Case Journals,https://doi.org/10.31525/ct1-nct03938363,10.31525/ct1-nct03938363
Sallaberger2012_Bierbrauen,Sallaberger,Bierbrauen in Versen,2012,,,https://openalex.org/W2776910765,
Thavapalan2019_Stonesfrom,Thavapalan,Stones from the Mountain,2019,,,https://openalex.org/W1108405894,https://doi.org/10.2307/3312475
Dijk1986_Diedynasti,Dijk,Die dynastischen Heiraten,1986,,,https://openalex.org/W97114587,https://doi.org/10.1007/s00112-004-1071-4
Veenhof2010_TheArchive,Veenhof,"The Archive of Kuliya, son of Ali-abum",2010,,,https://openalex.org/W2790579196,https://doi.org/10.1515/9783110541397
Veenhof2020_OldAssyria,Veenhof,Old Assyrian Iṣurtum,2020,,,https://openalex.org/W2317716279,https://doi.org/10.1524/aofo.2012.0020
Volk1999_Imkereiima,Volk,Imkerei im alten Mesopotamien?,1999,,,https://openalex.org/W2302324837,https://doi.org/10.11588/propylaeumdok.00000865
Waal2012_WritinginA,Waal,Writing in Anatolia,2012,,Walter de Gruyter GmbH,https://doi.org/10.1524/aofo.2012.0020,10.1524/aofo.2012.0020
Wasserman1994_BM78613,Wasserman,BM 78613,1994,,,https://openalex.org/W1990582630,https://doi.org/10.1371/journal.pgen.1004283
Winter1992_Idolsofthe,Winter,‘Idols of the King.’,1992,,,https://openalex.org/W912405195,https://doi.org/10.1163/ej.9789004174993.i-542.28
Winter1996_SexRhetori,Winter,"Sex, Rhetoric and the Public Monument",1996,,Oxford University Press (OUP),https://doi.org/10.1093/hwj/1996.42.169,10.1093/hwj/1996.42.169
Winter2002_DefiningAe,Winter,Defining Aesthetics for Non-Western Studies,2002,,Springer Science and Business Media LLC,https://doi.org/10.1038/sj.bdj.4801511,10.1038/sj.bdj.4801511
Unknown2017_Entrelesfl,Unknown,Entre les fleuves II,2017,,,https://openalex.org/W1514075245,https://doi.org/10.7202/033127ar
Abela-Ridder2010_Estimating,Abela-Ridder,Estimating the Burden of Human Leptospirosis,2010,,Elsevier BV,https://doi.org/10.1016/j.ijantimicag.2010.06.012,10.1016/j.ijantimicag.2010.06.012
Bandara2014_Globalizat,Bandara,Globalization of Leptospirosis through Travel and Migration,2014,,Springer Science and Business Media LLC,https://doi.org/10.1186/s12992-014-0061-0,10.1186/s12992-014-0061-0
Baermann1928_DiagnoseKl,Baermann,"Diagnose, Klinik, Epidemiologie und Therapie der kurzfristigen Weilschen Erkrankung",1928,,,https://openalex.org/W856261079,https://doi.org/10.1371/journal.pntd.0003866
Berman1973_ScrubTyphu,Berman,Scrub Typhus in South Vietnam,1973,,American College of Physicians,https://doi.org/10.7326/0003-4819-79-1-26,10.7326/0003-4819-79-1-26
Borg-Petersen1949_Experience,Borg-Petersen,Experience of Leptospirosis in Denmark,1949,,Wiley,https://doi.org/10.1111/j.1699-0463.1949.tb00755.x,10.1111/j.1699-0463.1949.tb00755.x
Borghouts1998_TheClinica,Borghouts,The Clinical Course and Prognostic Factors of Non-Specific Neck Pain: A Systematic Review,1998,,Ovid Technologies (Wolters Kluwer Health),https://doi.org/10.1016/s0304-3959(98)00058-x,10.1016/s0304-3959(98)00058-x
Broom1951_Leptospiro,Broom,Leptospirosis in England and Wales,1951,,BMJ,https://doi.org/10.1136/bmj.2.4733.689,10.1136/bmj.2.4733.689
Broom1948_WeilsDisea,Broom,Weil’s Disease,1948,,Elsevier BV,https://doi.org/10.1016/s0140-6736(48)91734-6,10.1016/s0140-6736(48)91734-6
Brown1997_BM13470119,Brown,"BM 134701 = 1966-10-14, 1 and the Hellenistic Period Eclipse Ritual from Uruk",1997,,Cambridge University Press (CUP),https://doi.org/10.1017/s0362152900012034,10.1017/s0362152900012034
Bulmer1945_WeilsDisea,Bulmer,Weil’s Disease in Normandy: Its Treatment with Penicillin,1945,,BMJ,https://doi.org/10.1136/bmj.1.4386.113,10.1136/bmj.1.4386.113
Cavigneaux1948_CasesofLep,Cavigneaux,Cases of Leptospirosis Icterohaemorrhagica in the Paris District,1948,,,https://openalex.org/W856261079,https://doi.org/10.1371/journal.pntd.0003866
Daher2009_Predictors,Daher,Predictors of Oliguric Acute Kidney Injury in Leptospirosis,2009,,S. Karger AG,https://doi.org/10.1159/000210571,10.1159/000210571
Daher1999_RiskFactor,Daher,Risk Factors for Death and Changing Patterns in Leptospirosis Acute Renal Failure,1999,,American Society of Tropical Medicine and Hygiene,https://doi.org/10.4269/ajtmh.1999.61.630,10.4269/ajtmh.1999.61.630
Dittrich2015_OrientiaRi,Dittrich,"Orientia, Rickettsia, and Leptospira Pathogens as Causes of CNS Infections in Laos",2015,,Elsevier BV,https://doi.org/10.1016/s2214-109x(14)70289-x,10.1016/s2214-109x(14)70289-x
Edwards1960_HumanLepto,Edwards,Human Leptospirosis,1960,,Ovid Technologies (Wolters Kluwer Health),https://doi.org/10.1097/00005792-196002000-00003,10.1097/00005792-196002000-00003
Fairburn1956_Chloramphe,Fairburn,Chloramphenicol and Penicillin in the Treatment of Leptospirosis among British Troops in Malaya,1956,,Elsevier BV,https://doi.org/10.1016/s0140-6736(56)91853-0,10.1016/s0140-6736(56)91853-0
Faine1982_Guidelines,Faine,Guidelines for the Control of Leptospirosis. WHO Offset Publication,1982,,Elsevier BV,https://doi.org/10.3109/00313028209092128,10.3109/00313028209092128
Fletcher1927_Leptospiro,Fletcher,"Leptospirosis, Tsutsugamushi Disease and Tropical Typhus",1927,,,https://openalex.org/W2000407166,https://doi.org/10.1016/s0035-9203(28)90019-x
Gardner1946_Laboratory,Gardner,Laboratory Diagnosis of Weil’s Disease,1946,,Elsevier BV,https://doi.org/10.1016/s0140-6736(46)91714-x,10.1016/s0140-6736(46)91714-x
Hall1951_Evaluation,Hall,Evaluation of Antibiotic Therapy in Human Leptospirosis,1951,,American College of Physicians,https://doi.org/10.7326/0003-4819-35-5-981,10.7326/0003-4819-35-5-981
Hamilton1934_WeilsDisea,Hamilton Fairley,Weil’s Disease among Sewer Workers in London,1934,,BMJ,https://doi.org/10.1136/bmj.2.3835.10,10.1136/bmj.2.3835.10
Hartskeerl2011_EmergenceC,Hartskeerl,"Emergence, Control and Re-emerging Leptospirosis: Dynamics of Infection in the Changing World",2011,,Elsevier BV,https://doi.org/10.1111/j.1469-0691.2011.03474.x,10.1111/j.1469-0691.2011.03474.x
Ido1918_Spirochaet,Ido,"Spirochaeta Hebdomadis, the Causative Agent of Seven Day Fever",1918,,Rockefeller University Press,https://doi.org/10.1084/jem.28.4.435,10.1084/jem.28.4.435
Ko1999_UrbanEpide,Ko,Urban Epidemic of Severe Leptospirosis in Brazil,1999,,Elsevier BV,https://doi.org/10.1016/s0140-6736(98)11019-x,10.1016/s0140-6736(98)11019-x
Kocen1962_Leptospiro,Kocen,Leptospirosis: A Comparison of Symptomatic and Penicillin Therapy,1962,,BMJ,https://doi.org/10.1136/bmj.1.5286.1181,10.1136/bmj.1.5286.1181
Kristensen1935_OmWeilsSyg,Kristensen,Om Weil’s Sygdom i Danmark,1935,,,,
Limmathurotsakul2012_FoolsGoldW,Limmathurotsakul,Fool’s Gold: Why Imperfect Reference Tests Are Undermining the Evaluation of Novel Diagnostics,2012,,Oxford University Press (OUP),https://doi.org/10.1093/cid/cis403,10.1093/cid/cis403
Lopes2004_Comparativ,Lopes,Comparative Study of In-Hospital Case-Fatality Rate of Leptospirosis,2004,,FapUNIFESP (SciELO),https://doi.org/10.1590/s0036-46652004000100004,10.1590/s0036-46652004000100004
Mayxay2013_CausesofNo,Mayxay,Causes of Non-Malarial Fever in Laos,2013,,Elsevier BV,https://doi.org/10.1016/s2214-109x(13)70008-1,10.1016/s2214-109x(13)70008-1
McClain1984_Doxycyclin,McClain,Doxycycline Therapy for Leptospirosis,1984,,American College of Physicians,https://doi.org/10.7326/0003-4819-100-5-696,10.7326/0003-4819-100-5-696
Molner1948_Leptospira,Molner,Leptospiral Infections: A Survey,1948,,American Medical Association (AMA),https://doi.org/10.1001/jama.1948.02890290004002,10.1001/jama.1948.02890290004002
Pappas2008_TheGlobali,Pappas,The Globalization of Leptospirosis,2008,,Elsevier BV,https://doi.org/10.1016/j.ijid.2007.09.011,10.1016/j.ijid.2007.09.011
Puliyath2012_Leptospiro,Puliyath,Leptospirosis in Pregnancy,2012,,Springer Science and Business Media LLC,https://doi.org/10.1007/s10096-012-1625-7,10.1007/s10096-012-1625-7
Reller2014_Unsuspecte,Reller,Unsuspected Leptospirosis Is a Cause of Acute Febrile Illness in Nicaragua,2014,,Public Library of Science (PLoS),https://doi.org/10.1371/journal.pntd.0002941,10.1371/journal.pntd.0002941
Ross1958_Treatmento,Ross Russell,Treatment of Leptospirosis with Oxytetracycline,1958,,Elsevier BV,https://doi.org/10.1016/s0140-6736(58)92405-x,10.1016/s0140-6736(58)92405-x
Segura2005_ClinicalSp,Segura,Clinical Spectrum of Pulmonary Involvement in Leptospirosis,2005,,Oxford University Press (OUP),https://doi.org/10.1086/427110,10.1086/427110
Silva2011_RIFLEandAK,Silva Júnior,RIFLE and AKIN Classifications Predict Mortality in Leptospirosis,2011,,Wiley,https://doi.org/10.1111/j.1440-1797.2010.01391.x,10.1111/j.1440-1797.2010.01391.x
Slot1932_Leptospiro,Slot,Leptospirosen in Bangkinang en Omgeving,1932,,,https://openalex.org/W856261079,https://doi.org/10.1371/journal.pntd.0003866
Smith1949_WeilsDisea,Smith,Weil’s Disease in the North-East of Scotland,1949,,BMJ,https://doi.org/10.1136/oem.6.4.213,10.1136/oem.6.4.213
Smythe2009_TheMicrosc,Smythe,The Microscopic Agglutination Test Is an Unreliable Predictor,2009,,American Society of Tropical Medicine and Hygiene,https://doi.org/10.4269/ajtmh.2009.09-0252,10.4269/ajtmh.2009.09-0252
Spichler2012_Comparativ,Spichler,Comparative Analysis of Severe Pediatric and Adult Leptospirosis,2012,,American Society of Tropical Medicine and Hygiene,https://doi.org/10.4269/ajtmh.2012.11-0308,10.4269/ajtmh.2012.11-0308
Hooste2007_Leptospiro,Hooste,Leptospirosis: Review of the Literature,2007,,,https://openalex.org/W3040850779,https://doi.org/10.26633/rpsp.2020.78
Vervoort1923_Spirochaet,Vervoort,Spirochaeten bij Acute Koortsige Ziekten van Onbekende Oorsprong in de Tropen,1923,,,,
Vijayachari2004_Leptospiro,Vijayachari,Leptospirosis among Schoolchildren of the Andaman & Nicobar Islands,2004,,Cambridge University Press (CUP),https://doi.org/10.1017/s0950268804002948,10.1017/s0950268804002948
Walch-Sorgdrager1939_Leptospiro,Walch-Sorgdrager,Leptospiroses,1939,,,https://openalex.org/W3009435899,https://doi.org/10.1590/1413-81232020253.16442018
Wilmaers1917_Quarantese,Wilmaers,Quarante-sept cas de spirochétose ictero-hémorragique,1917,,,,
Wilson1927_ProbableIn,Wilson,"Probable Inference, the Law of Succession, and Statistical Inference",1927,,Informa UK Limited,https://doi.org/10.1080/01621459.1927.10502953,10.1080/01621459.1927.10502953
Organization2010_Reportofth,Organization,Report of the First Meeting of the Leptospirosis Burden Epidemiology Reference Group,2010,,WTO,https://doi.org/10.30875/63407a52-en,10.30875/63407a52-en
Zaki1996_Leptospiro,Zaki,Leptospirosis Associated with Acute Febrile Illness and Pulmonary Hemorrhage,1996,,Elsevier BV,https://doi.org/10.1016/s0140-6736(96)91167-8,10.1016/s0140-6736(96)91167-8
Barberon2012_ArchibabIL,Barberon,Archibab I. Les religieuses et le culte de Marduk dans le royaume de Babylone,2012,,Elsevier BV,https://doi.org/10.1016/j.reval.2012.02.039,10.1016/j.reval.2012.02.039
Cohen1993_TheCulticC,Cohen,The Cultic Calendars of the Ancient Near East,1993,,JSTOR,https://doi.org/10.2307/20045838,10.2307/20045838
Graef2001_Unsceauave,Graef,"Un sceau avec le kišib d’Ur-Utu, grand lamentateur d’Anunītum",2001,,,,
Meyer1982_Mubabbilut,Meyer,Mubabbilūtum dans une lettre paléo-babylonienne tardive,1982,"Berlin, Heidelberg",Springer Berlin Heidelberg,https://doi.org/10.1007/bfb0092777,10.1007/bfb0092777
Dresch1989_TribesGove,Dresch,"Tribes, Government and History in Yemen",1989,,,https://openalex.org/W4388057666,https://doi.org/10.1093/oso/9780198277903.001.0001
Eidem2008_ApumaKingd,Eidem,"Apum, a Kingdom on the Old Assyrian Route",2008,,,https://openalex.org/W2803484162,https://doi.org/10.5167/uzh-151184
Janssen2012_OfWillsand,Janssen,Of Wills and Bills: On Inherited Debts in the Ur-Utu Archive,2012,,,https://openalex.org/W2329815565,
Janssen2012_TheGuardWh,Janssen,The Guard Who Molested Gentlemen ... A Letter Ana Awīlē from the Ur-Utu Archive,2012,,OMICS Publishing Group,https://doi.org/10.4172/2165-7386.1000129,10.4172/2165-7386.1000129
Kouwenberg2010_TheAkkadia,Kouwenberg,The Akkadian Verb and Its Semitic Background,2010,,Penn State University Press,https://doi.org/10.5325/j.ctv1bxh2bd,10.5325/j.ctv1bxh2bd
Landsberger1915_Derkultisc,Landsberger,Der kultische Kalender der Babylonier und Assyrer,1915,,,https://openalex.org/W602589673,
Saller1999_PaterFamil,Saller,"Pater Familias, Mater Familias, and the Gendered Semantics of the Roman Household",1999,,University of Chicago Press,https://doi.org/10.1086/449430,10.1086/449430
Tanret2005_Kubburumlo,Tanret,Kubburum loue une maison,2005,,,,
Tanret1992_Anaqabequi,Tanret,Ana qabê: qui remplace qui?,1992,,,https://openalex.org/W2467112874,
Toorn1996_FamilyReli,Toorn,"Family Religion in Babylonia, Syria and Israel: Continuity and Change in the Forms of Religious Life",1996,,JSTOR,https://doi.org/10.2307/1454942,10.2307/1454942
Veenhof1991_AssyrianCo,Veenhof,Assyrian Commercial Activities in Old Babylonian Sippar – Some New Evidence,1991,,,https://openalex.org/W2600955765,https://doi.org/10.1017/9781316226766
Veenhof2012_DasAnsehen,Veenhof,Das Ansehen eines altorientalischen Herrschers bei seinen Untertanen,2012,,,https://openalex.org/W2779085055,https://doi.org/10.5325/j.ctv1bxgx80.6
Unknown1996_HousesandH,Unknown,Houses and Households in Ancient Mesopotamia,1996,,,https://openalex.org/W600345394,
Albayrak2001_KultepeMet,Albayrak,Kültepe Metinlerinde Geçen mā’û ‘Su’ Kelimesi,2001,,,,
Alp1968_Zylinderun,Alp,Zylinder und Stempelsiegel aus Karahöyük bei Konya,1968,,,https://openalex.org/W2300653205,
Balkan1957_LetterofKi,Balkan,Letter of King Anum-Hirbi of Mama to King Warshama of Kanish,1957,,,https://openalex.org/W973499233,
Barjamovic2011_AHistorica,Barjamovic,A Historical Geography of Ancient Anatolia in the Old Assyrian Colony Period,2011,,,https://openalex.org/W1536656927,https://doi.org/10.5117/9789089640789
Barjamovic2012_UpsandDown,Barjamovic,"Ups and Downs at Kanesh: Chronology, History and Society in the Old Assyrian Period",2012,,Cambridge University Press,https://doi.org/10.1017/cbo9781139136952.004,10.1017/cbo9781139136952.004
Bilgic1964_ThreeTable,Bilgiç,Three Tablets from the City Mound of Kültepe,1964,,,,
Bilgic1992_EblainCapp,Bilgiç,‘Ebla’ in Cappadocian Inscriptions,1992,,,https://openalex.org/W4206486723,https://doi.org/10.37879/belleten.2005.759
Dassow2008_StateandSo,Dassow,State and Society in the Late Bronze Age Alalah under the Mittani Empire,2008,,,https://openalex.org/W407686161,
Dercksen1996_TheOldAssy,Dercksen,The Old Assyrian Copper Trade in Anatolia,1996,,,https://openalex.org/W2035185891,https://doi.org/10.2307/506838
Dercksen2001_WhenWeMeti,Dercksen,‘When We Met in Hattuš.’ Trade according to Old Assyrian Texts from Alishar and Boğazköy,2001,,,,
Dercksen2002_Kulturelle,Dercksen,Kultureller und wirtschaftlicher Austausch zwischen Assyrern und Anatoliern,2002,,,https://openalex.org/W2485539364,https://doi.org/10.1515/9783110266412.111
Dercksen2004_OldAssyria,Dercksen,Old Assyrian Institutions,2004,,,https://openalex.org/W562123351,
Dercksen2004_SomeElemen,Dercksen,Some Elements of Old Anatolian Society in Kaniš,2004,,,,
Dercksen2005_MetalsAcco,Dercksen,Metals According to Documents from Kültepe-Kanish,2005,,,,
Dercksen2007_OnAnatolia,Dercksen,On Anatolian Loanwords in Akkadian Texts from Kültepe,2007,,Walter de Gruyter GmbH,https://doi.org/10.1515/za.2007.002,10.1515/za.2007.002
Dercksen2008_Subsistenc,Dercksen,"Subsistence, Surplus and the Market for Grain and Meat at Ancient Kanesh",2008,,,https://openalex.org/W2002594653,https://doi.org/10.1524/aofo.2008.0008
Dercksen2008_Observatio,Dercksen,Observations on Land Use and Agriculture in Kaneš,2008,,,,
Donmez2008_AGeneralLo,Dönmez,A General Look at the Central Black Sea Region during the Middle Bronze Age,2008,,Parantez Teknologji Ltd,https://doi.org/10.22520/tubaar.2008.0005,10.22520/tubaar.2008.0005
Eidem1991_AnOldAssyr,Eidem,An Old Assyrian Treaty from Tell Leilan,1991,,,https://openalex.org/W3198454117,
Eidem2011_TheRoyalAr,Eidem,The Royal Archives from Tell Leilan,2011,,,https://openalex.org/W625235094,
Emre1995_PilgrimFla,Emre,Pilgrim-Flasks from Level I of the Kārum of Kaniš,1995,,,,
Emre1999_SyrianBott,Emre,Syrian Bottles from the Kārum of Kaniš,1999,,Wiley,https://doi.org/10.1002/(sici)1520-6750(199912)46:8<871::aid-nav1>3.0.co;2-i,10.1002/(sici)1520-6750(199912)46:8<871::aid-nav1>3.0.co;2-i
Fairbairn2006_Archaeobot,Fairbairn,Archaeobotany at Kaman Kalehöyük 2005,2006,,,,
Fairbairn2007_Archaeobot,Fairbairn,Archaeobotany at Kaman Kalehöyük (2006,2007,,,,
Forlanini1992_AmMittlere,Forlanini,Am Mittleren Kızılırmak,1992,,,,
Forlanini2006_Etapesetit,Forlanini,Étapes et itinéraires entre Aššur et l’Anatolie,2006,,,,
Garelli1963_LesAssyrie,Garelli,Les Assyriens en Cappadoce,1963,,,https://openalex.org/W2787668198,
Garelli1989_Lemarchede,Garelli,Le marché de Burušhattum,1989,,,,
Gunbatti1987_YenidenIsl,Günbattı,Yeniden İşlenen Bir Kültepe Tableti,1987,,Turk Tarih Kurumu,https://doi.org/10.37879/belleten.1987.1,10.37879/belleten.1987.1
Gunbatti2005_2000ve2001,Günbattı,2000 ve 2001 Yılı Kültepe Kazılarında Ele Geçen Bazı I-b Tabletleri,2005,,,,
Gunbatti2008_AnEponymLi,Günbattı,An Eponym List (KEL G) from Kültepe,2008,,,https://openalex.org/W2058327753,https://doi.org/10.1524/aofo.2008.0009
Hecker1991_ZurHerkunf,Hecker,Zur Herkunft der hethitischen Keilschrift,1991,"Berlin, Heidelberg",Springer Berlin Heidelberg,https://doi.org/10.1007/978-3-642-76124-9_182,10.1007/978-3-642-76124-9_182
Hecker1996_ZurHerkunf,Hecker,Zur Herkunft der hethitischen Keilschrift,1996,,Georg Thieme Verlag KG,https://doi.org/10.1055/s-2007-1015679,10.1055/s-2007-1015679
Hecker1997_UberdenEup,Hecker,Über den Euphrat,1997,,"Archivum Anatolicum, Ankara University",https://doi.org/10.1501/archv_0000000057,10.1501/archv_0000000057
Kryszat2003_ZurListede,Kryszat,Zur Liste der Schwurgötter im Assur-Apûm-Vertrag,2003,,,https://openalex.org/W57152354,https://doi.org/10.15366/isimu2003.6.005
Kryszat2006_HerrscherH,Kryszat,"Herrscher, Herrschaft und Kulttradition in Anatolien, Teil 2",2006,,Walter de Gruyter GmbH,https://doi.org/10.1524/aofo.2006.33.1.102,10.1524/aofo.2006.33.1.102
Kryszat2008_HerrscherK,Kryszat,"Herrscher, Kult und Kulttradition ... Teil 3/1",2008,,,https://openalex.org/W4246327009,https://doi.org/10.1524/aofo.2008.0012
Larsen1972_ARevoltaga,Larsen,A Revolt against Hattuša,1972,,University of Chicago Press,https://doi.org/10.2307/1359626,10.2307/1359626
Larsen2002_TheAssurna,Larsen,The Aššur-nādā Archive,2002,,,https://openalex.org/W621956964,
Lassen2010_TheTradein,Lassen,The Trade in Wool in Old Assyrian Anatolia,2010,,,https://openalex.org/W2946905941,https://doi.org/10.1007/s12520-019-00856-x
Marro2004_UpperMesop,Marro,Upper Mesopotamia and the Caucasus,2004,,,https://openalex.org/W3185880257,
Michel1991_Durhumidso,Michel,"Durhumid, son commerce et ses marchands",1991,,Institut de la gestion publique et du développement économique,https://doi.org/10.4000/books.igpde.2337,10.4000/books.igpde.2337
Michel1997_Atableavec,Michel,À table avec les marchands paléo-assyriens,1997,,PERSEE Program,https://doi.org/10.3406/ktema.1997.2185,10.3406/ktema.1997.2185
Michel2002_Nouvellesd,Michel,Nouvelles données pour la chronologie du IIe millénaire,2002,,BRILL,https://doi.org/10.1163/9789004453555_014,10.1163/9789004453555_014
Michel2004_Theperdumm,Michel,Theperdum-mule,2004,,,,
Michel2006_Femmesetpr,Michel,Femmes et production textile à Aššur,2006,,Presses universitaires du Septentrion,https://doi.org/10.4000/books.septentrion.56175,10.4000/books.septentrion.56175
Michel2006_Lessuidesd,Michel,Les suidés dans la documentation de Kaniš,2006,,OpenEdition,https://doi.org/10.4000/strates.2092,10.4000/strates.2092
Michel2008_Nouvellesd,Michel,Nouvelles données de géographie historique anatolienne,2008,,PERSEE Program,https://doi.org/10.3406/galia.2008.3336,10.3406/galia.2008.3336
Michel2008_Lesperegri,Michel,Les pérégrinations des marchands assyriens,2008,,CAIRN.INFO,https://doi.org/10.3917/cdg.018.0125,10.3917/cdg.018.0125
Michel2008_Etainetcui,Michel,Étain et cuivre dans les archives commerciales,2008,,CAIRN,https://doi.org/10.3917/commu.083.0077,10.3917/commu.083.0077
Michel2008_LesAssyrie,Michel,Les Assyriens et leurs femmes anatoliennes,2008,,Ouvroir,https://doi.org/10.57086/cpe.116,10.57086/cpe.116
Michel2010_Lescomptoi,Michel,Les comptoirs de commerce assyriens en Anatolie,2010,,Penn State University Press,https://doi.org/10.1515/9781575066394-014,10.1515/9781575066394-014
Michel2010_Deuxtextes,Michel,Deux textes atypiques découverts à Kültepe,2010,,University of Chicago Press,https://doi.org/10.1086/jcs41103872,10.1086/jcs41103872
Michel2012_Subartu,Michel,Subartu,2012,,,https://openalex.org/W2068079265,https://doi.org/10.1515/9783111523224
Michel1996_Heurtsavec,Michel,Heurts avec une principauté anatolienne,1996,,PERSEE Program,https://doi.org/10.3406/textu.1996.1377,10.3406/textu.1996.1377
Michel2010_TheTextile,Michel,The Textiles Traded by the Assyrians in Anatolia,2010,,,https://openalex.org/W2595272510,
Miller2001_AnumHirbia,Miller,Anum-Hirbi and His Kingdom,2001,,Walter de Gruyter GmbH,https://doi.org/10.1524/aofo.2001.28.1.65,10.1524/aofo.2001.28.1.65
Muller-Karpe1994_Altanatoli,Müller-Karpe,Altanatolisches Metallhandwerk,1994,,,https://openalex.org/W2752371575,https://doi.org/10.1515/prhz.1997.72.2.251
Nicola1999_AssyrianCo,Nicola,Assyrian Colony Period Fauna from Acemhöyük,1999,,Elsevier BV,https://doi.org/10.1016/s0145-2126(99)00123-x,10.1016/s0145-2126(99)00123-x
Ozguc1965_TheAnatoli,Özgüç,The Anatolian Group of Cylinder Seal Impressions from Kültepe,1965,,,https://openalex.org/W2301710020,
Ozguc1986_KultepeKan,Özgüç,Kültepe-Kaniš II,1986,,,https://openalex.org/W857486553,https://doi.org/10.5615/jcunestud.67.2015.0023
Ozguc2006_SealImpres,Özgüç,Seal Impressions on the Clay Envelopes from the Archives of Peruwa and Usur-ša-Ištar,2006,,,,
Sagona2009_AncientTur,Sagona,Ancient Turkey,2009,,ANU Press,https://doi.org/10.22459/ta28.02.2009.09,10.22459/ta28.02.2009.09
Sturm2001_PuzurAnnae,Sturm,Puzur-Annā – ein Schmied des Kārum Kaniš,2001,Wiesbaden,VS Verlag für Sozialwissenschaften,https://doi.org/10.1007/978-3-322-85153-6_4,10.1007/978-3-322-85153-6_4
Sturm2008_AllanuHase,Sturm,Allanu – Haselnüsse als Delikatesse,2008,,Springer Science and Business Media LLC,https://doi.org/10.1365/s11576-008-0045-x,10.1365/s11576-008-0045-x
Veenhof2006_Travelingi,Veenhof,Traveling in Ancient Anatolia,2006,,,https://openalex.org/W2761556388,
Veenhof2008_AcrosstheE,Veenhof,Across the Euphrates,2008,,,https://openalex.org/W1982790620,https://doi.org/10.1016/0040-1951(93)90235-c
Veenhof2008_SomeDispla,Veenhof,Some Displaced Tablets from Kārum Kanesh,2008,,Oxford University Press (OUP),https://doi.org/10.2522/ptj.20070308,10.2522/ptj.20070308
Veenhof0_OldAssyria,Veenhof,Old Assyrian Traders in War and Peace,0000,,,https://openalex.org/W2033996650,https://doi.org/10.1525/aa.1998.100.3.690
Wilhelm2008_Hurriansin,Wilhelm,Hurrians in the Kültepe Texts,2008,,,https://openalex.org/W4417432168,https://doi.org/10.46931/aran.1694847
Yakar1998_Environmen,Yakar,Environmental Factors Affecting Urbanisation in Bronze Age Anatolia,1998,,,https://openalex.org/W1536656927,https://doi.org/10.5117/9789089640789
Yakar2000_Ethnoarcha,Yakar,Ethnoarchaeology of Anatolia. Tel Aviv University Monograph Series 17,2000,,,https://openalex.org/W2317897702,https://doi.org/10.1086/422278
Bennis1997_TheUnitedN,Bennis,The United Nations and Palestine: Partition and Its Aftermath,1997,,,https://openalex.org/W2886787713,
Theobald2006_Incidentso,Theobald,Incidents on Mount Scopus: UNTSO Effectiveness and the 1958 Death of Lieutenant Colonel George Flint,2006,,Informa UK Limited,https://doi.org/10.1080/00263200600828055,10.1080/00263200600828055
Urquhart1980_UnitedNati,Urquhart,United Nations Peace-Keeping in the Middle East,1980,,,https://openalex.org/W4407288585,https://doi.org/10.1163/9789004641006_021
al-Husseini2000_UNRWAandth,al-Husseini,UNRWA and the Palestinian Nation-Building Process,2000,,Informa UK Limited,https://doi.org/10.2307/2676536,10.2307/2676536
Sinai1995_UnitedNati,Sinai,United Nations’ and Non-United Nations’ Peace-Keeping in the Arab-Israeli Sector: Five Scenarios,1995,"Fort Belvoir, VA",Defense Technical Information Center,https://doi.org/10.21236/ada299938,10.21236/ada299938
Sharland2018_TheEmergin,Sharland,The Emerging Need for Peacekeeping Policy,2018,,,https://openalex.org/W4225105833,https://doi.org/10.55163/lcls7037
Srinivas2000_RoleofUnit,Srinivas,Role of United Nations in Conflict Resolutions: The Case of Middle East,2000,,Cambridge University Press (CUP),https://doi.org/10.1258/0022215001905120,10.1258/0022215001905120
Binnendijk2016_InSearchof,Binnendijk,In Search of a Middle East Partnership Strategy,2016,,,https://openalex.org/W97950876,
Husain2007_TheUnitedS,Husain,"The United States and the Failure of UN Collective Security: Palestine, Kashmir, and Indonesia, 1947–1948",2007,,Cambridge University Press (CUP),https://doi.org/10.1017/s0002930000029808,10.1017/s0002930000029808
Alaaldin2019_Shapingthe,Alaaldin,Shaping the Political Order of the Middle East: Crisis and Opportunity,2019,,,https://openalex.org/W2144231416,https://doi.org/10.5860/choice.38-3979
Katz2019_WhentheFri,Katz,When the Friend of My Friends Is Not My Friend: The United States,2019,,IGI Global,https://doi.org/10.4018/978-1-5225-7122-3.ch032,10.4018/978-1-5225-7122-3.ch032
News2020_TheUnitedN,News,The United Nations Assistance Agency for Palestine Refugees Is on the Brink of a Cash Crisis,2020,,American Association for the Advancement of Science (AAAS),https://doi.org/10.1126/science.368.6486.17,10.1126/science.368.6486.17
Bedford2002_VinesANewG,Bedford,Vines: A New Graphical Model for Dependent Random Variables,2002,,Institute of Mathematical Statistics,https://doi.org/10.1214/aos/1031689016,10.1214/aos/1031689016
Cooke1997_MarkovandE,Cooke,Markov and Entropy Properties of Tree- and Vine-Dependent Variables,1997,,Oxford University Press (OUP),https://doi.org/10.4049/jimmunol.159.4.2026,10.4049/jimmunol.159.4.2026
Cooke2011_Microcorre,Cooke,Microcorrelations and Tail Dependence,2011,,Informa UK Limited,https://doi.org/10.1080/09654313.2011.618685,10.1080/09654313.2011.618685
Hanea2016_TheAsympto,Hanea,The Asymptotic Distribution of the Determinant of a Random Correlation Matrix,2016,,,https://openalex.org/W2963727577,https://doi.org/10.1111/stan.12113
Holmes1991_OnRandomCo,Holmes,On Random Correlation Matrices,1991,,Society for Industrial & Applied Mathematics (SIAM),https://doi.org/10.1137/0612019,10.1137/0612019
Hotelling1936_Relationsb,Hotelling,Relations between Two Sets of Variates,1936,,Oxford University Press (OUP),https://doi.org/10.1093/biomet/28.3-4.321,10.1093/biomet/28.3-4.321
Houghton2009_Importance,Houghton,Importance of Biomass in the Global Carbon Cycle,2009,,American Geophysical Union (AGU),https://doi.org/10.1029/2009jg000935,10.1029/2009jg000935
Joe2006_Generating,Joe,Generating Random Correlation Matrices Based on Partial Correlations,2006,,Elsevier BV,https://doi.org/10.1016/j.jmva.2005.05.010,10.1016/j.jmva.2005.05.010
Kendall1967_TheAdvance,Kendall,The Advanced Theory of Statistics,1967,,JSTOR,https://doi.org/10.2307/2335072,10.2307/2335072
Koch2006_Intraclass,Koch,Intraclass Correlation Coefficient,2006,,Wiley,https://doi.org/10.1002/app.23708,10.1002/app.23708
Kousky2011_TheLimitso,Kousky,"The Limits of Securitization: Micro-correlations, Fat Tails and Tail Dependence",2011,,,https://openalex.org/W4230327943,https://doi.org/10.1093/rfs/hhw088
Lewandowski2009_Generating,Lewandowski,Generating Random Correlation Matrices Based on Vines and Extended Onion Method,2009,,Elsevier BV,https://doi.org/10.1016/j.jmva.2009.04.008,10.1016/j.jmva.2009.04.008
Nguyen2014_RandomMatr,Nguyen,Random Matrices: Law of the Determinant,2014,,Institute of Mathematical Statistics,https://doi.org/10.1214/12-aop791,10.1214/12-aop791
Weisbin2014_ASystemsEn,Weisbin,A Systems Engineering Approach to Estimating Uncertainty in Above-Ground Biomass Derived from Remote-Sensing Data,2014,,,https://openalex.org/W2083179912,https://doi.org/10.1002/sys.21275
Beaulieu1996_TheHorosco,Beaulieu,The Horoscope of Anu-bēlšunu,1996,,University of Chicago Press,https://doi.org/10.2307/1359772,10.2307/1359772
Unknown1983_Lettersfro,Unknown,Letters from Assyrian Scholars to the Kings Esarhaddon and Assurbanipal. Part II: Commentary and Appendices,1983,,,https://openalex.org/W2110577271,https://doi.org/10.1017/s0041977x00033413
Pearce2000_TheActivit,Pearce,"The Activities of Anu-bēlšunu, Seleucid Scribe",2000,,,,
Steele2000_A3405AnUnu,Steele,A3405: An Unusual Astronomical Text from Uruk,2000,,Springer Science and Business Media LLC,https://doi.org/10.1007/s004070000021,10.1007/s004070000021
Ali-Yaseen2008_TheArchive,Ali-Yaseen,The Archive of a Palace Scribe and Other Officials in the Queen’s Household from the North-West Palace at Kalhu (Nimrud,2008,,University of Mosul,https://doi.org/10.33899/edusj.2008.56031,10.33899/edusj.2008.56031
Al-Naqshbandi1973_TheIraqMus,Al-Naqshbandi,"The Iraq Museum Laboratory, Baghdad",1973,,Informa UK Limited,https://doi.org/10.1179/sic.1973.003,10.1179/sic.1973.003
Unknown1913_NoteSprech,Unknown,"Note.” Sprechsaal für Keramik, Glas, Email",1913,,,,
Unknown2008_BeyondBaby,Unknown,"Beyond Babylon: Art, Trade and Diplomacy in the Second Millennium B.C",2008,,,https://openalex.org/W616043872,https://doi.org/10.5860/choice.46-6589
Bateman1966_TheTreatme,Bateman,The Treatment of Cuneiform Tablets in the British Museum,1966,,,https://openalex.org/W2089760161,https://doi.org/10.1016/s0040-6031(00)00623-7
Blackman2003_ChemicalCh,Blackman,"Chemical Characterization of Tablets, Sealing Clays, and Clay Sources from Tell Leilan, Syria",2003,,SAGE Publications,https://doi.org/10.1177/1088767902239245,10.1177/1088767902239245
Borger1991_EinBriefSi,Borger,Ein Brief Sîn-idinnams von Larsa an den Sonnengott sowie Bemerkungen über ‘Joins’ und das ‘Joinen’,1991,Wiesbaden,VS Verlag für Sozialwissenschaften,https://doi.org/10.1007/978-3-663-11474-1_7,10.1007/978-3-663-11474-1_7
Budge1920_ByNileandT,Budge,By Nile and Tigris,1920,,JSTOR,https://doi.org/10.2307/1781544,10.2307/1781544
Budge1925_TheRiseand,Budge,The Rise and Progress of Assyriology,1925,,,https://openalex.org/W618303552,
Thompson1933_TheBritish,Thompson,"The British Museum Excavations at Nineveh, 1931–32",1933,,JSTOR,https://doi.org/10.2307/3854866,10.2307/3854866
Cartwright2011_Investigat,Cartwright,Investigating Technological and Environmental Evidence from Plant Remains and Molluscs in Cuneiform Tablets,2011,,Elsevier BV,https://doi.org/10.1016/j.cageo.2011.02.013,10.1016/j.cageo.2011.02.013
Crawford1966_Processing,Crawford,Processing Clay Tablets in the Field,1966,,Informa UK Limited,https://doi.org/10.1080/00207216608937917,10.1080/00207216608937917
Unknown1995_ArtandEmpi,Unknown,Art and Empire: Treasures from Assyria in the British Museum,1995,"New York, New York, USA",ACM Press,https://doi.org/10.1145/224486.881350,10.1145/224486.881350
Delougaz1933_PlanoConve,Delougaz,Plano-Convex Bricks and the Methods of Their Employment; The Treatment of Clay Tablets in the Field,1933,,,https://openalex.org/W594696796,
Dowman1970_Conservati,Dowman,Conservation in Field Archaeology,1970,,,https://openalex.org/W1965155320,
Evans1935_ThePalaceo,Evans,The Palace of Minos,1935,,,https://openalex.org/W282730484,https://doi.org/10.11588/diglit.1752
Fales1987_NeoAssyria,Fales,Neo-Assyrian Texts and Fragments from Copenhagen,1987,,JSTOR,https://doi.org/10.2307/603465,10.2307/603465
Fales2015_EditorialT,Fales,Editorial: Twenty Volumes of Neo-Assyrian Studies Later,2015,,,https://openalex.org/W3118749491,https://doi.org/10.1515/9783110714333-002
Field1929_TheFieldMu,Field,"The Field Museum–Oxford University Expedition to Kish, Mesopotamia 1923–1929",1929,Chicago,Field Museum of Natural History,https://doi.org/10.5962/bhl.title.3492,10.5962/bhl.title.3492
Finkel2013_TheCyrusCy,Finkel,The Cyrus Cylinder: The Babylonian Perspective,2013,,I.B.Tauris,https://doi.org/10.5040/9780755623570.ch-001,10.5040/9780755623570.ch-001
Foster2006_TheBeginni,Foster,The Beginnings of Assyriology in the United States,2006,,Monthly Review Foundation,https://doi.org/10.14452/mr-058-03-2006-07_1,10.14452/mr-058-03-2006-07_1
Foster2013_AlbertTCla,Foster,Albert T. Clay and His Babylonian Collection,2013,,Oxford University Press,https://doi.org/10.1093/acref/9780195301731.013.34197,10.1093/acref/9780195301731.013.34197
Gadd1926_Tabletsfro,Gadd,Tablets from Kirkuk,1926,,,https://openalex.org/W3082547708,https://doi.org/10.32894/kujss.2019.14.3.7
Gibson1972_TheArchaeo,Gibson,The Archaeological Uses of Cuneiform Documents,1972,,JSTOR,https://doi.org/10.2307/4199939,10.2307/4199939
Gilberg1987_FriedrichR,Gilberg,Friedrich Rathgen: The Father of Modern Archaeological Conservation,1987,,Informa UK Limited,https://doi.org/10.1179/019713687806027843,10.1179/019713687806027843
Goren2002_Petrograph,Goren,Petrographic Investigation of the Amarna Tablets,2002,,University of Chicago Press,https://doi.org/10.2307/3210884,10.2307/3210884
Grayson2014_TheRoyalIn,Grayson,"The Royal Inscriptions of Sennacherib, King of Assyria (704–681 BC",2014,,,https://openalex.org/W641086971,https://doi.org/10.1515/9781575066790
Grenfell1929_LabradorLo,Grenfell,Labrador Looks at the Orient,1929,,JSTOR,https://doi.org/10.2307/1783803,10.2307/1783803
Guinan1976_NippurReba,Guinan,Nippur Rebaked,1976,,,https://openalex.org/W217103143,
Gurney1952_TheSultant,Gurney,The Sultantepe Tablets: A Preliminary Note,1952,,Cambridge University Press (CUP),https://doi.org/10.2307/3642365,10.2307/3642365
Hall1930_ASeasonsWo,Hall,A Season’s Work at Ur,1930,,JSTOR,https://doi.org/10.2307/4421203,10.2307/4421203
Heuzey1912_Lesconstru,Heuzey,Les constructions de Tello,1912,,PERSEE Program,https://doi.org/10.3406/crai.1912.73042,10.3406/crai.1912.73042
Hogarth1923_Reportofth,Hogarth,Report of the Keeper of the Ashmolean,1923,,,https://openalex.org/W4298721764,https://doi.org/10.1017/cbo9781139161954
Hunger1970_DasArchivd,Hunger,Das Archiv des Nabû-ušallim,1970,,,,
Jeyes2000_GallBladde,Jeyes,Gall-Bladder Omens,2000,,,https://openalex.org/W2334039354,https://doi.org/10.2307/4200473
Johns1911_AListofthe,Johns,"A List of the Year-Names of the First Dynasty of Babylon, Part I",1911,,,https://openalex.org/W4300750523,https://doi.org/10.5962/bhl.title.68064
Kelly2011_ANeoAssyri,Kelly,A Neo-Assyrian Relief in the Weingreen Museum,2011,,Project MUSE,https://doi.org/10.3318/priac.2011.112.01,10.3318/priac.2011.112.01
King1914_Catalogueo,King,Catalogue of the Cuneiform Tablets in the Kouyunjik Collection... Supplement,1914,"Minneapolis, Minn. :","Northrup, King & Co.,",https://doi.org/10.5962/bhl.title.107879,10.5962/bhl.title.107879
Kraus1947_DieIstanbu,Kraus,Die Istanbuler Tontafelsammlung,1947,,University of Chicago Press,https://doi.org/10.2307/1359258,10.2307/1359258
Lambert1957_ThreeUnpub,Lambert,Three Unpublished Fragments,1957,,,https://openalex.org/W2147148359,https://doi.org/10.1093/heapol/czp026
Lambert1965_AMiddleAss,Lambert,A Middle Assyrian Tablet of Incantations,1965,,,https://openalex.org/W1965290489,https://doi.org/10.2307/4199863
Lambert1992_CatalogueT,Lambert,Catalogue... Third Supplement,1992,,JSTOR,https://doi.org/10.2307/215373,10.2307/215373
Lambert1966_SecondSupp,Lambert,Second Supplement,1966,,Springer Science and Business Media LLC,https://doi.org/10.1007/bf01222072,10.1007/bf01222072
Layard1849_Ninevehand,Layard,Nineveh and Its Remains,1849,,,https://openalex.org/W602778141,https://doi.org/10.1017/cbo9781107300552
Layard1853_Discoverie,Layard,Discoveries in the Ruins of Nineveh and Babylon,1853,New York,Putnam,https://doi.org/10.5962/bhl.title.50310,10.5962/bhl.title.50310
Leach2000_Papyrus,Leach,Papyrus,2000,,,https://openalex.org/W387410681,https://doi.org/10.1515/9783112615263-011
Loftus1857_Travelsand,Loftus,Travels and Researches in Chaldaea and Susiana,1857,,,https://openalex.org/W4247664952,https://doi.org/10.1017/cbo9781139923361
Lucas1932_Antiquitie,Lucas,Antiquities: Their Restoration and Preservation,1932,,,https://openalex.org/W2013995882,https://doi.org/10.1353/jla.0.0052
McCall2008_MaxMallowa,McCall,Max Mallowan at Nimrud,2008,,,https://openalex.org/W2775529670,
Maidman1999_TheUnivers,Maidman,The University of Chicago Nuzi Texts,1999,,,https://openalex.org/W1977140766,
Mallowan1947_Excavation,Mallowan,Excavations at Brak and Chagar Bazar,1947,,JSTOR,https://doi.org/10.2307/4199532,10.2307/4199532
Millard2005_OnlyFragme,Millard,Only Fragments from the Past,2005,,Informa UK Limited,https://doi.org/10.1080/0954025042000301302,10.1080/0954025042000301302
Oates1965_TellalRima,Oates,"Tell al-Rimah, 1964",1965,,Cambridge University Press (CUP),https://doi.org/10.1017/s0021088900009098,10.1017/s0021088900009098
Oates2001_NimrudAnAs,Oates,Nimrud: An Assyrian Imperial City Revealed,2001,,,https://openalex.org/W2069056407,https://doi.org/10.5860/choice.39-6590
Packard1939_TheCleanin,Packard,The Cleaning of a Babylonian Tablet,1939,,,https://openalex.org/W1982119023,https://doi.org/10.1021/ar800143a
Parkinson1950_Preservati,Parkinson,Preservation of Cuneiform Tablets,1950,,,https://openalex.org/W2102131270,https://doi.org/10.1109/im.2003.1240266
Parrot1953_Archeologi,Parrot,Archéologie mésopotamienne,1953,,,https://openalex.org/W2992146625,
Petrie1888_TheTreatme,Petrie,The Treatment of Small Antiquities,1888,,Informa UK Limited,https://doi.org/10.1080/00665983.1888.10852309,10.1080/00665983.1888.10852309
Plenderleith1934_ThePreserv,Plenderleith,The Preservation of Antiquities,1934,,,https://openalex.org/W1539781824,
Rassam1897_Asshurandt,Rassam,Asshur and the Land of Nimrod,1897,,,https://openalex.org/W2316749414,https://doi.org/10.2307/4200255
Rathgen1898_DieKonserv,Rathgen,Die Konservierung von Altertumsfunden,1898,,,https://openalex.org/W2480782574,https://doi.org/10.1515/9783111339047
Reade1975_Sourcesfor,Reade,Sources for Sennacherib,1975,,University of Chicago Press,https://doi.org/10.2307/1359321,10.2307/1359321
Reade1998_AssyrianSc,Reade,Assyrian Sculpture,1998,,Peeters Publishers,https://doi.org/10.2143/ia.33.0.519124,10.2143/ia.33.0.519124
Saggs1968_TellalRima,Saggs,"Tell al-Rimah Tablets, 1965",1968,,JSTOR,https://doi.org/10.2307/4199849,10.2307/4199849
Smith1875_AssyrianDi,Smith,Assyrian Discoveries,1875,,,https://openalex.org/W1567923967,https://doi.org/10.1017/cbo9781139979740
Thickett1998_Investigat,Thickett,Investigation of White Bloom on Cuneiform Tablets,1998,,,https://openalex.org/W2069886199,https://doi.org/10.1155/2014/525340
Walker2008_TheArchive,Walker,The Archives of Nimrud,2008,,,https://openalex.org/W644749394,
Wilson2002_TheBritish,Wilson,The British Museum: A History,2002,,Oxford University Press (OUP),https://doi.org/10.2307/2700945,10.2307/2700945
Wiseman1968_TellalRima,Wiseman,"Tell al-Rimah Tablets, 1966",1968,,JSTOR,https://doi.org/10.2307/4199850,10.2307/4199850
Woolley1937_DiggingUpt,Woolley,Digging Up the Past,1937,,,https://openalex.org/W1503806220,
Yao2012_Pollensand,Yao,Pollens and Phytoliths from Fired Ancient Potsherds,2012,,Public Library of Science (PLoS),https://doi.org/10.1371/journal.pone.0039780,10.1371/journal.pone.0039780
